calibration_peak_state_bytes,calibration_size,clean_marginal_attenuation_rate,clean_target_correlation_error,clean_target_scale_scatter_error,contaminated_calibration_rows,contaminated_cells,diagnostics,effective_n,elapsed_seconds,k,marginal_clipped_coordinates,marginal_lambda,marginal_retained_contamination_rate,method,n,output_bytes,p,parallel_clipped_rows,parallel_lambda,rank,residual_clipped_rows,residual_lambda,scenario,seed,spectrum,state_bytes,status,subspace_error,throughput_rows_per_second,tier,transformed_target_compression_error,transformed_target_scatter_compression_error
0,512,0.0027058333333333335,3.005754385503536,0.9981381132522308,0,0,{'qualification': 'offline exact-MAD oracle ablation'},6000,0.290142592,10,0,3.0,,exact_mad_fd,6000,336000,200,0,4.0,10,0,1.5,clean,500,strong,355200,completed,0.7832227394778758,20679.487139895686,oracle_ablation,3.009604637652983,0.9981299619197531
0,512,0.0027058333333333335,3.2441395362251737,0.8565092113089195,0,0,{'qualification': 'offline exact-MAD oracle ablation'},6000,0.312893799,20,0,3.0,,exact_mad_fd,6000,336000,200,0,4.0,10,0,1.5,clean,500,strong,387200,completed,0.46404541408295297,19175.835440573883,oracle_ablation,3.249617760427839,0.8559216721506133
0,512,0.0027058333333333335,2.20445494925829,0.5634715289726951,0,0,{'qualification': 'offline exact-MAD oracle ablation'},6000,0.423218533,40,0,3.0,,exact_mad_fd,6000,336000,200,0,4.0,10,0,1.5,clean,500,strong,451200,completed,0.1625409168266458,14177.072911880256,oracle_ablation,2.208095460567013,0.5617742083827121
0,512,0.0009145110988809393,3.5687283547258963,0.9974272968372997,0,109800,{'qualification': 'offline exact-MAD oracle ablation'},6000,0.247436156,10,0,3.0,0.23867941712204008,exact_mad_fd,6000,336000,200,0,4.0,10,0,1.5,casewise_cauchy,500,strong,355200,completed,0.9140637934017163,24248.679323970748,oracle_ablation,4.575478544066703,0.9971921464966418
0,512,0.0009145110988809393,2.407579561340832,0.9915554405750703,0,109800,{'qualification': 'offline exact-MAD oracle ablation'},6000,0.312002657,20,0,3.0,0.23867941712204008,exact_mad_fd,6000,336000,200,0,4.0,10,0,1.5,casewise_cauchy,500,strong,387200,completed,0.9269957200139206,19230.60546244002,oracle_ablation,3.0588831858769026,0.9921945711786796
0,512,0.0009145110988809393,1.8923050603351366,0.7961167716022105,0,109800,{'qualification': 'offline exact-MAD oracle ablation'},6000,0.457267843,40,0,3.0,0.23867941712204008,exact_mad_fd,6000,336000,200,0,4.0,10,0,1.5,casewise_cauchy,500,strong,451200,completed,0.5670904219116725,13121.412519707843,oracle_ablation,2.8322194381249335,0.8771108872861267
0,512,0.0009401660012125848,3.170334005952479,0.9990829023278435,0,109767,{'qualification': 'offline exact-MAD oracle ablation'},6000,0.281179493,10,0,3.0,0.23786748294113896,exact_mad_fd,6000,336000,200,0,4.0,10,0,1.5,cellwise_cauchy,500,strong,355200,completed,0.9017126621068138,21338.68276090817,oracle_ablation,4.348697598812647,0.9992748412748349
0,512,0.0009401660012125848,2.2000737181255534,0.9958269354840849,0,109767,{'qualification': 'offline exact-MAD oracle ablation'},6000,0.345751781,20,0,3.0,0.23786748294113896,exact_mad_fd,6000,336000,200,0,4.0,10,0,1.5,cellwise_cauchy,500,strong,387200,completed,0.8174479433261255,17353.489785783637,oracle_ablation,3.1172517398184745,0.997027359478658
0,512,0.0009401660012125848,2.591886691515937,0.8460985474687447,0,109767,{'qualification': 'offline exact-MAD oracle ablation'},6000,0.474153701,40,0,3.0,0.23786748294113896,exact_mad_fd,6000,336000,200,0,4.0,10,0,1.5,cellwise_cauchy,500,strong,451200,completed,0.4507258051154582,12654.124574680902,oracle_ablation,4.000099248704845,0.9103805055579262
0,512,0.005066960190790681,3.1841335393951398,0.9983801866849923,0,109800,{'qualification': 'offline exact-MAD oracle ablation'},6000,0.276695959,10,0,3.0,1.0,exact_mad_fd,6000,336000,200,0,4.0,10,0,1.5,bounded_out_of_subspace,500,strong,355200,completed,0.8071083595607427,21684.451127094344,oracle_ablation,2.8349550817286544,0.997381784944498
0,512,0.005066960190790681,3.563033143733425,0.9119554724886911,0,109800,{'qualification': 'offline exact-MAD oracle ablation'},6000,0.363209419,20,0,3.0,1.0,exact_mad_fd,6000,336000,200,0,4.0,10,0,1.5,bounded_out_of_subspace,500,strong,387200,completed,0.5389650422804588,16519.395384952833,oracle_ablation,3.1332801165386983,0.8248362644351139
0,512,0.005066960190790681,2.272313548689026,0.6819904302716845,0,109800,{'qualification': 'offline exact-MAD oracle ablation'},6000,0.383143209,40,0,3.0,1.0,exact_mad_fd,6000,336000,200,0,4.0,10,0,1.5,bounded_out_of_subspace,500,strong,451200,completed,0.35623710901462363,15659.940876049823,oracle_ablation,1.967680074018574,0.5206594072836445
0,512,0.004083654375343974,7.6062040177593095,0.936176564291964,0,109800,{'qualification': 'offline exact-MAD oracle ablation'},6000,0.279019166,10,0,3.0,1.0,exact_mad_fd,6000,336000,200,0,4.0,10,0,1.5,in_subspace_leverage,500,strong,355200,completed,0.8550865641532437,21503.899126413417,oracle_ablation,5.4926405006046,0.709660873517919
0,512,0.004083654375343974,5.0756960182474815,0.9499882868520874,0,109800,{'qualification': 'offline exact-MAD oracle ablation'},6000,0.3038075,20,0,3.0,1.0,exact_mad_fd,6000,336000,200,0,4.0,10,0,1.5,in_subspace_leverage,500,strong,387200,completed,0.562039114851379,19749.347860075868,oracle_ablation,3.5140821758347767,0.574412423575797
0,512,0.004083654375343974,3.052757428631214,0.8294383913677539,0,109800,{'qualification': 'offline exact-MAD oracle ablation'},6000,0.469839699,40,0,3.0,1.0,exact_mad_fd,6000,336000,200,0,4.0,10,0,1.5,in_subspace_leverage,500,strong,451200,completed,0.2218020653588756,12770.312965827095,oracle_ablation,1.9827119119663574,0.3740577688825405
0,512,0.004699137772885709,3.3795083492468523,0.9984728991735281,0,109800,{'qualification': 'offline exact-MAD oracle ablation'},6000,0.276845373,10,0,3.0,0.9601457194899817,exact_mad_fd,6000,336000,200,0,4.0,10,0,1.5,mixed,500,strong,355200,completed,0.8100533469760793,21672.747985569546,oracle_ablation,3.146401321370549,0.9973898169681417
0,512,0.004699137772885709,3.502185292135454,0.9116525372345265,0,109800,{'qualification': 'offline exact-MAD oracle ablation'},6000,0.349889377,20,0,3.0,0.9601457194899817,exact_mad_fd,6000,336000,200,0,4.0,10,0,1.5,mixed,500,strong,387200,completed,0.547041723667029,17148.277125315526,oracle_ablation,3.2349841411031717,0.8503219513317797
0,512,0.004699137772885709,2.2424509826433403,0.669196781316166,0,109800,{'qualification': 'offline exact-MAD oracle ablation'},6000,0.446024769,40,0,3.0,0.9601457194899817,exact_mad_fd,6000,336000,200,0,4.0,10,0,1.5,mixed,500,strong,451200,completed,0.35498623291737963,13452.167720308824,oracle_ablation,2.0617355921539655,0.5474180118703649
0,512,0.002765,4.694652244750191,0.999423714758833,0,0,{'qualification': 'offline exact-MAD oracle ablation'},6000,0.293619912,10,0,3.0,,exact_mad_fd,6000,336000,200,0,4.0,10,0,1.5,clean,500,weak,355200,completed,0.9455549760144154,20434.581425799217,oracle_ablation,4.703369855704241,0.9994218910793421
0,512,0.002765,3.2717407919510544,0.9982459937041374,0,0,{'qualification': 'offline exact-MAD oracle ablation'},6000,0.364582509,20,0,3.0,,exact_mad_fd,6000,336000,200,0,4.0,10,0,1.5,clean,500,weak,387200,completed,0.9221211786047215,16457.180067297195,oracle_ablation,3.27860455157437,0.9982418356004006
0,512,0.002765,2.503117474750679,0.992886927750181,0,0,{'qualification': 'offline exact-MAD oracle ablation'},6000,0.448748755,40,0,3.0,,exact_mad_fd,6000,336000,200,0,4.0,10,0,1.5,clean,500,weak,451200,completed,0.7541973112756257,13370.510632391615,oracle_ablation,2.509317727767069,0.9928632392071467
0,512,0.00089157952669235,4.752171256784825,0.9926711175722819,0,109800,{'qualification': 'offline exact-MAD oracle ablation'},6000,0.25722457,10,0,3.0,0.21249544626593808,exact_mad_fd,6000,336000,200,0,4.0,10,0,1.5,casewise_cauchy,500,weak,355200,completed,0.9592012122760539,23325.921003580646,oracle_ablation,4.756295609178858,0.9946924047394107
0,512,0.00089157952669235,3.4613502029916625,0.987214513881901,0,109800,{'qualification': 'offline exact-MAD oracle ablation'},6000,0.293443283,20,0,3.0,0.21249544626593808,exact_mad_fd,6000,336000,200,0,4.0,10,0,1.5,casewise_cauchy,500,weak,387200,completed,0.9682024943583496,20446.88138252597,oracle_ablation,3.4405632227100087,0.9908010369830362
0,512,0.00089157952669235,2.4523846150313555,0.9712163606001724,0,109800,{'qualification': 'offline exact-MAD oracle ablation'},6000,0.452729265,40,0,3.0,0.21249544626593808,exact_mad_fd,6000,336000,200,0,4.0,10,0,1.5,casewise_cauchy,500,weak,451200,completed,0.9595388581452106,13252.953727212665,oracle_ablation,2.4018455674603123,0.9791506880638945
0,512,0.0008871461965556343,4.549945412942981,0.9990268478642566,0,109988,{'qualification': 'offline exact-MAD oracle ablation'},6000,0.28862601,10,0,3.0,0.2128595846819653,exact_mad_fd,6000,336000,200,0,4.0,10,0,1.5,cellwise_cauchy,500,weak,355200,completed,0.9609264555892534,20788.14726365098,oracle_ablation,4.719761705541438,0.9994022889146744
0,512,0.0008871461965556343,3.24938445293465,0.9970667330767069,0,109988,{'qualification': 'offline exact-MAD oracle ablation'},6000,0.338126976,20,0,3.0,0.2128595846819653,exact_mad_fd,6000,336000,200,0,4.0,10,0,1.5,cellwise_cauchy,500,weak,387200,completed,0.9485824585431538,17744.81312014573,oracle_ablation,3.36838649801157,0.998210244323291
0,512,0.0008871461965556343,2.362540658534286,0.9919002875691827,0,109988,{'qualification': 'offline exact-MAD oracle ablation'},6000,0.440246346,40,0,3.0,0.2128595846819653,exact_mad_fd,6000,336000,200,0,4.0,10,0,1.5,cellwise_cauchy,500,weak,451200,completed,0.9284506043112705,13628.733218378602,oracle_ablation,2.4445166288396423,0.9950699736488721
0,512,0.004324894514767932,10.61531266524069,1.0246989006415421,0,109800,{'qualification': 'offline exact-MAD oracle ablation'},6000,0.270152674,10,0,3.0,1.0,exact_mad_fd,6000,336000,200,0,4.0,10,0,1.5,bounded_out_of_subspace,500,weak,355200,completed,0.9495495723188861,22209.66356231588,oracle_ablation,7.3328404724198375,0.8492839241632975
0,512,0.004324894514767932,10.557783976219575,1.1762523238787554,0,109800,{'qualification': 'offline exact-MAD oracle ablation'},6000,0.298983359,20,0,3.0,1.0,exact_mad_fd,6000,336000,200,0,4.0,10,0,1.5,bounded_out_of_subspace,500,weak,387200,completed,0.9492745304092767,20068.006527413454,oracle_ablation,7.287432464461493,0.6992362861795777
0,512,0.004324894514767932,9.590569696919761,1.2833363545712249,0,109800,{'qualification': 'offline exact-MAD oracle ablation'},6000,0.449738582,40,0,3.0,1.0,exact_mad_fd,6000,336000,200,0,4.0,10,0,1.5,bounded_out_of_subspace,500,weak,451200,completed,0.8397129047105979,13341.083554179037,oracle_ablation,6.546883817306889,0.6547655543749181
0,512,0.005001834525775087,9.749095005237388,0.9820009432250815,0,109800,{'qualification': 'offline exact-MAD oracle ablation'},6000,0.229523153,10,0,3.0,1.0,exact_mad_fd,6000,336000,200,0,4.0,10,0,1.5,in_subspace_leverage,500,weak,355200,completed,0.9138340812433574,26141.15361163586,oracle_ablation,7.322082839954582,0.9204582016046634
0,512,0.005001834525775087,10.187128578505495,1.0371956808556202,0,109800,{'qualification': 'offline exact-MAD oracle ablation'},6000,0.318842811,20,0,3.0,1.0,exact_mad_fd,6000,336000,200,0,4.0,10,0,1.5,in_subspace_leverage,500,weak,387200,completed,0.9064410752214426,18818.050126900933,oracle_ablation,7.674156313886689,0.7564941460287963
0,512,0.005001834525775087,9.178731375701162,1.1098214351829068,0,109800,{'qualification': 'offline exact-MAD oracle ablation'},6000,0.442878513,40,0,3.0,1.0,exact_mad_fd,6000,336000,200,0,4.0,10,0,1.5,in_subspace_leverage,500,weak,451200,completed,0.8183820241504195,13547.733348716334,oracle_ablation,6.855934789142552,0.7068938405228966
0,512,0.003988259035039442,10.560965380007483,1.0045873613645653,0,109800,{'qualification': 'offline exact-MAD oracle ablation'},6000,0.276678928,10,0,3.0,0.9602367941712204,exact_mad_fd,6000,336000,200,0,4.0,10,0,1.5,mixed,500,weak,355200,completed,0.9513008148047478,21685.785915723947,oracle_ablation,7.799674358997523,0.909574398307702
0,512,0.003988259035039442,10.526311077006403,1.124565538796719,0,109800,{'qualification': 'offline exact-MAD oracle ablation'},6000,0.274185229,20,0,3.0,0.9602367941712204,exact_mad_fd,6000,336000,200,0,4.0,10,0,1.5,mixed,500,weak,387200,completed,0.9469599395276644,21883.016900228424,oracle_ablation,7.768006898335295,0.7504047462899117
0,512,0.003988259035039442,9.44429734736676,1.2226068166119528,0,109800,{'qualification': 'offline exact-MAD oracle ablation'},6000,0.484368222,40,0,3.0,0.9602367941712204,exact_mad_fd,6000,336000,200,0,4.0,10,0,1.5,mixed,500,weak,451200,completed,0.8396895510736375,12387.270112860542,oracle_ablation,6.893818051711731,0.7038756243980359
0,512,0.0027108333333333333,3.2879463471400476,0.9973311841720955,0,0,{'qualification': 'offline exact-MAD oracle ablation'},6000,0.231479253,10,0,3.0,,exact_mad_fd,6000,336000,200,0,4.0,10,0,1.5,clean,501,strong,355200,completed,0.77288224784428,25920.249535279087,oracle_ablation,3.2825331591148403,0.997310017033555
0,512,0.0027108333333333333,3.182636145077134,0.8536930777374698,0,0,{'qualification': 'offline exact-MAD oracle ablation'},6000,0.314498913,20,0,3.0,,exact_mad_fd,6000,336000,200,0,4.0,10,0,1.5,clean,501,strong,387200,completed,0.47043601487027764,19077.96736963603,oracle_ablation,3.1776765545676042,0.8528238842563176
0,512,0.0027108333333333333,2.1963476755952676,0.5623650674266197,0,0,{'qualification': 'offline exact-MAD oracle ablation'},6000,0.446817022,40,0,3.0,,exact_mad_fd,6000,336000,200,0,4.0,10,0,1.5,clean,501,strong,451200,completed,0.16577133260591198,13428.315629389786,oracle_ablation,2.192761370194225,0.5603625729836962
0,512,0.0009190974133186571,3.566285268330552,0.9971869193129167,0,109800,{'qualification': 'offline exact-MAD oracle ablation'},6000,0.254253726,10,0,3.0,0.23908925318761384,exact_mad_fd,6000,336000,200,0,4.0,10,0,1.5,casewise_cauchy,501,strong,355200,completed,0.9014745645384675,23598.4742264898,oracle_ablation,4.578860314932869,0.9971277698389904
0,512,0.0009190974133186571,2.4148747093389646,0.9907393652738767,0,109800,{'qualification': 'offline exact-MAD oracle ablation'},6000,0.306714635,20,0,3.0,0.23908925318761384,exact_mad_fd,6000,336000,200,0,4.0,10,0,1.5,casewise_cauchy,501,strong,387200,completed,0.9202526119485462,19562.157508395383,oracle_ablation,3.088866774974946,0.9919832037384336
0,512,0.0009190974133186571,1.867909678233919,0.796328413972784,0,109800,{'qualification': 'offline exact-MAD oracle ablation'},6000,0.447800207,40,0,3.0,0.23908925318761384,exact_mad_fd,6000,336000,200,0,4.0,10,0,1.5,casewise_cauchy,501,strong,451200,completed,0.5786721008252474,13398.832573563326,oracle_ablation,2.7944860197163166,0.8768061294236982
0,512,0.0009082102203923468,3.181935134328518,0.9987498126891718,0,109944,{'qualification': 'offline exact-MAD oracle ablation'},6000,0.244974861,10,0,3.0,0.23833951830022557,exact_mad_fd,6000,336000,200,0,4.0,10,0,1.5,cellwise_cauchy,501,strong,355200,completed,0.8867836284747872,24492.309029210963,oracle_ablation,4.376125726672833,0.9990633706778262
0,512,0.0009082102203923468,2.3523539979225934,0.9952694859891644,0,109944,{'qualification': 'offline exact-MAD oracle ablation'},6000,0.36218909,20,0,3.0,0.23833951830022557,exact_mad_fd,6000,336000,200,0,4.0,10,0,1.5,cellwise_cauchy,501,strong,387200,completed,0.7873672472198181,16565.932452576086,oracle_ablation,3.3483367989739548,0.9967592266043551
0,512,0.0009082102203923468,2.5825196649650004,0.8392631745705464,0,109944,{'qualification': 'offline exact-MAD oracle ablation'},6000,0.451841865,40,0,3.0,0.23833951830022557,exact_mad_fd,6000,336000,200,0,4.0,10,0,1.5,cellwise_cauchy,501,strong,451200,completed,0.48380888992231136,13278.982017303775,oracle_ablation,3.9613096688977403,0.9058596905226011
0,512,0.004550541185103651,6.968612980289097,1.010251566386905,0,109800,{'qualification': 'offline exact-MAD oracle ablation'},6000,0.290145914,10,0,3.0,1.0,exact_mad_fd,6000,336000,200,0,4.0,10,0,1.5,bounded_out_of_subspace,501,strong,355200,completed,0.8621607215991945,20679.250371935275,oracle_ablation,5.722300452333266,0.90516433984139
0,512,0.004550541185103651,4.183945380259874,0.9885522368753081,0,109800,{'qualification': 'offline exact-MAD oracle ablation'},6000,0.367157252,20,0,3.0,1.0,exact_mad_fd,6000,336000,200,0,4.0,10,0,1.5,bounded_out_of_subspace,501,strong,387200,completed,0.5716060425638014,16341.771726736859,oracle_ablation,3.251410172353163,0.7311557556700536
0,512,0.004550541185103651,2.5696940783526743,0.8219291466288091,0,109800,{'qualification': 'offline exact-MAD oracle ablation'},6000,0.423538082,40,0,3.0,1.0,exact_mad_fd,6000,336000,200,0,4.0,10,0,1.5,bounded_out_of_subspace,501,strong,451200,completed,0.36934061573948096,14166.376661260889,oracle_ablation,1.8956340367582611,0.46180695103410035
0,512,0.0036956521739130435,7.716347529389447,0.9502939098104144,0,109800,{'qualification': 'offline exact-MAD oracle ablation'},6000,0.247716518,10,0,3.0,1.0,exact_mad_fd,6000,336000,200,0,4.0,10,0,1.5,in_subspace_leverage,501,strong,355200,completed,0.8482123109298656,24221.23501671374,oracle_ablation,5.437519592390448,0.6960462253989258
0,512,0.0036956521739130435,5.163408726155103,0.974142001368938,0,109800,{'qualification': 'offline exact-MAD oracle ablation'},6000,0.285406005,20,0,3.0,1.0,exact_mad_fd,6000,336000,200,0,4.0,10,0,1.5,in_subspace_leverage,501,strong,387200,completed,0.5629394012276091,21022.683107175686,oracle_ablation,3.476763565316318,0.5602249242304077
0,512,0.0036956521739130435,3.1699707842672895,0.8652346504342265,0,109800,{'qualification': 'offline exact-MAD oracle ablation'},6000,0.401248763,40,0,3.0,1.0,exact_mad_fd,6000,336000,200,0,4.0,10,0,1.5,in_subspace_leverage,501,strong,451200,completed,0.21244471428180978,14953.317127110993,oracle_ablation,1.9941275296850283,0.36554952207888675
0,512,0.0041799669785360484,6.490041234880893,1.0010153364087833,0,109800,{'qualification': 'offline exact-MAD oracle ablation'},6000,0.261360791,10,0,3.0,0.9591347905282331,exact_mad_fd,6000,336000,200,0,4.0,10,0,1.5,mixed,501,strong,355200,completed,0.8633282387294556,22956.77166052042,oracle_ablation,5.618081205883886,0.9431844666968887
0,512,0.0041799669785360484,4.138504171706945,0.9692649185947984,0,109800,{'qualification': 'offline exact-MAD oracle ablation'},6000,0.296915598,20,0,3.0,0.9591347905282331,exact_mad_fd,6000,336000,200,0,4.0,10,0,1.5,mixed,501,strong,387200,completed,0.5796639395968716,20207.76288081706,oracle_ablation,3.44753883614621,0.7728956912054478
0,512,0.0041799669785360484,2.4982939454167847,0.7819667522066153,0,109800,{'qualification': 'offline exact-MAD oracle ablation'},6000,0.422258144,40,0,3.0,0.9591347905282331,exact_mad_fd,6000,336000,200,0,4.0,10,0,1.5,mixed,501,strong,451200,completed,0.3673512523867963,14209.31741697799,oracle_ablation,2.0091568467641037,0.4981239155763625
0,512,0.002705,4.441581394712764,0.9992580966606861,0,0,{'qualification': 'offline exact-MAD oracle ablation'},6000,0.250722868,10,0,3.0,,exact_mad_fd,6000,336000,200,0,4.0,10,0,1.5,clean,501,weak,355200,completed,0.9324792817508073,23930.804748133305,oracle_ablation,4.448538421596858,0.9992533030869072
0,512,0.002705,3.3364686265549426,0.998192278010816,0,0,{'qualification': 'offline exact-MAD oracle ablation'},6000,0.355450951,20,0,3.0,,exact_mad_fd,6000,336000,200,0,4.0,10,0,1.5,clean,501,weak,387200,completed,0.8848975639280443,16879.966091299048,oracle_ablation,3.3424949705536746,0.998184945503622
0,512,0.002705,2.590636668738203,0.9917358514242977,0,0,{'qualification': 'offline exact-MAD oracle ablation'},6000,0.461386322,40,0,3.0,,exact_mad_fd,6000,336000,200,0,4.0,10,0,1.5,clean,501,weak,451200,completed,0.7081893204708131,13004.286676708201,oracle_ablation,2.5960937362875445,0.9916997555576605
0,512,0.0008750687947165658,5.351135238050654,0.9956160064801127,0,109800,{'qualification': 'offline exact-MAD oracle ablation'},6000,0.298855166,10,0,3.0,0.21244990892531876,exact_mad_fd,6000,336000,200,0,4.0,10,0,1.5,casewise_cauchy,501,weak,355200,completed,0.9615438579359583,20076.6146368037,oracle_ablation,5.3550827306551945,0.9969017485102631
0,512,0.0008750687947165658,3.7018537474088005,0.9892568368905872,0,109800,{'qualification': 'offline exact-MAD oracle ablation'},6000,0.307125773,20,0,3.0,0.21244990892531876,exact_mad_fd,6000,336000,200,0,4.0,10,0,1.5,casewise_cauchy,501,weak,387200,completed,0.9691584528319591,19535.970366120982,oracle_ablation,3.6827262953569733,0.9923942403940514
0,512,0.0008750687947165658,2.5814669916746205,0.9745990166077423,0,109800,{'qualification': 'offline exact-MAD oracle ablation'},6000,0.472901538,40,0,3.0,0.21244990892531876,exact_mad_fd,6000,336000,200,0,4.0,10,0,1.5,casewise_cauchy,501,weak,451200,completed,0.9586701641047027,12687.630548581552,oracle_ablation,2.539795256863027,0.982220271379309
0,512,0.0008771084779507223,4.545852834110627,0.9988418270484519,0,110055,{'qualification': 'offline exact-MAD oracle ablation'},6000,0.255028503,10,0,3.0,0.213157057834719,exact_mad_fd,6000,336000,200,0,4.0,10,0,1.5,cellwise_cauchy,501,weak,355200,completed,0.9563178587477363,23526.782024046934,oracle_ablation,4.713888909707015,0.9992911498134025
0,512,0.0008771084779507223,3.425666413000975,0.9971399429071917,0,110055,{'qualification': 'offline exact-MAD oracle ablation'},6000,0.312638901,20,0,3.0,0.213157057834719,exact_mad_fd,6000,336000,200,0,4.0,10,0,1.5,cellwise_cauchy,501,weak,387200,completed,0.9355353207036068,19191.469714128758,oracle_ablation,3.5526657796957144,0.9982783860560202
0,512,0.0008771084779507223,2.333592603214713,0.9916078170982224,0,110055,{'qualification': 'offline exact-MAD oracle ablation'},6000,0.361933514,40,0,3.0,0.213157057834719,exact_mad_fd,6000,336000,200,0,4.0,10,0,1.5,cellwise_cauchy,501,weak,451200,completed,0.9017754072078767,16577.63033240409,oracle_ablation,2.423693116978282,0.9950337714688757
0,512,0.005941111722619703,4.5861618125641845,0.9993139026151457,0,109800,{'qualification': 'offline exact-MAD oracle ablation'},6000,0.247670628,10,0,3.0,1.0,exact_mad_fd,6000,336000,200,0,4.0,10,0,1.5,bounded_out_of_subspace,501,weak,355200,completed,0.9356377677676025,24225.722882246657,oracle_ablation,4.192443931864061,0.9994013789054652
0,512,0.005941111722619703,8.561803636491897,1.0007793126179112,0,109800,{'qualification': 'offline exact-MAD oracle ablation'},6000,0.326060516,20,0,3.0,1.0,exact_mad_fd,6000,336000,200,0,4.0,10,0,1.5,bounded_out_of_subspace,501,weak,387200,completed,0.9112858465336546,18401.49207149019,oracle_ablation,7.464526736763178,0.9307140554760874
0,512,0.005941111722619703,7.619672478369309,1.02973807225739,0,109800,{'qualification': 'offline exact-MAD oracle ablation'},6000,0.446686335,40,0,3.0,1.0,exact_mad_fd,6000,336000,200,0,4.0,10,0,1.5,bounded_out_of_subspace,501,weak,451200,completed,0.786303218194953,13432.244351061243,oracle_ablation,6.59314999481944,0.8708023736909567
0,512,0.004397358282883875,10.95326027311012,1.0127422377757573,0,109800,{'qualification': 'offline exact-MAD oracle ablation'},6000,0.253808706,10,0,3.0,1.0,exact_mad_fd,6000,336000,200,0,4.0,10,0,1.5,in_subspace_leverage,501,weak,355200,completed,0.9249394874711013,23639.851030169153,oracle_ablation,7.223500538764944,0.7801442345855913
0,512,0.004397358282883875,10.489376029899235,1.1682750640172965,0,109800,{'qualification': 'offline exact-MAD oracle ablation'},6000,0.304107735,20,0,3.0,1.0,exact_mad_fd,6000,336000,200,0,4.0,10,0,1.5,in_subspace_leverage,501,weak,387200,completed,0.9037928970433197,19729.850015159926,oracle_ablation,6.884430947885487,0.6407905557548372
0,512,0.004397358282883875,9.412138196304324,1.278064203724152,0,109800,{'qualification': 'offline exact-MAD oracle ablation'},6000,0.416692058,40,0,3.0,1.0,exact_mad_fd,6000,336000,200,0,4.0,10,0,1.5,in_subspace_leverage,501,weak,451200,completed,0.8009857968257248,14399.122528992382,oracle_ablation,6.100262724017402,0.5982263104090104
0,512,0.005430196294257934,4.495634405349151,0.9993071599250782,0,109800,{'qualification': 'offline exact-MAD oracle ablation'},6000,0.275244003,10,0,3.0,0.959271402550091,exact_mad_fd,6000,336000,200,0,4.0,10,0,1.5,mixed,501,weak,355200,completed,0.9371519530351495,21798.84006410123,oracle_ablation,4.16104338320789,0.9992500922460847
0,512,0.005430196294257934,8.01446875733097,0.9976342444818099,0,109800,{'qualification': 'offline exact-MAD oracle ablation'},6000,0.34410323,20,0,3.0,0.959271402550091,exact_mad_fd,6000,336000,200,0,4.0,10,0,1.5,mixed,501,weak,387200,completed,0.9098681628204595,17436.627956093293,oracle_ablation,7.172406234494349,0.9537175980361458
0,512,0.005430196294257934,7.346637252937313,1.0183173303946549,0,109800,{'qualification': 'offline exact-MAD oracle ablation'},6000,0.488793116,40,0,3.0,0.959271402550091,exact_mad_fd,6000,336000,200,0,4.0,10,0,1.5,mixed,501,weak,451200,completed,0.786383368421861,12275.13195991901,oracle_ablation,6.53973696222979,0.8957534739005087
0,512,0.002725,3.14564808999511,0.9973788185195617,0,0,{'qualification': 'offline exact-MAD oracle ablation'},6000,0.280285417,10,0,3.0,,exact_mad_fd,6000,336000,200,0,4.0,10,0,1.5,clean,502,strong,355200,completed,0.7457418524245518,21406.750533867413,oracle_ablation,3.1482972507118765,0.9973681619124264
0,512,0.002725,3.188859678087102,0.8525543132991563,0,0,{'qualification': 'offline exact-MAD oracle ablation'},6000,0.32784675,20,0,3.0,,exact_mad_fd,6000,336000,200,0,4.0,10,0,1.5,clean,502,strong,387200,completed,0.43294226831952626,18301.23373191895,oracle_ablation,3.1911983647678026,0.8519277403761086
0,512,0.002725,2.1700366622477243,0.5577739999309721,0,0,{'qualification': 'offline exact-MAD oracle ablation'},6000,0.380261329,40,0,3.0,,exact_mad_fd,6000,336000,200,0,4.0,10,0,1.5,clean,502,strong,451200,completed,0.1602834819742742,15778.62260087983,oracle_ablation,2.1716522807016116,0.5557768041468639
0,512,0.0008805723720418272,3.8714726971621634,0.9976493848071664,0,109800,{'qualification': 'offline exact-MAD oracle ablation'},6000,0.273993984,10,0,3.0,0.23712204007285975,exact_mad_fd,6000,336000,200,0,4.0,10,0,1.5,casewise_cauchy,502,strong,355200,completed,0.8769439574426859,21898.29102233135,oracle_ablation,5.005903902740561,0.9976360614938741
0,512,0.0008805723720418272,2.3717758416672527,0.9891499661630433,0,109800,{'qualification': 'offline exact-MAD oracle ablation'},6000,0.33410218,20,0,3.0,0.23712204007285975,exact_mad_fd,6000,336000,200,0,4.0,10,0,1.5,casewise_cauchy,502,strong,387200,completed,0.894994922569365,17958.57782191065,oracle_ablation,3.0837709358329026,0.991372735077556
0,512,0.0008805723720418272,1.93451462975476,0.7939366102502641,0,109800,{'qualification': 'offline exact-MAD oracle ablation'},6000,0.46929881,40,0,3.0,0.23712204007285975,exact_mad_fd,6000,336000,200,0,4.0,10,0,1.5,casewise_cauchy,502,strong,451200,completed,0.5412310745057692,12785.031353478182,oracle_ablation,2.9071897388663457,0.8762564724039714
0,512,0.0009007992529420452,3.2133088584933134,0.9988995505914112,0,109857,{'qualification': 'offline exact-MAD oracle ablation'},6000,0.249154365,10,0,3.0,0.23688067214651776,exact_mad_fd,6000,336000,200,0,4.0,10,0,1.5,cellwise_cauchy,502,strong,355200,completed,0.8913153514939502,24081.456489835127,oracle_ablation,4.418931436912744,0.9991384397526013
0,512,0.0009007992529420452,2.119191126057164,0.9950969159196115,0,109857,{'qualification': 'offline exact-MAD oracle ablation'},6000,0.287622959,20,0,3.0,0.23688067214651776,exact_mad_fd,6000,336000,200,0,4.0,10,0,1.5,cellwise_cauchy,502,strong,387200,completed,0.7924379692984007,20860.643464835503,oracle_ablation,3.0233300391864075,0.9965540168665069
0,512,0.0009007992529420452,2.5656952398188095,0.8362649491744849,0,109857,{'qualification': 'offline exact-MAD oracle ablation'},6000,0.431226367,40,0,3.0,0.23688067214651776,exact_mad_fd,6000,336000,200,0,4.0,10,0,1.5,cellwise_cauchy,502,strong,451200,completed,0.43061039072095464,13913.805970960027,oracle_ablation,3.962421566893123,0.9039748263319463
0,512,0.0053779123096679505,3.2168645073155715,0.9977005654275988,0,109800,{'qualification': 'offline exact-MAD oracle ablation'},6000,0.232099704,10,0,3.0,1.0,exact_mad_fd,6000,336000,200,0,4.0,10,0,1.5,bounded_out_of_subspace,502,strong,355200,completed,0.7550435090640069,25850.959292908017,oracle_ablation,3.1252933773896054,0.9978419715768873
0,512,0.0053779123096679505,3.293628315041749,0.8978343168124124,0,109800,{'qualification': 'offline exact-MAD oracle ablation'},6000,0.327058672,20,0,3.0,1.0,exact_mad_fd,6000,336000,200,0,4.0,10,0,1.5,bounded_out_of_subspace,502,strong,387200,completed,0.5061688704391216,18345.332240571195,oracle_ablation,2.9587507458518862,0.839095969356717
0,512,0.0053779123096679505,2.191606160686991,0.6539050474165781,0,109800,{'qualification': 'offline exact-MAD oracle ablation'},6000,0.542221719,40,0,3.0,1.0,exact_mad_fd,6000,336000,200,0,4.0,10,0,1.5,bounded_out_of_subspace,502,strong,451200,completed,0.3517815419127542,11065.584040170104,oracle_ablation,1.946370467196538,0.5282854374397301
0,512,0.003931388736011741,7.661766334228967,0.9535685466806522,0,109800,{'qualification': 'offline exact-MAD oracle ablation'},6000,0.296020385,10,0,3.0,1.0,exact_mad_fd,6000,336000,200,0,4.0,10,0,1.5,in_subspace_leverage,502,strong,355200,completed,0.8353629487562417,20268.874388498618,oracle_ablation,5.328957225360192,0.6683503122702954
0,512,0.003931388736011741,5.046609066310319,0.9897909677354888,0,109800,{'qualification': 'offline exact-MAD oracle ablation'},6000,0.314435156,20,0,3.0,1.0,exact_mad_fd,6000,336000,200,0,4.0,10,0,1.5,in_subspace_leverage,502,strong,387200,completed,0.5209869099829225,19081.835747399695,oracle_ablation,3.339509390746009,0.5412409886300263
0,512,0.003931388736011741,3.0980502195228987,0.8889106172366159,0,109800,{'qualification': 'offline exact-MAD oracle ablation'},6000,0.330589234,40,0,3.0,1.0,exact_mad_fd,6000,336000,200,0,4.0,10,0,1.5,in_subspace_leverage,502,strong,451200,completed,0.22712352813786615,18149.41136286368,oracle_ablation,1.9105788980232634,0.3512699244063313
0,512,0.004972482113373693,3.2392091947023793,0.997886431115759,0,109800,{'qualification': 'offline exact-MAD oracle ablation'},6000,0.265993556,10,0,3.0,0.9609289617486338,exact_mad_fd,6000,336000,200,0,4.0,10,0,1.5,mixed,502,strong,355200,completed,0.7688014336106759,22556.937431972976,oracle_ablation,3.2331721836733487,0.9979620293158027
0,512,0.004972482113373693,3.2243335652583607,0.9001408157654502,0,109800,{'qualification': 'offline exact-MAD oracle ablation'},6000,0.30179781,20,0,3.0,0.9609289617486338,exact_mad_fd,6000,336000,200,0,4.0,10,0,1.5,mixed,502,strong,387200,completed,0.5100765629159433,19880.859970455054,oracle_ablation,3.0466310803964567,0.8623439688948186
0,512,0.004972482113373693,2.1618385472005013,0.6441271392267578,0,109800,{'qualification': 'offline exact-MAD oracle ablation'},6000,0.4532272,40,0,3.0,0.9609289617486338,exact_mad_fd,6000,336000,200,0,4.0,10,0,1.5,mixed,502,strong,451200,completed,0.35114157170338445,13238.39345917456,oracle_ablation,2.0360264408401356,0.5530677224694137
0,512,0.0028083333333333333,4.721923415822381,0.9992969305959057,0,0,{'qualification': 'offline exact-MAD oracle ablation'},6000,0.27288634,10,0,3.0,,exact_mad_fd,6000,336000,200,0,4.0,10,0,1.5,clean,502,weak,355200,completed,0.9273284428163869,21987.176052857758,oracle_ablation,4.728531095611536,0.9992932552243411
0,512,0.0028083333333333333,3.4693170664322017,0.9982595643287727,0,0,{'qualification': 'offline exact-MAD oracle ablation'},6000,0.339586604,20,0,3.0,,exact_mad_fd,6000,336000,200,0,4.0,10,0,1.5,clean,502,weak,387200,completed,0.9011964690110665,17668.54148345616,oracle_ablation,3.474201218461202,0.9982489709407988
0,512,0.0028083333333333333,2.526837872164811,0.9927719019799135,0,0,{'qualification': 'offline exact-MAD oracle ablation'},6000,0.4274807,40,0,3.0,,exact_mad_fd,6000,336000,200,0,4.0,10,0,1.5,clean,502,weak,451200,completed,0.7082236901533413,14035.72137876634,oracle_ablation,2.531388317963058,0.9927368788459908
0,512,0.000910842047330765,4.960688158595707,0.9939861437433001,0,109800,{'qualification': 'offline exact-MAD oracle ablation'},6000,0.279491103,10,0,3.0,0.21091074681238617,exact_mad_fd,6000,336000,200,0,4.0,10,0,1.5,casewise_cauchy,502,weak,355200,completed,0.9731995546181812,21467.588540734334,oracle_ablation,4.962563867071228,0.9957489274562897
0,512,0.000910842047330765,3.328347069149589,0.9870842983739637,0,109800,{'qualification': 'offline exact-MAD oracle ablation'},6000,0.348246383,20,0,3.0,0.21091074681238617,exact_mad_fd,6000,336000,200,0,4.0,10,0,1.5,casewise_cauchy,502,weak,387200,completed,0.9695395654758575,17229.18109963543,oracle_ablation,3.3005831414298994,0.9907688248482931
0,512,0.000910842047330765,2.390741724859718,0.9694649898511015,0,109800,{'qualification': 'offline exact-MAD oracle ablation'},6000,0.506340623,40,0,3.0,0.21091074681238617,exact_mad_fd,6000,336000,200,0,4.0,10,0,1.5,casewise_cauchy,502,weak,451200,completed,0.9627132471760307,11849.730650586176,oracle_ablation,2.3323809244777927,0.9777162802258429
0,512,0.0009427413046329133,4.714767592311984,0.9988030572859394,0,109563,{'qualification': 'offline exact-MAD oracle ablation'},6000,0.271252093,10,0,3.0,0.2120423865721092,exact_mad_fd,6000,336000,200,0,4.0,10,0,1.5,cellwise_cauchy,502,weak,355200,completed,0.9533662885018557,22119.64499016787,oracle_ablation,4.890303292466986,0.9992760734721096
0,512,0.0009427413046329133,3.405007553272585,0.9971364772251826,0,109563,{'qualification': 'offline exact-MAD oracle ablation'},6000,0.356935764,20,0,3.0,0.2120423865721092,exact_mad_fd,6000,336000,200,0,4.0,10,0,1.5,cellwise_cauchy,502,weak,387200,completed,0.9493314977130515,16809.74731352502,oracle_ablation,3.5280372146209458,0.9982566402603394
0,512,0.0009427413046329133,2.3424939333408434,0.9919594190460632,0,109563,{'qualification': 'offline exact-MAD oracle ablation'},6000,0.4207714,40,0,3.0,0.2120423865721092,exact_mad_fd,6000,336000,200,0,4.0,10,0,1.5,cellwise_cauchy,502,weak,451200,completed,0.9370469136983951,14259.524292763243,oracle_ablation,2.4220942412980575,0.9950978734059001
0,512,0.004588148963492937,11.230856360869637,1.032583317871739,0,109800,{'qualification': 'offline exact-MAD oracle ablation'},6000,0.275266267,10,0,3.0,1.0,exact_mad_fd,6000,336000,200,0,4.0,10,0,1.5,bounded_out_of_subspace,502,weak,355200,completed,0.9502736201017014,21797.076937146096,oracle_ablation,7.726047817051886,0.8335614063879458
0,512,0.004588148963492937,10.936184524054347,1.193980524305836,0,109800,{'qualification': 'offline exact-MAD oracle ablation'},6000,0.302846222,20,0,3.0,1.0,exact_mad_fd,6000,336000,200,0,4.0,10,0,1.5,bounded_out_of_subspace,502,weak,387200,completed,0.9329260636239907,19812.035165490688,oracle_ablation,7.50160178208801,0.685702088704661
0,512,0.004588148963492937,9.644196210585129,1.303772622044754,0,109800,{'qualification': 'offline exact-MAD oracle ablation'},6000,0.432224599,40,0,3.0,1.0,exact_mad_fd,6000,336000,200,0,4.0,10,0,1.5,bounded_out_of_subspace,502,weak,451200,completed,0.8185949229757499,13881.671737059094,oracle_ablation,6.522279436935061,0.6417515938047421
0,512,0.004654191891396074,11.196287806031716,0.9929018582155158,0,109800,{'qualification': 'offline exact-MAD oracle ablation'},6000,0.274269459,10,0,3.0,1.0,exact_mad_fd,6000,336000,200,0,4.0,10,0,1.5,in_subspace_leverage,502,weak,355200,completed,0.9164666641692665,21876.29647820175,oracle_ablation,7.697658213243907,0.8303765875295626
0,512,0.004654191891396074,10.903609860209501,1.1160667945648355,0,109800,{'qualification': 'offline exact-MAD oracle ablation'},6000,0.35051174,20,0,3.0,1.0,exact_mad_fd,6000,336000,200,0,4.0,10,0,1.5,in_subspace_leverage,502,weak,387200,completed,0.8952458366084192,17117.828920651842,oracle_ablation,7.476827209019028,0.6814421937356181
0,512,0.004654191891396074,9.801506047954067,1.2140285034355878,0,109800,{'qualification': 'offline exact-MAD oracle ablation'},6000,0.471806694,40,0,3.0,1.0,exact_mad_fd,6000,336000,200,0,4.0,10,0,1.5,in_subspace_leverage,502,weak,451200,completed,0.7930330453585361,12717.072640770968,oracle_ablation,6.650650471059905,0.636436622490478
0,512,0.004222161071363053,10.700853458022722,1.0085335172480203,0,109800,{'qualification': 'offline exact-MAD oracle ablation'},6000,0.244537201,10,0,3.0,0.9595537340619308,exact_mad_fd,6000,336000,200,0,4.0,10,0,1.5,mixed,502,weak,355200,completed,0.9489806445314479,24536.144093675135,oracle_ablation,7.835154588158489,0.8935872240677353
0,512,0.004222161071363053,10.812637766835682,1.1387345616859954,0,109800,{'qualification': 'offline exact-MAD oracle ablation'},6000,0.314044166,20,0,3.0,0.9595537340619308,exact_mad_fd,6000,336000,200,0,4.0,10,0,1.5,mixed,502,weak,387200,completed,0.9327035918707776,19105.592937523317,oracle_ablation,7.922617775030789,0.7372460897518773
0,512,0.004222161071363053,9.564082396046363,1.2399241661066425,0,109800,{'qualification': 'offline exact-MAD oracle ablation'},6000,0.420268658,40,0,3.0,0.9595537340619308,exact_mad_fd,6000,336000,200,0,4.0,10,0,1.5,mixed,502,weak,451200,completed,0.8267548580528518,14276.5821000147,oracle_ablation,6.924084557542227,0.6914323481440906
0,512,0.002768333333333333,2.980689423986583,0.9976336951420304,0,0,{'qualification': 'offline exact-MAD oracle ablation'},6000,0.245559363,10,0,3.0,,exact_mad_fd,6000,336000,200,0,4.0,10,0,1.5,clean,503,strong,355200,completed,0.765318797450609,24434.010280438786,oracle_ablation,2.9784655089018317,0.9976247056289814
0,512,0.002768333333333333,3.171389586352148,0.8542477890679306,0,0,{'qualification': 'offline exact-MAD oracle ablation'},6000,0.352229325,20,0,3.0,,exact_mad_fd,6000,336000,200,0,4.0,10,0,1.5,clean,503,strong,387200,completed,0.44742958992326526,17034.35680717385,oracle_ablation,3.1671524995462463,0.8534625652037201
0,512,0.002768333333333333,2.1723579613479957,0.5605899114606631,0,0,{'qualification': 'offline exact-MAD oracle ablation'},6000,0.408347421,40,0,3.0,,exact_mad_fd,6000,336000,200,0,4.0,10,0,1.5,clean,503,strong,451200,completed,0.17451793044478253,14693.370623736595,oracle_ablation,2.1691184558551755,0.5585509997105989
0,512,0.0009135938359933957,3.4272827439338096,0.9969974019424848,0,109800,{'qualification': 'offline exact-MAD oracle ablation'},6000,0.26691411,10,0,3.0,0.23719489981785064,exact_mad_fd,6000,336000,200,0,4.0,10,0,1.5,casewise_cauchy,503,strong,355200,completed,0.9234930660585873,22479.141323776403,oracle_ablation,4.358940144774412,0.9963345958511485
0,512,0.0009135938359933957,2.3856242836177994,0.992469166102248,0,109800,{'qualification': 'offline exact-MAD oracle ablation'},6000,0.337064599,20,0,3.0,0.23719489981785064,exact_mad_fd,6000,336000,200,0,4.0,10,0,1.5,casewise_cauchy,503,strong,387200,completed,0.9559557950898221,17800.742106411475,oracle_ablation,2.9903932132631623,0.9923369479359789
0,512,0.0009135938359933957,1.8370558998364908,0.7930698626795043,0,109800,{'qualification': 'offline exact-MAD oracle ablation'},6000,0.419960215,40,0,3.0,0.23719489981785064,exact_mad_fd,6000,336000,200,0,4.0,10,0,1.5,casewise_cauchy,503,strong,451200,completed,0.565681695594029,14287.06764520539,oracle_ablation,2.7426275332872545,0.8750816472870439
0,512,0.0009436999089315831,3.135721763951,0.9988289732583774,0,109611,{'qualification': 'offline exact-MAD oracle ablation'},6000,0.276911797,10,0,3.0,0.2367098192699638,exact_mad_fd,6000,336000,200,0,4.0,10,0,1.5,cellwise_cauchy,503,strong,355200,completed,0.8895181414007524,21667.549252154105,oracle_ablation,4.279745351958953,0.9990552145314441
0,512,0.0009436999089315831,2.2456055052601367,0.9947524962217458,0,109611,{'qualification': 'offline exact-MAD oracle ablation'},6000,0.339288216,20,0,3.0,0.2367098192699638,exact_mad_fd,6000,336000,200,0,4.0,10,0,1.5,cellwise_cauchy,503,strong,387200,completed,0.7903383237475944,17684.0801332163,oracle_ablation,3.1880656466664545,0.9963278801466222
0,512,0.0009436999089315831,2.5478418912261045,0.8396727344771585,0,109611,{'qualification': 'offline exact-MAD oracle ablation'},6000,0.479131166,40,0,3.0,0.2367098192699638,exact_mad_fd,6000,336000,200,0,4.0,10,0,1.5,cellwise_cauchy,503,strong,451200,completed,0.4449199087734652,12522.666914136827,oracle_ablation,3.9075889143957294,0.9055339361759345
0,512,0.0052027150981471286,5.6681671948948615,0.9983448417843495,0,109800,{'qualification': 'offline exact-MAD oracle ablation'},6000,0.235112585,10,0,3.0,1.0,exact_mad_fd,6000,336000,200,0,4.0,10,0,1.5,bounded_out_of_subspace,503,strong,355200,completed,0.830054682222362,25519.68879079782,oracle_ablation,4.866656798702979,0.966818980212984
0,512,0.0052027150981471286,3.68544509515265,0.9382241908553309,0,109800,{'qualification': 'offline exact-MAD oracle ablation'},6000,0.316093401,20,0,3.0,1.0,exact_mad_fd,6000,336000,200,0,4.0,10,0,1.5,bounded_out_of_subspace,503,strong,387200,completed,0.5557082727515925,18981.7312889743,oracle_ablation,3.0646053875770187,0.7812487349527686
0,512,0.0052027150981471286,2.3415942093064275,0.7370883402558925,0,109800,{'qualification': 'offline exact-MAD oracle ablation'},6000,0.383678357,40,0,3.0,1.0,exact_mad_fd,6000,336000,200,0,4.0,10,0,1.5,bounded_out_of_subspace,503,strong,451200,completed,0.36733540265663817,15638.098658767973,oracle_ablation,1.8928689491870636,0.49183347786404114
0,512,0.004158869932122547,7.46351982541189,0.9366615605592461,0,109800,{'qualification': 'offline exact-MAD oracle ablation'},6000,0.248501779,10,0,3.0,1.0,exact_mad_fd,6000,336000,200,0,4.0,10,0,1.5,in_subspace_leverage,503,strong,355200,completed,0.8330197389667721,24144.696364527837,oracle_ablation,5.38864625554304,0.7130130239208058
0,512,0.004158869932122547,4.946796728822377,0.9470934252235161,0,109800,{'qualification': 'offline exact-MAD oracle ablation'},6000,0.33578734,20,0,3.0,1.0,exact_mad_fd,6000,336000,200,0,4.0,10,0,1.5,in_subspace_leverage,503,strong,387200,completed,0.5364329242425222,17868.452098283396,oracle_ablation,3.4173841241295455,0.575197932750128
0,512,0.004158869932122547,3.0173978297337767,0.8258168620360425,0,109800,{'qualification': 'offline exact-MAD oracle ablation'},6000,0.38256487,40,0,3.0,1.0,exact_mad_fd,6000,336000,200,0,4.0,10,0,1.5,in_subspace_leverage,503,strong,451200,completed,0.23044713564331842,15683.61465076498,oracle_ablation,1.9537348378122785,0.3741198773536683
0,512,0.004760594386351128,4.255522526010434,0.998037972125278,0,109800,{'qualification': 'offline exact-MAD oracle ablation'},6000,0.23727858,10,0,3.0,0.961712204007286,exact_mad_fd,6000,336000,200,0,4.0,10,0,1.5,mixed,503,strong,355200,completed,0.8278079090869468,25286.732582435383,oracle_ablation,3.764064944535906,0.9919061975323826
0,512,0.004760594386351128,3.6230916784317655,0.9292917681627878,0,109800,{'qualification': 'offline exact-MAD oracle ablation'},6000,0.322508129,20,0,3.0,0.961712204007286,exact_mad_fd,6000,336000,200,0,4.0,10,0,1.5,mixed,503,strong,387200,completed,0.5669391150470684,18604.18222202393,oracle_ablation,3.1918211213346503,0.814812142674624
0,512,0.004760594386351128,2.2933778821263116,0.710422227115198,0,109800,{'qualification': 'offline exact-MAD oracle ablation'},6000,0.363558973,40,0,3.0,0.961712204007286,exact_mad_fd,6000,336000,200,0,4.0,10,0,1.5,mixed,503,strong,451200,completed,0.3655777047348544,16503.512347637752,oracle_ablation,1.9918956493734712,0.5228597933349378
0,512,0.0026475,4.474678156299048,0.9992585820172191,0,0,{'qualification': 'offline exact-MAD oracle ablation'},6000,0.246364848,10,0,3.0,,exact_mad_fd,6000,336000,200,0,4.0,10,0,1.5,clean,503,weak,355200,completed,0.9337150101223429,24354.123766877652,oracle_ablation,4.481591872916999,0.9992527721732251
0,512,0.0026475,3.343958995287764,0.9982944623872669,0,0,{'qualification': 'offline exact-MAD oracle ablation'},6000,0.302225183,20,0,3.0,,exact_mad_fd,6000,336000,200,0,4.0,10,0,1.5,clean,503,weak,387200,completed,0.8975323410775994,19852.74668524231,oracle_ablation,3.35001991593169,0.9982866806223981
0,512,0.0026475,2.489712136092486,0.9927498552190097,0,0,{'qualification': 'offline exact-MAD oracle ablation'},6000,0.424400522,40,0,3.0,,exact_mad_fd,6000,336000,200,0,4.0,10,0,1.5,clean,503,weak,451200,completed,0.7158022277796231,14137.588643210953,oracle_ablation,2.4959165376528403,0.9927264503954052
0,512,0.000885158686479545,4.72386374829613,0.9944965223886356,0,109800,{'qualification': 'offline exact-MAD oracle ablation'},6000,0.274079385,10,0,3.0,0.21270491803278688,exact_mad_fd,6000,336000,200,0,4.0,10,0,1.5,casewise_cauchy,503,weak,355200,completed,0.9697905768280981,21891.467685539355,oracle_ablation,4.730377729007922,0.9961108619140288
0,512,0.000885158686479545,3.3090513373972925,0.9858939304831136,0,109800,{'qualification': 'offline exact-MAD oracle ablation'},6000,0.360322881,20,0,3.0,0.21270491803278688,exact_mad_fd,6000,336000,200,0,4.0,10,0,1.5,casewise_cauchy,503,weak,387200,completed,0.9760416685391122,16651.73186711948,oracle_ablation,3.2871108204820714,0.9898231559100998
0,512,0.000885158686479545,2.455609901898505,0.9714663146816865,0,109800,{'qualification': 'offline exact-MAD oracle ablation'},6000,0.442295388,40,0,3.0,0.21270491803278688,exact_mad_fd,6000,336000,200,0,4.0,10,0,1.5,casewise_cauchy,503,weak,451200,completed,0.9707903591978237,13565.594764917603,oracle_ablation,2.409088114329673,0.9794484935717194
0,512,0.0008996120938677818,4.602501190294668,0.9988017714979529,0,109530,{'qualification': 'offline exact-MAD oracle ablation'},6000,0.270429184,10,0,3.0,0.2128001460786999,exact_mad_fd,6000,336000,200,0,4.0,10,0,1.5,cellwise_cauchy,503,weak,355200,completed,0.9591003500460322,22186.954496745442,oracle_ablation,4.77673218601486,0.9992624237763108
0,512,0.0008996120938677818,3.358386730353451,0.9972171469484282,0,109530,{'qualification': 'offline exact-MAD oracle ablation'},6000,0.345428453,20,0,3.0,0.2128001460786999,exact_mad_fd,6000,336000,200,0,4.0,10,0,1.5,cellwise_cauchy,503,weak,387200,completed,0.9477089887101868,17369.733002278186,oracle_ablation,3.4814287061194022,0.998291482747824
0,512,0.0008996120938677818,2.3692615097129663,0.9920955473620301,0,109530,{'qualification': 'offline exact-MAD oracle ablation'},6000,0.465726112,40,0,3.0,0.2128001460786999,exact_mad_fd,6000,336000,200,0,4.0,10,0,1.5,cellwise_cauchy,503,weak,451200,completed,0.9182580968641406,12883.108430905415,oracle_ablation,2.4554791892675736,0.995213596874351
0,512,0.0044991744634012105,10.495410645839868,1.0076816791808514,0,109800,{'qualification': 'offline exact-MAD oracle ablation'},6000,0.237576563,10,0,3.0,1.0,exact_mad_fd,6000,336000,200,0,4.0,10,0,1.5,bounded_out_of_subspace,503,weak,355200,completed,0.9544201136775178,25255.016421800832,oracle_ablation,7.63591883927396,0.8934162315990567
0,512,0.0044991744634012105,10.501896726876682,1.1289205110902463,0,109800,{'qualification': 'offline exact-MAD oracle ablation'},6000,0.31167978,20,0,3.0,1.0,exact_mad_fd,6000,336000,200,0,4.0,10,0,1.5,bounded_out_of_subspace,503,weak,387200,completed,0.9383431328289124,19250.52693504853,oracle_ablation,7.639722400674182,0.7362057190836168
0,512,0.0044991744634012105,9.283395838657214,1.2247615240751344,0,109800,{'qualification': 'offline exact-MAD oracle ablation'},6000,0.386273827,40,0,3.0,1.0,exact_mad_fd,6000,336000,200,0,4.0,10,0,1.5,bounded_out_of_subspace,503,weak,451200,completed,0.8528798951911993,15533.022381037481,oracle_ablation,6.668733863682059,0.6892518299783147
0,512,0.003911208952485782,11.577696629965121,1.0733762882767712,0,109800,{'qualification': 'offline exact-MAD oracle ablation'},6000,0.260751965,10,0,3.0,1.0,exact_mad_fd,6000,336000,200,0,4.0,10,0,1.5,in_subspace_leverage,503,weak,355200,completed,0.9181488282452298,23010.373095366704,oracle_ablation,6.991532504389728,0.7103306774068987
0,512,0.003911208952485782,11.14114485289169,1.2792675987486724,0,109800,{'qualification': 'offline exact-MAD oracle ablation'},6000,0.294820628,20,0,3.0,1.0,exact_mad_fd,6000,336000,200,0,4.0,10,0,1.5,in_subspace_leverage,503,weak,387200,completed,0.906588920757793,20351.357504061758,oracle_ablation,6.695477321514938,0.5829100002020938
0,512,0.003911208952485782,10.092289533402537,1.4043971723475157,0,109800,{'qualification': 'offline exact-MAD oracle ablation'},6000,0.50456888,40,0,3.0,1.0,exact_mad_fd,6000,336000,200,0,4.0,10,0,1.5,in_subspace_leverage,503,weak,451200,completed,0.8251396141858841,11891.339790912194,oracle_ablation,5.987631429055785,0.544616620512052
0,512,0.0041441937259218495,9.907606510263657,0.9988091219844409,0,109800,{'qualification': 'offline exact-MAD oracle ablation'},6000,0.261801165,10,0,3.0,0.9592622950819673,exact_mad_fd,6000,336000,200,0,4.0,10,0,1.5,mixed,503,weak,355200,completed,0.9537472608308685,22918.156227456053,oracle_ablation,7.595895949202385,0.9438538834612054
0,512,0.0041441937259218495,10.449140668889717,1.090566078322122,0,109800,{'qualification': 'offline exact-MAD oracle ablation'},6000,0.328537277,20,0,3.0,0.9592622950819673,exact_mad_fd,6000,336000,200,0,4.0,10,0,1.5,mixed,503,weak,387200,completed,0.9433187615321552,18262.76778936108,oracle_ablation,8.043433755423482,0.7819977245654853
0,512,0.0041441937259218495,9.10581156869216,1.177715561595952,0,109800,{'qualification': 'offline exact-MAD oracle ablation'},6000,0.50871096,40,0,3.0,0.9592622950819673,exact_mad_fd,6000,336000,200,0,4.0,10,0,1.5,mixed,503,weak,451200,completed,0.861073874222825,11794.51687064104,oracle_ablation,6.922636621575695,0.7334763341703855
0,512,0.0026691666666666665,2.8694715463486204,0.9973752041670787,0,0,{'qualification': 'offline exact-MAD oracle ablation'},6000,0.251441057,10,0,3.0,,exact_mad_fd,6000,336000,200,0,4.0,10,0,1.5,clean,504,strong,355200,completed,0.7384684563746364,23862.451389551705,oracle_ablation,2.8747930352318534,0.9973647157227084
0,512,0.0026691666666666665,3.1276650940589814,0.8513698031767448,0,0,{'qualification': 'offline exact-MAD oracle ablation'},6000,0.347552539,20,0,3.0,,exact_mad_fd,6000,336000,200,0,4.0,10,0,1.5,clean,504,strong,387200,completed,0.47550240418847567,17263.576946563466,oracle_ablation,3.134492891474038,0.8510916208817181
0,512,0.0026691666666666665,2.1643287807652425,0.5589434545343775,0,0,{'qualification': 'offline exact-MAD oracle ablation'},6000,0.397117661,40,0,3.0,,exact_mad_fd,6000,336000,200,0,4.0,10,0,1.5,clean,504,strong,451200,completed,0.15190931242366015,15108.872229180459,oracle_ablation,2.1684899476374864,0.5574397286330457
0,512,0.0008769033204916529,3.760383466223788,0.9974731034523048,0,109800,{'qualification': 'offline exact-MAD oracle ablation'},6000,0.269195648,10,0,3.0,0.23839708561020037,exact_mad_fd,6000,336000,200,0,4.0,10,0,1.5,casewise_cauchy,504,strong,355200,completed,0.8966577441055702,22288.621842801855,oracle_ablation,4.862592033357601,0.9973758364108186
0,512,0.0008769033204916529,2.369216348725081,0.9920527921933492,0,109800,{'qualification': 'offline exact-MAD oracle ablation'},6000,0.302685332,20,0,3.0,0.23839708561020037,exact_mad_fd,6000,336000,200,0,4.0,10,0,1.5,casewise_cauchy,504,strong,387200,completed,0.9364439645994193,19822.566096463506,oracle_ablation,3.0194824457706564,0.9925931599801635
0,512,0.0008769033204916529,1.8322667428531736,0.7927114747263985,0,109800,{'qualification': 'offline exact-MAD oracle ablation'},6000,0.446067815,40,0,3.0,0.23839708561020037,exact_mad_fd,6000,336000,200,0,4.0,10,0,1.5,casewise_cauchy,504,strong,451200,completed,0.534625364401684,13450.869572376569,oracle_ablation,2.775555717828283,0.8748377535475136
0,512,0.000869850859115358,3.0821806411178074,0.9986935757742711,0,110158,{'qualification': 'offline exact-MAD oracle ablation'},6000,0.309693274,10,0,3.0,0.23653297990159589,exact_mad_fd,6000,336000,200,0,4.0,10,0,1.5,cellwise_cauchy,504,strong,355200,completed,0.8669134260311416,19374.008103256383,oracle_ablation,4.274498501582715,0.9990150653137214
0,512,0.000869850859115358,2.2028343988612353,0.9953548711694712,0,110158,{'qualification': 'offline exact-MAD oracle ablation'},6000,0.340986582,20,0,3.0,0.23653297990159589,exact_mad_fd,6000,336000,200,0,4.0,10,0,1.5,cellwise_cauchy,504,strong,387200,completed,0.7886982917747719,17596.000302440054,oracle_ablation,3.161804600337197,0.996767023726858
0,512,0.000869850859115358,2.5504498954583346,0.839998948388942,0,110158,{'qualification': 'offline exact-MAD oracle ablation'},6000,0.415813274,40,0,3.0,0.23653297990159589,exact_mad_fd,6000,336000,200,0,4.0,10,0,1.5,cellwise_cauchy,504,strong,451200,completed,0.4875614139159382,14429.553780911765,oracle_ablation,3.962497227660209,0.9067471615884434
0,512,0.004318473674555128,6.400780434405767,1.0027320482132067,0,109800,{'qualification': 'offline exact-MAD oracle ablation'},6000,0.231426683,10,0,3.0,1.0,exact_mad_fd,6000,336000,200,0,4.0,10,0,1.5,bounded_out_of_subspace,504,strong,355200,completed,0.8259776738034704,25926.137480007004,oracle_ablation,5.325376797506436,0.9345864207166636
0,512,0.004318473674555128,3.97793230706171,0.9634161380796505,0,109800,{'qualification': 'offline exact-MAD oracle ablation'},6000,0.333595862,20,0,3.0,1.0,exact_mad_fd,6000,336000,200,0,4.0,10,0,1.5,bounded_out_of_subspace,504,strong,387200,completed,0.554395188181754,17985.834608464058,oracle_ablation,3.1601524527144678,0.7546521628429302
0,512,0.004318473674555128,2.4721727815827306,0.7803159059995546,0,109800,{'qualification': 'offline exact-MAD oracle ablation'},6000,0.439659145,40,0,3.0,1.0,exact_mad_fd,6000,336000,200,0,4.0,10,0,1.5,bounded_out_of_subspace,504,strong,451200,completed,0.3580942301777428,13646.935514101498,oracle_ablation,1.8774180290529678,0.47487313953749033
0,512,0.0039497339937626125,7.457478968708802,0.9442616915024233,0,109800,{'qualification': 'offline exact-MAD oracle ablation'},6000,0.251786506,10,0,3.0,1.0,exact_mad_fd,6000,336000,200,0,4.0,10,0,1.5,in_subspace_leverage,504,strong,355200,completed,0.8206485461747052,23829.712303962784,oracle_ablation,5.267625334355061,0.6956067679185844
0,512,0.0039497339937626125,4.9926307298523565,0.9627915062633544,0,109800,{'qualification': 'offline exact-MAD oracle ablation'},6000,0.287215738,20,0,3.0,1.0,exact_mad_fd,6000,336000,200,0,4.0,10,0,1.5,in_subspace_leverage,504,strong,387200,completed,0.5483018409833887,20890.22015917526,oracle_ablation,3.3678097685259156,0.5620557790568925
0,512,0.0039497339937626125,3.0695712034686347,0.849182490609965,0,109800,{'qualification': 'offline exact-MAD oracle ablation'},6000,0.423212787,40,0,3.0,1.0,exact_mad_fd,6000,336000,200,0,4.0,10,0,1.5,in_subspace_leverage,504,strong,451200,completed,0.2086469433443032,14177.265395338824,oracle_ablation,1.9338827396569414,0.3653387827209727
0,512,0.003976334617501376,5.9725904914121655,0.9984615094003104,0,109800,{'qualification': 'offline exact-MAD oracle ablation'},6000,0.242446144,10,0,3.0,0.9609289617486338,exact_mad_fd,6000,336000,200,0,4.0,10,0,1.5,mixed,504,strong,355200,completed,0.8209576148362947,24747.7641879922,oracle_ablation,5.2145829443321885,0.9657221289922002
0,512,0.003976334617501376,3.9327214575139275,0.950455548214563,0,109800,{'qualification': 'offline exact-MAD oracle ablation'},6000,0.3181241,20,0,3.0,0.9609289617486338,exact_mad_fd,6000,336000,200,0,4.0,10,0,1.5,mixed,504,strong,387200,completed,0.560971835192349,18860.56416348211,oracle_ablation,3.3290287433902233,0.7908801921377827
0,512,0.003976334617501376,2.4169181635205836,0.7494599993411901,0,109800,{'qualification': 'offline exact-MAD oracle ablation'},6000,0.47988583,40,0,3.0,0.9609289617486338,exact_mad_fd,6000,336000,200,0,4.0,10,0,1.5,mixed,504,strong,451200,completed,0.3564191060855965,12502.973884434137,oracle_ablation,1.9867434960667978,0.5080265391646918
0,512,0.0027391666666666667,4.402962244743352,0.9991136058095668,0,0,{'qualification': 'offline exact-MAD oracle ablation'},6000,0.307106006,10,0,3.0,,exact_mad_fd,6000,336000,200,0,4.0,10,0,1.5,clean,504,weak,355200,completed,0.9308878940296819,19537.227806609553,oracle_ablation,4.410418504140186,0.9991090904288171
0,512,0.0027391666666666667,3.4007671327799756,0.9983427099527499,0,0,{'qualification': 'offline exact-MAD oracle ablation'},6000,0.336922276,20,0,3.0,,exact_mad_fd,6000,336000,200,0,4.0,10,0,1.5,clean,504,weak,387200,completed,0.9087968595304108,17808.261511328506,oracle_ablation,3.406435807890104,0.9983314107855409
0,512,0.0027391666666666667,2.475266479516594,0.9925976666128624,0,0,{'qualification': 'offline exact-MAD oracle ablation'},6000,0.502565934,40,0,3.0,,exact_mad_fd,6000,336000,200,0,4.0,10,0,1.5,clean,504,weak,451200,completed,0.7482302716480315,11938.732003271833,oracle_ablation,2.4812326812812953,0.9925779196059628
0,512,0.000910842047330765,5.245553353829086,0.9947725838065917,0,109800,{'qualification': 'offline exact-MAD oracle ablation'},6000,0.234706626,10,0,3.0,0.21308743169398908,exact_mad_fd,6000,336000,200,0,4.0,10,0,1.5,casewise_cauchy,504,weak,355200,completed,0.965936841990154,25563.828777462804,oracle_ablation,5.250584255963697,0.996204071336575
0,512,0.000910842047330765,3.5210989932701793,0.9884654278158936,0,109800,{'qualification': 'offline exact-MAD oracle ablation'},6000,0.322004146,20,0,3.0,0.21308743169398908,exact_mad_fd,6000,336000,200,0,4.0,10,0,1.5,casewise_cauchy,504,weak,387200,completed,0.9715315434278858,18633.30045446061,oracle_ablation,3.497994475178624,0.9916859841002411
0,512,0.000910842047330765,2.523026617961323,0.9732180061920077,0,109800,{'qualification': 'offline exact-MAD oracle ablation'},6000,0.494856111,40,0,3.0,0.21308743169398908,exact_mad_fd,6000,336000,200,0,4.0,10,0,1.5,casewise_cauchy,504,weak,451200,completed,0.9637749801945307,12124.736598433155,oracle_ablation,2.471130706052021,0.9804636402437584
0,512,0.0008942214037166593,4.603457763979012,0.9987008622327104,0,109666,{'qualification': 'offline exact-MAD oracle ablation'},6000,0.285184731,10,0,3.0,0.21403169624131455,exact_mad_fd,6000,336000,200,0,4.0,10,0,1.5,cellwise_cauchy,504,weak,355200,completed,0.9426001111552458,21038.994545609105,oracle_ablation,4.782744386980333,0.9992162358537082
0,512,0.0008942214037166593,3.3083914245582067,0.9972098512976317,0,109666,{'qualification': 'offline exact-MAD oracle ablation'},6000,0.368930448,20,0,3.0,0.21403169624131455,exact_mad_fd,6000,336000,200,0,4.0,10,0,1.5,cellwise_cauchy,504,weak,387200,completed,0.9349373342174255,16263.22802177607,oracle_ablation,3.4366721007328653,0.9983217320559765
0,512,0.0008942214037166593,2.3435348255855684,0.9920636798545774,0,109666,{'qualification': 'offline exact-MAD oracle ablation'},6000,0.503498779,40,0,3.0,0.21403169624131455,exact_mad_fd,6000,336000,200,0,4.0,10,0,1.5,cellwise_cauchy,504,weak,451200,completed,0.906292498616548,11916.61281069363,oracle_ablation,2.4356547495140504,0.9952722305926394
0,512,0.0046239222161071365,10.259875352772806,1.001808372242447,0,109800,{'qualification': 'offline exact-MAD oracle ablation'},6000,0.273376417,10,0,3.0,1.0,exact_mad_fd,6000,336000,200,0,4.0,10,0,1.5,bounded_out_of_subspace,504,weak,355200,completed,0.9480695712755721,21947.760036667685,oracle_ablation,7.52788190841817,0.9166086247885702
0,512,0.0046239222161071365,11.062249145729641,1.1084877628992897,0,109800,{'qualification': 'offline exact-MAD oracle ablation'},6000,0.356129257,20,0,3.0,1.0,exact_mad_fd,6000,336000,200,0,4.0,10,0,1.5,bounded_out_of_subspace,504,weak,387200,completed,0.9369485172189225,16847.81545482516,oracle_ablation,8.169737997341574,0.7548054227992459
0,512,0.0046239222161071365,9.703591792744543,1.1988948708593015,0,109800,{'qualification': 'offline exact-MAD oracle ablation'},6000,0.416590059,40,0,3.0,1.0,exact_mad_fd,6000,336000,200,0,4.0,10,0,1.5,bounded_out_of_subspace,504,weak,451200,completed,0.8480908895341387,14402.648047825836,oracle_ablation,7.078090210351972,0.7065716931021203
0,512,0.0045835626490552195,10.666627001795765,0.987182929716783,0,109800,{'qualification': 'offline exact-MAD oracle ablation'},6000,0.227793633,10,0,3.0,1.0,exact_mad_fd,6000,336000,200,0,4.0,10,0,1.5,in_subspace_leverage,504,weak,355200,completed,0.9178982308701353,26339.629957962872,oracle_ablation,7.398861427996257,0.8422172435602582
0,512,0.0045835626490552195,10.778904207512323,1.100373093275153,0,109800,{'qualification': 'offline exact-MAD oracle ablation'},6000,0.316417952,20,0,3.0,1.0,exact_mad_fd,6000,336000,200,0,4.0,10,0,1.5,in_subspace_leverage,504,weak,387200,completed,0.909608212966449,18962.261660804885,oracle_ablation,7.483557046336855,0.6907903150414583
0,512,0.0045835626490552195,9.635244352619171,1.1945854789774073,0,109800,{'qualification': 'offline exact-MAD oracle ablation'},6000,0.445603748,40,0,3.0,1.0,exact_mad_fd,6000,336000,200,0,4.0,10,0,1.5,in_subspace_leverage,504,weak,451200,completed,0.8230539063650726,13464.87776848771,oracle_ablation,6.616948642581272,0.6450815883510995
0,512,0.004300128416804256,8.848007081176398,0.997368205326972,0,109800,{'qualification': 'offline exact-MAD oracle ablation'},6000,0.269410818,10,0,3.0,0.9594899817850637,exact_mad_fd,6000,336000,200,0,4.0,10,0,1.5,mixed,504,weak,355200,completed,0.9440312019863452,22270.820617158737,oracle_ablation,6.804364828081138,0.9660774025195843
0,512,0.004300128416804256,10.84861740524793,1.071592786620876,0,109800,{'qualification': 'offline exact-MAD oracle ablation'},6000,0.322645422,20,0,3.0,0.9594899817850637,exact_mad_fd,6000,336000,200,0,4.0,10,0,1.5,mixed,504,weak,387200,completed,0.9373132531064529,18596.265717354574,oracle_ablation,8.478484262308164,0.80241167413569
0,512,0.004300128416804256,9.53605617311202,1.1524549256600718,0,109800,{'qualification': 'offline exact-MAD oracle ablation'},6000,0.44704339,40,0,3.0,0.9594899817850637,exact_mad_fd,6000,336000,200,0,4.0,10,0,1.5,mixed,504,weak,451200,completed,0.8511523631257184,13421.515974098174,oracle_ablation,7.373467671719591,0.7525203186601719
0,512,0.0027391666666666667,3.056553523673093,0.9983979954596616,0,0,{'qualification': 'offline exact-MAD oracle ablation'},6000,0.227812225,10,0,3.0,,exact_mad_fd,6000,336000,200,0,4.0,10,0,1.5,clean,505,strong,355200,completed,0.7722617783283251,26337.480352514005,oracle_ablation,3.0588658952876666,0.9983958924261943
0,512,0.0027391666666666667,3.154244465871331,0.8563781730753306,0,0,{'qualification': 'offline exact-MAD oracle ablation'},6000,0.32222514,20,0,3.0,,exact_mad_fd,6000,336000,200,0,4.0,10,0,1.5,clean,505,strong,387200,completed,0.4141550351479654,18620.521043143934,oracle_ablation,3.1551186791928436,0.8558498679294819
0,512,0.0027391666666666667,2.189208478084827,0.5630897375021998,0,0,{'qualification': 'offline exact-MAD oracle ablation'},6000,0.439142657,40,0,3.0,,exact_mad_fd,6000,336000,200,0,4.0,10,0,1.5,clean,505,strong,451200,completed,0.1556056462693265,13662.986057854088,oracle_ablation,2.1892102733194174,0.5613381046035387
0,512,0.0008970831040176115,3.7858897271677874,0.9972601964237289,0,109800,{'qualification': 'offline exact-MAD oracle ablation'},6000,0.299195971,10,0,3.0,0.23854280510018214,exact_mad_fd,6000,336000,200,0,4.0,10,0,1.5,casewise_cauchy,505,strong,355200,completed,0.8841149453793239,20053.745977749146,oracle_ablation,4.863882044966789,0.9968757945867082
0,512,0.0008970831040176115,2.474202823023575,0.9907040351737112,0,109800,{'qualification': 'offline exact-MAD oracle ablation'},6000,0.332429175,20,0,3.0,0.23854280510018214,exact_mad_fd,6000,336000,200,0,4.0,10,0,1.5,casewise_cauchy,505,strong,387200,completed,0.9149276476960214,18048.95734557594,oracle_ablation,3.1699379117325894,0.9918861073548243
0,512,0.0008970831040176115,1.8790682460821517,0.7938752000830689,0,109800,{'qualification': 'offline exact-MAD oracle ablation'},6000,0.513621688,40,0,3.0,0.23854280510018214,exact_mad_fd,6000,336000,200,0,4.0,10,0,1.5,casewise_cauchy,505,strong,451200,completed,0.5453797875830086,11681.749700569499,oracle_ablation,2.8244037933777344,0.8758139357551197
0,512,0.0009146000253189174,3.1547944172980693,0.9991433240678728,0,109906,{'qualification': 'offline exact-MAD oracle ablation'},6000,0.279917377,10,0,3.0,0.23909522683020035,exact_mad_fd,6000,336000,200,0,4.0,10,0,1.5,cellwise_cauchy,505,strong,355200,completed,0.9018720009437443,21434.896483757777,oracle_ablation,4.29858061075381,0.9992817702173965
0,512,0.0009146000253189174,2.139713429799619,0.9958954238543974,0,109906,{'qualification': 'offline exact-MAD oracle ablation'},6000,0.328612326,20,0,3.0,0.23909522683020035,exact_mad_fd,6000,336000,200,0,4.0,10,0,1.5,cellwise_cauchy,505,strong,387200,completed,0.8087112087835123,18258.596909721517,oracle_ablation,3.0109787396312155,0.9970223353535336
0,512,0.0009146000253189174,2.5397690950638294,0.841353327358773,0,109906,{'qualification': 'offline exact-MAD oracle ablation'},6000,0.455226043,40,0,3.0,0.23909522683020035,exact_mad_fd,6000,336000,200,0,4.0,10,0,1.5,cellwise_cauchy,505,strong,451200,completed,0.4189794105243906,13180.265259999635,oracle_ablation,3.928358196381104,0.9073638319807273
0,512,0.004207484865162356,7.257829878259628,1.016231145637814,0,109800,{'qualification': 'offline exact-MAD oracle ablation'},6000,0.313147568,10,0,3.0,1.0,exact_mad_fd,6000,336000,200,0,4.0,10,0,1.5,bounded_out_of_subspace,505,strong,355200,completed,0.8689759470319388,19160.295698033333,oracle_ablation,5.978612202667956,0.8928862663548833
0,512,0.004207484865162356,4.230213045986034,0.9999020724374748,0,109800,{'qualification': 'offline exact-MAD oracle ablation'},6000,0.314589625,20,0,3.0,1.0,exact_mad_fd,6000,336000,200,0,4.0,10,0,1.5,bounded_out_of_subspace,505,strong,387200,completed,0.5531611973660248,19072.46623279455,oracle_ablation,3.2924603015064964,0.7222223151782556
0,512,0.004207484865162356,2.5638193824001,0.8385729849353869,0,109800,{'qualification': 'offline exact-MAD oracle ablation'},6000,0.412020455,40,0,3.0,1.0,exact_mad_fd,6000,336000,200,0,4.0,10,0,1.5,bounded_out_of_subspace,505,strong,451200,completed,0.36807978311289036,14562.383802037208,oracle_ablation,1.8943386335972456,0.4561891631664121
0,512,0.004056136488717666,7.566810719359044,0.9499848515592584,0,109800,{'qualification': 'offline exact-MAD oracle ablation'},6000,0.272979358,10,0,3.0,1.0,exact_mad_fd,6000,336000,200,0,4.0,10,0,1.5,in_subspace_leverage,505,strong,355200,completed,0.8596582722277912,21979.68389976212,oracle_ablation,5.300417443688724,0.6851374627081338
0,512,0.004056136488717666,5.06431005992483,0.9782853053361465,0,109800,{'qualification': 'offline exact-MAD oracle ablation'},6000,0.30496577,20,0,3.0,1.0,exact_mad_fd,6000,336000,200,0,4.0,10,0,1.5,in_subspace_leverage,505,strong,387200,completed,0.5254059677185422,19674.339188952254,oracle_ablation,3.3855078084628216,0.5550207251939995
0,512,0.004056136488717666,3.095635262109798,0.8715213954056434,0,109800,{'qualification': 'offline exact-MAD oracle ablation'},6000,0.502685357,40,0,3.0,1.0,exact_mad_fd,6000,336000,200,0,4.0,10,0,1.5,in_subspace_leverage,505,strong,451200,completed,0.2166747737478177,11935.895717766052,oracle_ablation,1.9296531086405555,0.36203292230769857
0,512,0.003897450009172629,7.022486741330449,1.0055703668445457,0,109800,{'qualification': 'offline exact-MAD oracle ablation'},6000,0.253261259,10,0,3.0,0.959936247723133,exact_mad_fd,6000,336000,200,0,4.0,10,0,1.5,mixed,505,strong,355200,completed,0.8719756108702705,23690.950695305513,oracle_ablation,6.097419172626535,0.9281570458866932
0,512,0.003897450009172629,4.182675878355635,0.9804863648877222,0,109800,{'qualification': 'offline exact-MAD oracle ablation'},6000,0.319815508,20,0,3.0,0.959936247723133,exact_mad_fd,6000,336000,200,0,4.0,10,0,1.5,mixed,505,strong,387200,completed,0.5573103260214552,18760.81631413571,oracle_ablation,3.4741799141947802,0.7609470049627849
0,512,0.003897450009172629,2.5002156784867227,0.80080910075126,0,109800,{'qualification': 'offline exact-MAD oracle ablation'},6000,0.431898101,40,0,3.0,0.959936247723133,exact_mad_fd,6000,336000,200,0,4.0,10,0,1.5,mixed,505,strong,451200,completed,0.3666215936630262,13892.165735639575,oracle_ablation,2.003794103856808,0.4908113895130209
0,512,0.0026766666666666666,4.716921326848798,0.9993558246589337,0,0,{'qualification': 'offline exact-MAD oracle ablation'},6000,0.28408808,10,0,3.0,,exact_mad_fd,6000,336000,200,0,4.0,10,0,1.5,clean,505,weak,355200,completed,0.9277727851827718,21120.210323502484,oracle_ablation,4.723953235568936,0.9993516937511013
0,512,0.0026766666666666666,3.3983412361231466,0.9981222561385364,0,0,{'qualification': 'offline exact-MAD oracle ablation'},6000,0.336704318,20,0,3.0,,exact_mad_fd,6000,336000,200,0,4.0,10,0,1.5,clean,505,weak,387200,completed,0.8868339992048021,17819.789290614324,oracle_ablation,3.4041171421791274,0.9981150457806217
0,512,0.0026766666666666666,2.5547239877381926,0.9927122766684469,0,0,{'qualification': 'offline exact-MAD oracle ablation'},6000,0.451347741,40,0,3.0,,exact_mad_fd,6000,336000,200,0,4.0,10,0,1.5,clean,505,weak,451200,completed,0.7336816888422306,13293.519508276435,oracle_ablation,2.5600840578411996,0.9926856912780339
0,512,0.0008814896349293707,5.200664801208982,0.9950938314833458,0,109800,{'qualification': 'offline exact-MAD oracle ablation'},6000,0.236997209,10,0,3.0,0.2109927140255009,exact_mad_fd,6000,336000,200,0,4.0,10,0,1.5,casewise_cauchy,505,weak,355200,completed,0.9518840984111492,25316.753835696018,oracle_ablation,5.210273565454186,0.9965911033343547
0,512,0.0008814896349293707,3.7770695038386637,0.9893979404039821,0,109800,{'qualification': 'offline exact-MAD oracle ablation'},6000,0.314182952,20,0,3.0,0.2109927140255009,exact_mad_fd,6000,336000,200,0,4.0,10,0,1.5,casewise_cauchy,505,weak,387200,completed,0.9697784124472653,19097.153304486106,oracle_ablation,3.7653201786908403,0.992567641378589
0,512,0.0008814896349293707,2.6224729349621487,0.9753634852519287,0,109800,{'qualification': 'offline exact-MAD oracle ablation'},6000,0.465772002,40,0,3.0,0.2109927140255009,exact_mad_fd,6000,336000,200,0,4.0,10,0,1.5,casewise_cauchy,505,weak,451200,completed,0.9617931235401339,12881.839127805712,oracle_ablation,2.5787258398742496,0.9824206462419481
0,512,0.0008712926497752065,4.740307360521807,0.9990145861096148,0,109666,{'qualification': 'offline exact-MAD oracle ablation'},6000,0.293178515,10,0,3.0,0.21332956431346087,exact_mad_fd,6000,336000,200,0,4.0,10,0,1.5,cellwise_cauchy,505,weak,355200,completed,0.9482609498515207,20465.346855311007,oracle_ablation,4.920383267495371,0.999408163756077
0,512,0.0008712926497752065,3.431164869405894,0.9974755271074296,0,109666,{'qualification': 'offline exact-MAD oracle ablation'},6000,0.318071661,20,0,3.0,0.21332956431346087,exact_mad_fd,6000,336000,200,0,4.0,10,0,1.5,cellwise_cauchy,505,weak,387200,completed,0.9377732598252562,18863.673617248158,oracle_ablation,3.562054211026118,0.9985047725063189
0,512,0.0008712926497752065,2.3234437015161564,0.9920036794559977,0,109666,{'qualification': 'offline exact-MAD oracle ablation'},6000,0.423616022,40,0,3.0,0.21332956431346087,exact_mad_fd,6000,336000,200,0,4.0,10,0,1.5,cellwise_cauchy,505,weak,451200,completed,0.9086683068364221,14163.770226802235,oracle_ablation,2.411662965163767,0.99524957486991
0,512,0.004667033571821684,10.225042847163186,1.0002685939515985,0,109800,{'qualification': 'offline exact-MAD oracle ablation'},6000,0.304852515,10,0,3.0,1.0,exact_mad_fd,6000,336000,200,0,4.0,10,0,1.5,bounded_out_of_subspace,505,weak,355200,completed,0.9487461255635975,19681.64835379495,oracle_ablation,7.581854395016423,0.9267713854573233
0,512,0.004667033571821684,10.295180553740616,1.0989038389348689,0,109800,{'qualification': 'offline exact-MAD oracle ablation'},6000,0.308411186,20,0,3.0,1.0,exact_mad_fd,6000,336000,200,0,4.0,10,0,1.5,bounded_out_of_subspace,505,weak,387200,completed,0.929678835807238,19454.547280914772,oracle_ablation,7.636526257180761,0.7632280167925742
0,512,0.004667033571821684,9.134777444446813,1.1870930024218131,0,109800,{'qualification': 'offline exact-MAD oracle ablation'},6000,0.463580677,40,0,3.0,1.0,exact_mad_fd,6000,336000,200,0,4.0,10,0,1.5,bounded_out_of_subspace,505,weak,451200,completed,0.8353918507335937,12942.731001706527,oracle_ablation,6.695553983083251,0.7144148217527165
0,512,0.004283617684828472,11.62994808644717,1.0471743034667624,0,109800,{'qualification': 'offline exact-MAD oracle ablation'},6000,0.258193843,10,0,3.0,1.0,exact_mad_fd,6000,336000,200,0,4.0,10,0,1.5,in_subspace_leverage,505,weak,355200,completed,0.9165228437914633,23238.354293367098,oracle_ablation,7.394630063253408,0.7374381660032305
0,512,0.004283617684828472,11.0310610860999,1.2364665630070104,0,109800,{'qualification': 'offline exact-MAD oracle ablation'},6000,0.370816356,20,0,3.0,1.0,exact_mad_fd,6000,336000,200,0,4.0,10,0,1.5,in_subspace_leverage,505,weak,387200,completed,0.8961817983504374,16180.51605037616,oracle_ablation,6.973890898946919,0.6045789591914754
0,512,0.004283617684828472,10.00296131259484,1.3572626287558303,0,109800,{'qualification': 'offline exact-MAD oracle ablation'},6000,0.451481805,40,0,3.0,1.0,exact_mad_fd,6000,336000,200,0,4.0,10,0,1.5,in_subspace_leverage,505,weak,451200,completed,0.8116466160080164,13289.572101360762,oracle_ablation,6.253826465885604,0.5648529512995172
0,512,0.004356998715831957,9.056332768575805,0.997522377678803,0,109800,{'qualification': 'offline exact-MAD oracle ablation'},6000,0.256360651,10,0,3.0,0.9606648451730418,exact_mad_fd,6000,336000,200,0,4.0,10,0,1.5,mixed,505,weak,355200,completed,0.9430613833374442,23404.52786570588,oracle_ablation,7.017799593554089,0.9702213333303742
0,512,0.004356998715831957,10.060461104611292,1.0672162494948592,0,109800,{'qualification': 'offline exact-MAD oracle ablation'},6000,0.339035779,20,0,3.0,0.9606648451730418,exact_mad_fd,6000,336000,200,0,4.0,10,0,1.5,mixed,505,weak,387200,completed,0.9279117570977949,17697.247227703363,oracle_ablation,7.857673433092725,0.8061088977418595
0,512,0.004356998715831957,8.970507154469956,1.146390088104635,0,109800,{'qualification': 'offline exact-MAD oracle ablation'},6000,0.526737474,40,0,3.0,0.9606648451730418,exact_mad_fd,6000,336000,200,0,4.0,10,0,1.5,mixed,505,weak,451200,completed,0.8403468723813288,11390.873625216951,oracle_ablation,6.935257709765293,0.7561856788919106
0,512,0.002768333333333333,3.0716732289007465,0.9973275478853402,0,0,{'qualification': 'offline exact-MAD oracle ablation'},6000,0.268634278,10,0,3.0,,exact_mad_fd,6000,336000,200,0,4.0,10,0,1.5,clean,506,strong,355200,completed,0.775385852359653,22335.198786507804,oracle_ablation,3.074613826091451,0.9973175224160755
0,512,0.002768333333333333,3.2193891897589286,0.8460523717772006,0,0,{'qualification': 'offline exact-MAD oracle ablation'},6000,0.323573338,20,0,3.0,,exact_mad_fd,6000,336000,200,0,4.0,10,0,1.5,clean,506,strong,387200,completed,0.4777977238803055,18542.93693382117,oracle_ablation,3.2226279307709054,0.8455358496138067
0,512,0.002768333333333333,2.170435281277427,0.555379713161693,0,0,{'qualification': 'offline exact-MAD oracle ablation'},6000,0.445282412,40,0,3.0,,exact_mad_fd,6000,336000,200,0,4.0,10,0,1.5,clean,506,strong,451200,completed,0.15286103959609168,13474.594635460247,oracle_ablation,2.1721473591269262,0.5534527160866163
0,512,0.0009080902586681343,3.203130852060912,0.9971255239969617,0,109800,{'qualification': 'offline exact-MAD oracle ablation'},6000,0.281372307,10,0,3.0,0.23694899817850637,exact_mad_fd,6000,336000,200,0,4.0,10,0,1.5,casewise_cauchy,506,strong,355200,completed,0.935808467358023,21324.060153510418,oracle_ablation,4.113518225491497,0.9965589105789986
0,512,0.0009080902586681343,2.2931024639717634,0.9908319275632019,0,109800,{'qualification': 'offline exact-MAD oracle ablation'},6000,0.355726278,20,0,3.0,0.23694899817850637,exact_mad_fd,6000,336000,200,0,4.0,10,0,1.5,casewise_cauchy,506,strong,387200,completed,0.9367144470966823,16866.901241408992,oracle_ablation,2.935501305428763,0.9915788548421269
0,512,0.0009080902586681343,1.807355641712557,0.7919090560962906,0,109800,{'qualification': 'offline exact-MAD oracle ablation'},6000,0.513065229,40,0,3.0,0.23694899817850637,exact_mad_fd,6000,336000,200,0,4.0,10,0,1.5,casewise_cauchy,506,strong,451200,completed,0.54000380644049,11694.419463377824,oracle_ablation,2.766038269009811,0.8746791718744877
0,512,0.0008869411445301321,3.1606442412500466,0.9991002496008644,0,109736,{'qualification': 'offline exact-MAD oracle ablation'},6000,0.256817754,10,0,3.0,0.2378526645768025,exact_mad_fd,6000,336000,200,0,4.0,10,0,1.5,cellwise_cauchy,506,strong,355200,completed,0.9030204044031471,23362.870777228276,oracle_ablation,4.364042012950245,0.9992898252550675
0,512,0.0008869411445301321,2.1405417052948894,0.9952612419669747,0,109736,{'qualification': 'offline exact-MAD oracle ablation'},6000,0.316575163,20,0,3.0,0.2378526645768025,exact_mad_fd,6000,336000,200,0,4.0,10,0,1.5,cellwise_cauchy,506,strong,387200,completed,0.8004287352503014,18952.84501519786,oracle_ablation,3.06537933275322,0.9966318064493189
0,512,0.0008869411445301321,2.564014403316284,0.8365066961535967,0,109736,{'qualification': 'offline exact-MAD oracle ablation'},6000,0.437990978,40,0,3.0,0.2378526645768025,exact_mad_fd,6000,336000,200,0,4.0,10,0,1.5,cellwise_cauchy,506,strong,451200,completed,0.4673851403048306,13698.912309559035,oracle_ablation,3.991365627151659,0.9043178006324981
0,512,0.004257017061089708,7.071974237094433,1.0165515288240388,0,109800,{'qualification': 'offline exact-MAD oracle ablation'},6000,0.272926589,10,0,3.0,1.0,exact_mad_fd,6000,336000,200,0,4.0,10,0,1.5,bounded_out_of_subspace,506,strong,355200,completed,0.8658142850833044,21983.93356244232,oracle_ablation,5.794508013672569,0.8895762039877931
0,512,0.004257017061089708,4.130892503467054,0.9957716765644407,0,109800,{'qualification': 'offline exact-MAD oracle ablation'},6000,0.346381314,20,0,3.0,1.0,exact_mad_fd,6000,336000,200,0,4.0,10,0,1.5,bounded_out_of_subspace,506,strong,387200,completed,0.5562401850093194,17321.95057150225,oracle_ablation,3.1976695208829984,0.7134611052642725
0,512,0.004257017061089708,2.5343351087207773,0.8379649629802267,0,109800,{'qualification': 'offline exact-MAD oracle ablation'},6000,0.532981501,40,0,3.0,1.0,exact_mad_fd,6000,336000,200,0,4.0,10,0,1.5,bounded_out_of_subspace,506,strong,451200,completed,0.36505003424802573,11257.426362345735,oracle_ablation,1.8528679257353866,0.44970592941120074
0,512,0.00405430196294258,7.561518868875119,0.9773134452392509,0,109800,{'qualification': 'offline exact-MAD oracle ablation'},6000,0.249183053,10,0,3.0,1.0,exact_mad_fd,6000,336000,200,0,4.0,10,0,1.5,in_subspace_leverage,506,strong,355200,completed,0.8656938840837667,24078.684034744532,oracle_ablation,5.1509356888226545,0.6389817811001568
0,512,0.00405430196294258,5.00757096664972,1.0280431193626602,0,109800,{'qualification': 'offline exact-MAD oracle ablation'},6000,0.334670044,20,0,3.0,1.0,exact_mad_fd,6000,336000,200,0,4.0,10,0,1.5,in_subspace_leverage,506,strong,387200,completed,0.5650448868824082,17928.105928715868,oracle_ablation,3.2390031089703553,0.5163243583649189
0,512,0.00405430196294258,3.095839361167093,0.9436432760020699,0,109800,{'qualification': 'offline exact-MAD oracle ablation'},6000,0.487453001,40,0,3.0,1.0,exact_mad_fd,6000,336000,200,0,4.0,10,0,1.5,in_subspace_leverage,506,strong,451200,completed,0.22317421373354826,12308.878984622355,oracle_ablation,1.8569260080106749,0.33579994040227684
0,512,0.0039350577875619155,6.794946883920333,1.006145064902354,0,109800,{'qualification': 'offline exact-MAD oracle ablation'},6000,0.258762348,10,0,3.0,0.9615664845173042,exact_mad_fd,6000,336000,200,0,4.0,10,0,1.5,mixed,506,strong,355200,completed,0.8678273459007216,23187.29925885508,oracle_ablation,5.851560929704659,0.9221444418554329
0,512,0.0039350577875619155,4.108952755248387,0.9771113842840146,0,109800,{'qualification': 'offline exact-MAD oracle ablation'},6000,0.343441903,20,0,3.0,0.9615664845173042,exact_mad_fd,6000,336000,200,0,4.0,10,0,1.5,mixed,506,strong,387200,completed,0.56785759038073,17470.20368682269,oracle_ablation,3.389661678215431,0.7498769408211787
0,512,0.0039350577875619155,2.4811062028524504,0.8021579471304877,0,109800,{'qualification': 'offline exact-MAD oracle ablation'},6000,0.452439427,40,0,3.0,0.9615664845173042,exact_mad_fd,6000,336000,200,0,4.0,10,0,1.5,mixed,506,strong,451200,completed,0.36344724948884827,13261.44372470881,oracle_ablation,1.9625562370565348,0.48192479485863265
0,512,0.002735,4.758370003604074,0.9993842495769883,0,0,{'qualification': 'offline exact-MAD oracle ablation'},6000,0.285775755,10,0,3.0,,exact_mad_fd,6000,336000,200,0,4.0,10,0,1.5,clean,506,weak,355200,completed,0.9306582155058514,20995.482979303124,oracle_ablation,4.764464894667485,0.9993804408712234
0,512,0.002735,3.338370657270299,0.9983984853785786,0,0,{'qualification': 'offline exact-MAD oracle ablation'},6000,0.338741053,20,0,3.0,,exact_mad_fd,6000,336000,200,0,4.0,10,0,1.5,clean,506,weak,387200,completed,0.908555224785456,17712.644944750762,oracle_ablation,3.342629457703312,0.9983885121524047
0,512,0.002735,2.366022729605092,0.993572778582019,0,0,{'qualification': 'offline exact-MAD oracle ablation'},6000,0.472055514,40,0,3.0,,exact_mad_fd,6000,336000,200,0,4.0,10,0,1.5,clean,506,weak,451200,completed,0.7295905710270693,12710.369484212824,oracle_ablation,2.370542904470604,0.9935482653595166
0,512,0.0008759860576041093,5.683540064935532,0.9952949380772226,0,109800,{'qualification': 'offline exact-MAD oracle ablation'},6000,0.291113271,10,0,3.0,0.21138433515482696,exact_mad_fd,6000,336000,200,0,4.0,10,0,1.5,casewise_cauchy,506,weak,355200,completed,0.9493217934557874,20610.534103750975,oracle_ablation,5.692931246881217,0.9967129591221702
0,512,0.0008759860576041093,3.9248724406881457,0.9902716399214393,0,109800,{'qualification': 'offline exact-MAD oracle ablation'},6000,0.376308226,20,0,3.0,0.21138433515482696,exact_mad_fd,6000,336000,200,0,4.0,10,0,1.5,casewise_cauchy,506,weak,387200,completed,0.9670855311564136,15944.376405951858,oracle_ablation,3.9111707900123083,0.9931972613888573
0,512,0.0008759860576041093,2.573317475147709,0.9744728658177002,0,109800,{'qualification': 'offline exact-MAD oracle ablation'},6000,0.438141001,40,0,3.0,0.21138433515482696,exact_mad_fd,6000,336000,200,0,4.0,10,0,1.5,casewise_cauchy,506,weak,451200,completed,0.9540403571988705,13694.221691888635,oracle_ablation,2.5284895182551606,0.9819797823515285
0,512,0.0008645453794546572,4.746287493172456,0.9989129680737945,0,110410,{'qualification': 'offline exact-MAD oracle ablation'},6000,0.27420815,10,0,3.0,0.21176523865591884,exact_mad_fd,6000,336000,200,0,4.0,10,0,1.5,cellwise_cauchy,506,weak,355200,completed,0.9544227782727202,21881.187703574822,oracle_ablation,4.922844858037337,0.9993311581273039
0,512,0.0008645453794546572,3.3568022427888846,0.9972943182826339,0,110410,{'qualification': 'offline exact-MAD oracle ablation'},6000,0.337748339,20,0,3.0,0.21176523865591884,exact_mad_fd,6000,336000,200,0,4.0,10,0,1.5,cellwise_cauchy,506,weak,387200,completed,0.9500332063940088,17764.7061648466,oracle_ablation,3.4761192091675963,0.9983380167887412
0,512,0.0008645453794546572,2.316875037398928,0.9921194889554823,0,110410,{'qualification': 'offline exact-MAD oracle ablation'},6000,0.484691917,40,0,3.0,0.21176523865591884,exact_mad_fd,6000,336000,200,0,4.0,10,0,1.5,cellwise_cauchy,506,weak,451200,completed,0.9318283783604743,12378.997440553563,oracle_ablation,2.392935172040131,0.9951934585739829
0,512,0.005629242340854889,4.758549605403185,0.9993943271599959,0,109800,{'qualification': 'offline exact-MAD oracle ablation'},6000,0.256448174,10,0,3.0,1.0,exact_mad_fd,6000,336000,200,0,4.0,10,0,1.5,bounded_out_of_subspace,506,weak,355200,completed,0.9361053544579044,23396.54015239742,oracle_ablation,4.19355352387567,0.9994554402540831
0,512,0.005629242340854889,9.368684298963384,1.0159252100781595,0,109800,{'qualification': 'offline exact-MAD oracle ablation'},6000,0.331277763,20,0,3.0,1.0,exact_mad_fd,6000,336000,200,0,4.0,10,0,1.5,bounded_out_of_subspace,506,weak,387200,completed,0.9342197430723616,18111.68955520869,oracle_ablation,7.8886693766367815,0.884213880451968
0,512,0.005629242340854889,8.036764128298724,1.0640728626966516,0,109800,{'qualification': 'offline exact-MAD oracle ablation'},6000,0.488055314,40,0,3.0,1.0,exact_mad_fd,6000,336000,200,0,4.0,10,0,1.5,bounded_out_of_subspace,506,weak,451200,completed,0.8252232177948099,12293.68849777548,oracle_ablation,6.691471728565483,0.8282132476900012
0,512,0.0044542285819115755,11.137567482233772,1.013385755143789,0,109800,{'qualification': 'offline exact-MAD oracle ablation'},6000,0.2697157,10,0,3.0,1.0,exact_mad_fd,6000,336000,200,0,4.0,10,0,1.5,in_subspace_leverage,506,weak,355200,completed,0.9158193435090205,22245.64606361439,oracle_ablation,7.321279430697427,0.7836548056668715
0,512,0.0044542285819115755,10.944035824635133,1.1698010447402891,0,109800,{'qualification': 'offline exact-MAD oracle ablation'},6000,0.378104285,20,0,3.0,1.0,exact_mad_fd,6000,336000,200,0,4.0,10,0,1.5,in_subspace_leverage,506,weak,387200,completed,0.9044615770491928,15868.637934108576,oracle_ablation,7.1801604774945895,0.6434131166029871
0,512,0.0044542285819115755,9.73542024779576,1.2802250945462108,0,109800,{'qualification': 'offline exact-MAD oracle ablation'},6000,0.446735359,40,0,3.0,1.0,exact_mad_fd,6000,336000,200,0,4.0,10,0,1.5,in_subspace_leverage,506,weak,451200,completed,0.8054173514384759,13430.77031876494,oracle_ablation,6.30457952836497,0.6005801141978891
0,512,0.005144927536231884,4.7198930126235865,0.9993488943558518,0,109800,{'qualification': 'offline exact-MAD oracle ablation'},6000,0.274240774,10,0,3.0,0.9590346083788707,exact_mad_fd,6000,336000,200,0,4.0,10,0,1.5,mixed,506,weak,355200,completed,0.9376079389298618,21878.584692150846,oracle_ablation,4.233810283876325,0.9992238768335407
0,512,0.005144927536231884,8.887158900695015,1.0058110442863488,0,109800,{'qualification': 'offline exact-MAD oracle ablation'},6000,0.349715601,20,0,3.0,0.9590346083788707,exact_mad_fd,6000,336000,200,0,4.0,10,0,1.5,mixed,506,weak,387200,completed,0.9320328806839207,17156.79821787533,oracle_ablation,7.744773791529639,0.9167449327454991
0,512,0.005144927536231884,7.794399623441491,1.0439462134032598,0,109800,{'qualification': 'offline exact-MAD oracle ablation'},6000,0.498544328,40,0,3.0,0.9590346083788707,exact_mad_fd,6000,336000,200,0,4.0,10,0,1.5,mixed,506,weak,451200,completed,0.8254643885597893,12035.03813606721,oracle_ablation,6.733991096024644,0.8610743858138223
0,512,0.0027558333333333332,3.169718586580338,0.9972493811701706,0,0,{'qualification': 'offline exact-MAD oracle ablation'},6000,0.306492862,10,0,3.0,,exact_mad_fd,6000,336000,200,0,4.0,10,0,1.5,clean,507,strong,355200,completed,0.7785971802378163,19576.312351443932,oracle_ablation,3.180310698572819,0.9972237144164875
0,512,0.0027558333333333332,3.241710388713914,0.8582466777482143,0,0,{'qualification': 'offline exact-MAD oracle ablation'},6000,0.327724945,20,0,3.0,,exact_mad_fd,6000,336000,200,0,4.0,10,0,1.5,clean,507,strong,387200,completed,0.4973958007536508,18308.035721845954,oracle_ablation,3.255428758771345,0.857397133161899
0,512,0.0027558333333333332,2.198776841579396,0.5661345763765413,0,0,{'qualification': 'offline exact-MAD oracle ablation'},6000,0.490799842,40,0,3.0,,exact_mad_fd,6000,336000,200,0,4.0,10,0,1.5,clean,507,strong,451200,completed,0.1653708168630099,12224.942810800661,oracle_ablation,2.208997189659949,0.5638625563118851
0,512,0.0008805723720418272,4.244664133531829,0.9978124842148061,0,109800,{'qualification': 'offline exact-MAD oracle ablation'},6000,0.245857027,10,0,3.0,0.23965391621129326,exact_mad_fd,6000,336000,200,0,4.0,10,0,1.5,casewise_cauchy,507,strong,355200,completed,0.8445843359320607,24404.427537472824,oracle_ablation,5.505568214053221,0.9980208149940901
0,512,0.0008805723720418272,2.400059101557378,0.9906312559835313,0,109800,{'qualification': 'offline exact-MAD oracle ablation'},6000,0.345101152,20,0,3.0,0.23965391621129326,exact_mad_fd,6000,336000,200,0,4.0,10,0,1.5,casewise_cauchy,507,strong,387200,completed,0.8922729964229849,17386.206812778182,oracle_ablation,3.104856759687266,0.9923903224029798
0,512,0.0008805723720418272,1.9429114967488925,0.8006514364063969,0,109800,{'qualification': 'offline exact-MAD oracle ablation'},6000,0.475758395,40,0,3.0,0.23965391621129326,exact_mad_fd,6000,336000,200,0,4.0,10,0,1.5,casewise_cauchy,507,strong,451200,completed,0.560265533177384,12611.443251568897,oracle_ablation,2.9065976387026504,0.8802639321363632
0,512,0.0008896291255404268,3.01632247628708,0.9989577262555925,0,109658,{'qualification': 'offline exact-MAD oracle ablation'},6000,0.269812323,10,0,3.0,0.23720111619763265,exact_mad_fd,6000,336000,200,0,4.0,10,0,1.5,cellwise_cauchy,507,strong,355200,completed,0.8930284099205007,22237.679633335352,oracle_ablation,4.131638061214847,0.999178610201708
0,512,0.0008896291255404268,2.211038538842116,0.9949266077511674,0,109658,{'qualification': 'offline exact-MAD oracle ablation'},6000,0.336435898,20,0,3.0,0.23720111619763265,exact_mad_fd,6000,336000,200,0,4.0,10,0,1.5,cellwise_cauchy,507,strong,387200,completed,0.8068309123974893,17834.00652447617,oracle_ablation,3.1525549777058828,0.9964805902552379
0,512,0.0008896291255404268,2.635719144884504,0.8443799993671509,0,109658,{'qualification': 'offline exact-MAD oracle ablation'},6000,0.462337983,40,0,3.0,0.23720111619763265,exact_mad_fd,6000,336000,200,0,4.0,10,0,1.5,cellwise_cauchy,507,strong,451200,completed,0.5050505458432799,12977.519089103263,oracle_ablation,4.039417709161843,0.9089019060779667
0,512,0.005057787561915245,4.49667124789769,0.9973561271749972,0,109800,{'qualification': 'offline exact-MAD oracle ablation'},6000,0.258075519,10,0,3.0,1.0,exact_mad_fd,6000,336000,200,0,4.0,10,0,1.5,bounded_out_of_subspace,507,strong,355200,completed,0.8139646636221153,23249.00875235671,oracle_ablation,3.8525593464048966,0.9885711376301587
0,512,0.005057787561915245,3.7691191538152173,0.928050922590837,0,109800,{'qualification': 'offline exact-MAD oracle ablation'},6000,0.316826355,20,0,3.0,1.0,exact_mad_fd,6000,336000,200,0,4.0,10,0,1.5,bounded_out_of_subspace,507,strong,387200,completed,0.5566065145870991,18937.81847788515,oracle_ablation,3.2124773485166034,0.8003471899283994
0,512,0.005057787561915245,2.3527663543361066,0.7176770998879809,0,109800,{'qualification': 'offline exact-MAD oracle ablation'},6000,0.402094683,40,0,3.0,1.0,exact_mad_fd,6000,336000,200,0,4.0,10,0,1.5,bounded_out_of_subspace,507,strong,451200,completed,0.3624656032036143,14921.858591201515,oracle_ablation,1.9582507361222803,0.5082700713061247
0,512,0.004245092643551642,7.464241542245143,0.9422716626651849,0,109800,{'qualification': 'offline exact-MAD oracle ablation'},6000,0.249496019,10,0,3.0,1.0,exact_mad_fd,6000,336000,200,0,4.0,10,0,1.5,in_subspace_leverage,507,strong,355200,completed,0.8473973530126078,24048.47990780967,oracle_ablation,5.297415145611152,0.6845127087261418
0,512,0.004245092643551642,5.027252910550462,0.9712216772724196,0,109800,{'qualification': 'offline exact-MAD oracle ablation'},6000,0.326877607,20,0,3.0,1.0,exact_mad_fd,6000,336000,200,0,4.0,10,0,1.5,in_subspace_leverage,507,strong,387200,completed,0.5703925234307146,18355.494140655526,oracle_ablation,3.4141393011110535,0.5564913969952513
0,512,0.004245092643551642,3.067461142739854,0.8622083269587025,0,109800,{'qualification': 'offline exact-MAD oracle ablation'},6000,0.468954676,40,0,3.0,1.0,exact_mad_fd,6000,336000,200,0,4.0,10,0,1.5,in_subspace_leverage,507,strong,451200,completed,0.22607514580335142,12794.413420029528,oracle_ablation,1.9482288461894361,0.36421710825438
0,512,0.004695468721335535,3.0650832562688635,0.9977343452516428,0,109800,{'qualification': 'offline exact-MAD oracle ablation'},6000,0.27354215,10,0,3.0,0.9605555555555556,exact_mad_fd,6000,336000,200,0,4.0,10,0,1.5,mixed,507,strong,355200,completed,0.7961929946783,21934.462385413,oracle_ablation,2.890373255112143,0.9974483073284793
0,512,0.004695468721335535,3.7143059631805704,0.9245428969244273,0,109800,{'qualification': 'offline exact-MAD oracle ablation'},6000,0.363514765,20,0,3.0,0.9605555555555556,exact_mad_fd,6000,336000,200,0,4.0,10,0,1.5,mixed,507,strong,387200,completed,0.562244457584548,16505.51938378624,oracle_ablation,3.335654208568565,0.8292999049948979
0,512,0.004695468721335535,2.3138173385365275,0.6999755674472639,0,109800,{'qualification': 'offline exact-MAD oracle ablation'},6000,0.413658304,40,0,3.0,0.9605555555555556,exact_mad_fd,6000,336000,200,0,4.0,10,0,1.5,mixed,507,strong,451200,completed,0.36138583681605063,14504.72513661904,oracle_ablation,2.055841749814996,0.5366438047684877
0,512,0.002778333333333333,4.5257547943477086,0.9993005330388057,0,0,{'qualification': 'offline exact-MAD oracle ablation'},6000,0.260570387,10,0,3.0,,exact_mad_fd,6000,336000,200,0,4.0,10,0,1.5,clean,507,weak,355200,completed,0.9217489233832444,23026.407831984376,oracle_ablation,4.534410027508921,0.999298977693492
0,512,0.002778333333333333,3.458060971432679,0.9982836181234194,0,0,{'qualification': 'offline exact-MAD oracle ablation'},6000,0.318385835,20,0,3.0,,exact_mad_fd,6000,336000,200,0,4.0,10,0,1.5,clean,507,weak,387200,completed,0.8857632957319376,18845.059485765123,oracle_ablation,3.464876837357764,0.9982767232625287
0,512,0.002778333333333333,2.5072785561363498,0.9927420454882908,0,0,{'qualification': 'offline exact-MAD oracle ablation'},6000,0.452297372,40,0,3.0,,exact_mad_fd,6000,336000,200,0,4.0,10,0,1.5,clean,507,weak,451200,completed,0.7136766731990939,13265.608803935302,oracle_ablation,2.5134610964788857,0.9927166577351669
0,512,0.0008631443771784993,6.114022735558489,0.9965102796471735,0,109800,{'qualification': 'offline exact-MAD oracle ablation'},6000,0.254440876,10,0,3.0,0.21147540983606558,exact_mad_fd,6000,336000,200,0,4.0,10,0,1.5,casewise_cauchy,507,weak,355200,completed,0.9329667888504454,23581.116738491342,oracle_ablation,6.123258582314002,0.9975407280577241
0,512,0.0008631443771784993,3.9379932842312173,0.9908618426881519,0,109800,{'qualification': 'offline exact-MAD oracle ablation'},6000,0.313000522,20,0,3.0,0.21147540983606558,exact_mad_fd,6000,336000,200,0,4.0,10,0,1.5,casewise_cauchy,507,weak,387200,completed,0.9665580810171094,19169.297104239333,oracle_ablation,3.921796069111818,0.9935855314061198
0,512,0.0008631443771784993,2.5665633060332236,0.9752069648909331,0,109800,{'qualification': 'offline exact-MAD oracle ablation'},6000,0.373417557,40,0,3.0,0.21147540983606558,exact_mad_fd,6000,336000,200,0,4.0,10,0,1.5,casewise_cauchy,507,weak,451200,completed,0.9587497290209736,16067.803689262526,oracle_ablation,2.5196698061200986,0.982504790096006
0,512,0.0008809902293508174,4.642396488003759,0.9989714653280445,0,109182,{'qualification': 'offline exact-MAD oracle ablation'},6000,0.256564086,10,0,3.0,0.21106959022549504,exact_mad_fd,6000,336000,200,0,4.0,10,0,1.5,cellwise_cauchy,507,weak,355200,completed,0.9522315812882878,23385.96992877639,oracle_ablation,4.817501450793257,0.9993762073521922
0,512,0.0008809902293508174,3.3292890094173258,0.9975081677479845,0,109182,{'qualification': 'offline exact-MAD oracle ablation'},6000,0.35028848,20,0,3.0,0.21106959022549504,exact_mad_fd,6000,336000,200,0,4.0,10,0,1.5,cellwise_cauchy,507,weak,387200,completed,0.9472877879125063,17128.73914665992,oracle_ablation,3.4494500695277655,0.9984785898735367
0,512,0.0008809902293508174,2.334283155975947,0.9918398021545412,0,109182,{'qualification': 'offline exact-MAD oracle ablation'},6000,0.547724825,40,0,3.0,0.21106959022549504,exact_mad_fd,6000,336000,200,0,4.0,10,0,1.5,cellwise_cauchy,507,weak,451200,completed,0.9236564608312627,10954.405800394386,oracle_ablation,2.4190546688526413,0.9950854148920827
0,512,0.0045340304531278665,11.306223771548295,1.026034470797231,0,109800,{'qualification': 'offline exact-MAD oracle ablation'},6000,0.291687392,10,0,3.0,1.0,exact_mad_fd,6000,336000,200,0,4.0,10,0,1.5,bounded_out_of_subspace,507,weak,355200,completed,0.9463437550965101,20569.966904843113,oracle_ablation,7.854703943589454,0.8448412686301431
0,512,0.0045340304531278665,11.091438016757285,1.1793257561639445,0,109800,{'qualification': 'offline exact-MAD oracle ablation'},6000,0.337394668,20,0,3.0,1.0,exact_mad_fd,6000,336000,200,0,4.0,10,0,1.5,bounded_out_of_subspace,507,weak,387200,completed,0.9288761026342459,17783.32786219372,oracle_ablation,7.690132867485253,0.6952739039815508
0,512,0.0045340304531278665,9.72082320627498,1.2859782048373334,0,109800,{'qualification': 'offline exact-MAD oracle ablation'},6000,0.467731638,40,0,3.0,1.0,exact_mad_fd,6000,336000,200,0,4.0,10,0,1.5,bounded_out_of_subspace,507,weak,451200,completed,0.8226419274379667,12827.868616405205,oracle_ablation,6.642668134160466,0.6507545451885027
0,512,0.004497339937626124,11.40370296139796,1.0440084140064136,0,109800,{'qualification': 'offline exact-MAD oracle ablation'},6000,0.277434277,10,0,3.0,1.0,exact_mad_fd,6000,336000,200,0,4.0,10,0,1.5,in_subspace_leverage,507,weak,355200,completed,0.9128847578847634,21626.743691804168,oracle_ablation,7.269458831063589,0.7417481956026367
0,512,0.004497339937626124,10.942990655503415,1.23042665334622,0,109800,{'qualification': 'offline exact-MAD oracle ablation'},6000,0.332812498,20,0,3.0,1.0,exact_mad_fd,6000,336000,200,0,4.0,10,0,1.5,in_subspace_leverage,507,weak,387200,completed,0.8953709922239611,18028.169122422798,oracle_ablation,6.9435934316102275,0.6082944140877532
0,512,0.004497339937626124,9.758644288234567,1.3489707190535873,0,109800,{'qualification': 'offline exact-MAD oracle ablation'},6000,0.424084169,40,0,3.0,1.0,exact_mad_fd,6000,336000,200,0,4.0,10,0,1.5,in_subspace_leverage,507,weak,451200,completed,0.7956134024977438,14148.134824622515,oracle_ablation,6.110594140627675,0.5682921547987074
0,512,0.004218492019812879,10.83288984949499,1.0055955745471303,0,109800,{'qualification': 'offline exact-MAD oracle ablation'},6000,0.253187621,10,0,3.0,0.9600910746812387,exact_mad_fd,6000,336000,200,0,4.0,10,0,1.5,mixed,507,weak,355200,completed,0.9430306556317116,23697.8410567711,oracle_ablation,7.99677330362296,0.9026379683002589
0,512,0.004218492019812879,10.883136167561457,1.1281072494056028,0,109800,{'qualification': 'offline exact-MAD oracle ablation'},6000,0.355993654,20,0,3.0,0.9600910746812387,exact_mad_fd,6000,336000,200,0,4.0,10,0,1.5,mixed,507,weak,387200,completed,0.9282821452949318,16854.23302517634,oracle_ablation,8.03550133258148,0.7452682377871143
0,512,0.004218492019812879,9.564924369916397,1.2258667511387282,0,109800,{'qualification': 'offline exact-MAD oracle ablation'},6000,0.403740154,40,0,3.0,0.9600910746812387,exact_mad_fd,6000,336000,200,0,4.0,10,0,1.5,mixed,507,weak,451200,completed,0.8259419012818274,14861.04352157155,oracle_ablation,6.974537945413173,0.6990828550651311
0,512,0.0027591666666666667,3.224333906810023,0.9979405381317508,0,0,{'qualification': 'offline exact-MAD oracle ablation'},6000,0.256160858,10,0,3.0,,exact_mad_fd,6000,336000,200,0,4.0,10,0,1.5,clean,508,strong,355200,completed,0.7868374703615769,23422.782258169984,oracle_ablation,3.2289858810197214,0.9979318458879561
0,512,0.0027591666666666667,3.2745381685184833,0.8502119031587523,0,0,{'qualification': 'offline exact-MAD oracle ablation'},6000,0.317430605,20,0,3.0,,exact_mad_fd,6000,336000,200,0,4.0,10,0,1.5,clean,508,strong,387200,completed,0.46080085535843873,18901.7690969023,oracle_ablation,3.2785228148099477,0.849386906166692
0,512,0.0027591666666666667,2.2202068084229882,0.5609272693895739,0,0,{'qualification': 'offline exact-MAD oracle ablation'},6000,0.444518066,40,0,3.0,,exact_mad_fd,6000,336000,200,0,4.0,10,0,1.5,clean,508,strong,451200,completed,0.15843875135797647,13497.764115620894,oracle_ablation,2.2233862713955586,0.5587596300138005
0,512,0.0009328563566318107,3.7329909072250356,0.9972638827147713,0,109800,{'qualification': 'offline exact-MAD oracle ablation'},6000,0.259585828,10,0,3.0,0.237632058287796,exact_mad_fd,6000,336000,200,0,4.0,10,0,1.5,casewise_cauchy,508,strong,355200,completed,0.8829003456488427,23113.742557625294,oracle_ablation,4.817732378842966,0.9972103571179964
0,512,0.0009328563566318107,2.456630222431406,0.9927278830088779,0,109800,{'qualification': 'offline exact-MAD oracle ablation'},6000,0.279275763,20,0,3.0,0.237632058287796,exact_mad_fd,6000,336000,200,0,4.0,10,0,1.5,casewise_cauchy,508,strong,387200,completed,0.9343757346110687,21484.141464864602,oracle_ablation,3.124261371508287,0.9931007006512951
0,512,0.0009328563566318107,1.8991664665974806,0.7917176751726965,0,109800,{'qualification': 'offline exact-MAD oracle ablation'},6000,0.412637598,40,0,3.0,0.237632058287796,exact_mad_fd,6000,336000,200,0,4.0,10,0,1.5,casewise_cauchy,508,strong,451200,completed,0.5809471015103604,14540.604222885187,oracle_ablation,2.8533731032456897,0.8740138308434173
0,512,0.0009379039725688301,3.143842818338257,0.9989218414212104,0,109270,{'qualification': 'offline exact-MAD oracle ablation'},6000,0.246420528,10,0,3.0,0.23655166102315367,exact_mad_fd,6000,336000,200,0,4.0,10,0,1.5,cellwise_cauchy,508,strong,355200,completed,0.8933843764137372,24348.62082594028,oracle_ablation,4.3280228781247185,0.9991562291908866
0,512,0.0009379039725688301,2.233608898841596,0.9956932056352524,0,109270,{'qualification': 'offline exact-MAD oracle ablation'},6000,0.358766411,20,0,3.0,0.23655166102315367,exact_mad_fd,6000,336000,200,0,4.0,10,0,1.5,cellwise_cauchy,508,strong,387200,completed,0.8126887042973068,16723.973638658164,oracle_ablation,3.161078362737483,0.9969133746415949
0,512,0.0009379039725688301,2.6520793211843086,0.8398823179734903,0,109270,{'qualification': 'offline exact-MAD oracle ablation'},6000,0.422998554,40,0,3.0,0.23655166102315367,exact_mad_fd,6000,336000,200,0,4.0,10,0,1.5,cellwise_cauchy,508,strong,451200,completed,0.4386032248312856,14184.445651792936,oracle_ablation,4.090413686832387,0.9060983606679065
0,512,0.00523115024766098,5.2284982839322,0.9979730380352361,0,109800,{'qualification': 'offline exact-MAD oracle ablation'},6000,0.261272459,10,0,3.0,1.0,exact_mad_fd,6000,336000,200,0,4.0,10,0,1.5,bounded_out_of_subspace,508,strong,355200,completed,0.8434175468975095,22964.532974369104,oracle_ablation,4.546545699177743,0.9834345602044433
0,512,0.00523115024766098,3.5748451256300218,0.920186759543227,0,109800,{'qualification': 'offline exact-MAD oracle ablation'},6000,0.308611833,20,0,3.0,1.0,exact_mad_fd,6000,336000,200,0,4.0,10,0,1.5,bounded_out_of_subspace,508,strong,387200,completed,0.5571217030288385,19441.898716825937,oracle_ablation,3.0468647294500983,0.7929134131149639
0,512,0.00523115024766098,2.3260685921099142,0.7122111467438215,0,109800,{'qualification': 'offline exact-MAD oracle ablation'},6000,0.477637899,40,0,3.0,1.0,exact_mad_fd,6000,336000,200,0,4.0,10,0,1.5,bounded_out_of_subspace,508,strong,451200,completed,0.3604974410294274,12561.817252277966,oracle_ablation,1.942506245737724,0.5023839656224804
0,512,0.0036662997615116493,7.873290863724345,0.9514568137915634,0,109800,{'qualification': 'offline exact-MAD oracle ablation'},6000,0.249708808,10,0,3.0,1.0,exact_mad_fd,6000,336000,200,0,4.0,10,0,1.5,in_subspace_leverage,508,strong,355200,completed,0.8507158688112082,24027.98703039742,oracle_ablation,5.425371043215318,0.6721166882784658
0,512,0.0036662997615116493,5.229557027021064,0.9829184063893792,0,109800,{'qualification': 'offline exact-MAD oracle ablation'},6000,0.341510227,20,0,3.0,1.0,exact_mad_fd,6000,336000,200,0,4.0,10,0,1.5,in_subspace_leverage,508,strong,387200,completed,0.5196078332930696,17569.01997549842,oracle_ablation,3.4320365507464485,0.5411494182119642
0,512,0.0036662997615116493,3.2553452535583975,0.8842577725254964,0,109800,{'qualification': 'offline exact-MAD oracle ablation'},6000,0.474579034,40,0,3.0,1.0,exact_mad_fd,6000,336000,200,0,4.0,10,0,1.5,in_subspace_leverage,508,strong,451200,completed,0.20466329766382488,12642.783541086646,oracle_ablation,1.9929202098643528,0.3541502991773267
0,512,0.004829389102916896,4.337661991162434,0.9982466819800467,0,109800,{'qualification': 'offline exact-MAD oracle ablation'},6000,0.30721447,10,0,3.0,0.9604644808743169,exact_mad_fd,6000,336000,200,0,4.0,10,0,1.5,mixed,508,strong,355200,completed,0.8411483862110831,19530.330065507656,oracle_ablation,3.9197373452282496,0.9936642967453013
0,512,0.004829389102916896,3.5375871200705165,0.9157324993225088,0,109800,{'qualification': 'offline exact-MAD oracle ablation'},6000,0.328636315,20,0,3.0,0.9604644808743169,exact_mad_fd,6000,336000,200,0,4.0,10,0,1.5,mixed,508,strong,387200,completed,0.5675086072066374,18257.264112762463,oracle_ablation,3.1899627617840447,0.8239256810808001
0,512,0.004829389102916896,2.290199473767051,0.6924399304121935,0,109800,{'qualification': 'offline exact-MAD oracle ablation'},6000,0.453070645,40,0,3.0,0.9604644808743169,exact_mad_fd,6000,336000,200,0,4.0,10,0,1.5,mixed,508,strong,451200,completed,0.3587537685770789,13242.967881973462,oracle_ablation,2.04703753091376,0.5328048296554088
0,512,0.002671666666666667,4.640613105548732,0.9992757893825137,0,0,{'qualification': 'offline exact-MAD oracle ablation'},6000,0.283265315,10,0,3.0,,exact_mad_fd,6000,336000,200,0,4.0,10,0,1.5,clean,508,weak,355200,completed,0.9359184542137804,21181.555532134244,oracle_ablation,4.648204838196743,0.9992718795556936
0,512,0.002671666666666667,3.3308781139450185,0.9981631488585722,0,0,{'qualification': 'offline exact-MAD oracle ablation'},6000,0.33380091,20,0,3.0,,exact_mad_fd,6000,336000,200,0,4.0,10,0,1.5,clean,508,weak,387200,completed,0.9018758489574774,17974.786228114237,oracle_ablation,3.3362328681243936,0.9981515081924571
0,512,0.002671666666666667,2.4425921313115095,0.9925647660141262,0,0,{'qualification': 'offline exact-MAD oracle ablation'},6000,0.423053677,40,0,3.0,,exact_mad_fd,6000,336000,200,0,4.0,10,0,1.5,clean,508,weak,451200,completed,0.7101201310622371,14182.597448502971,oracle_ablation,2.4480622767246047,0.9925368064199047
0,512,0.0008503026967528894,5.9538506203803525,0.9966197043547551,0,109800,{'qualification': 'offline exact-MAD oracle ablation'},6000,0.303773927,10,0,3.0,0.21114754098360655,exact_mad_fd,6000,336000,200,0,4.0,10,0,1.5,casewise_cauchy,508,weak,355200,completed,0.9599103928468072,19751.53055186333,oracle_ablation,5.9722894476028285,0.9976098628610893
0,512,0.0008503026967528894,3.4173562625629073,0.9878959901413493,0,109800,{'qualification': 'offline exact-MAD oracle ablation'},6000,0.360104058,20,0,3.0,0.21114754098360655,exact_mad_fd,6000,336000,200,0,4.0,10,0,1.5,casewise_cauchy,508,weak,387200,completed,0.9739757192228544,16661.850558762657,oracle_ablation,3.390680320403682,0.9912436666021481
0,512,0.0008503026967528894,2.4971823031081763,0.9729514727356291,0,109800,{'qualification': 'offline exact-MAD oracle ablation'},6000,0.448389864,40,0,3.0,0.21114754098360655,exact_mad_fd,6000,336000,200,0,4.0,10,0,1.5,casewise_cauchy,508,weak,451200,completed,0.968674746705287,13381.21238173216,oracle_ablation,2.446565170518506,0.9804233657264955
0,512,0.0008415469045390306,4.62727364802541,0.9989052194595337,0,110340,{'qualification': 'offline exact-MAD oracle ablation'},6000,0.222328859,10,0,3.0,0.21210802972630052,exact_mad_fd,6000,336000,200,0,4.0,10,0,1.5,cellwise_cauchy,508,weak,355200,completed,0.9510233086780091,26987.049845832207,oracle_ablation,4.801650749989914,0.9993388516788875
0,512,0.0008415469045390306,3.4133848656262087,0.9972709714709466,0,110340,{'qualification': 'offline exact-MAD oracle ablation'},6000,0.335430142,20,0,3.0,0.21210802972630052,exact_mad_fd,6000,336000,200,0,4.0,10,0,1.5,cellwise_cauchy,508,weak,387200,completed,0.9487366800454194,17887.480129916294,oracle_ablation,3.5381568635172584,0.9983485690021051
0,512,0.0008415469045390306,2.3282720282062903,0.9920158227334304,0,110340,{'qualification': 'offline exact-MAD oracle ablation'},6000,0.354718066,40,0,3.0,0.21210802972630052,exact_mad_fd,6000,336000,200,0,4.0,10,0,1.5,cellwise_cauchy,508,weak,451200,completed,0.922195283116727,16914.841884596877,oracle_ablation,2.413090188016999,0.9952226299836233
0,512,0.004542285819115759,10.191958671192788,1.0038962576819852,0,109800,{'qualification': 'offline exact-MAD oracle ablation'},6000,0.258594556,10,0,3.0,1.0,exact_mad_fd,6000,336000,200,0,4.0,10,0,1.5,bounded_out_of_subspace,508,weak,355200,completed,0.94627774498134,23202.34460001548,oracle_ablation,7.478236965212461,0.9085712935496014
0,512,0.004542285819115759,10.435417308224995,1.1151625973734034,0,109800,{'qualification': 'offline exact-MAD oracle ablation'},6000,0.351192258,20,0,3.0,1.0,exact_mad_fd,6000,336000,200,0,4.0,10,0,1.5,bounded_out_of_subspace,508,weak,387200,completed,0.9426611576549204,17084.659081522237,oracle_ablation,7.67167084589155,0.748872635887567
0,512,0.004542285819115759,9.229784321708205,1.2073297709667594,0,109800,{'qualification': 'offline exact-MAD oracle ablation'},6000,0.411055658,40,0,3.0,1.0,exact_mad_fd,6000,336000,200,0,4.0,10,0,1.5,bounded_out_of_subspace,508,weak,451200,completed,0.8336743536431599,14596.563465865249,oracle_ablation,6.701739284538083,0.701061534078632
0,512,0.004461566685011924,11.349341891293008,1.0352013467716459,0,109800,{'qualification': 'offline exact-MAD oracle ablation'},6000,0.293120619,10,0,3.0,1.0,exact_mad_fd,6000,336000,200,0,4.0,10,0,1.5,in_subspace_leverage,508,weak,355200,completed,0.9228275449112954,20469.389087909913,oracle_ablation,7.337748962169756,0.7499081266526282
0,512,0.004461566685011924,11.008705681478668,1.2142381914878175,0,109800,{'qualification': 'offline exact-MAD oracle ablation'},6000,0.323566377,20,0,3.0,1.0,exact_mad_fd,6000,336000,200,0,4.0,10,0,1.5,in_subspace_leverage,508,weak,387200,completed,0.9003669263230945,18543.335854701614,oracle_ablation,7.0939632516179145,0.615343863761446
0,512,0.004461566685011924,9.759550273765882,1.3310577258043639,0,109800,{'qualification': 'offline exact-MAD oracle ablation'},6000,0.446446841,40,0,3.0,1.0,exact_mad_fd,6000,336000,200,0,4.0,10,0,1.5,in_subspace_leverage,508,weak,451200,completed,0.8011380823523273,13439.450006098263,oracle_ablation,6.206105148748978,0.5744723160137092
0,512,0.004178132452760961,9.199422286449563,0.9977312264939031,0,109800,{'qualification': 'offline exact-MAD oracle ablation'},6000,0.277386688,10,0,3.0,0.9585974499089254,exact_mad_fd,6000,336000,200,0,4.0,10,0,1.5,mixed,508,weak,355200,completed,0.9431279571901442,21630.45401803853,oracle_ablation,7.094392539255116,0.9590888365901933
0,512,0.004178132452760961,10.197599962697002,1.0780048651637741,0,109800,{'qualification': 'offline exact-MAD oracle ablation'},6000,0.310561838,20,0,3.0,0.9585974499089254,exact_mad_fd,6000,336000,200,0,4.0,10,0,1.5,mixed,508,weak,387200,completed,0.9409849392348161,19319.82383489114,oracle_ablation,7.927158878469221,0.7956294419969278
0,512,0.004178132452760961,9.05050294611308,1.1610117238617486,0,109800,{'qualification': 'offline exact-MAD oracle ablation'},6000,0.461136805,40,0,3.0,0.9585974499089254,exact_mad_fd,6000,336000,200,0,4.0,10,0,1.5,mixed,508,weak,451200,completed,0.8386210681393959,13011.32317989669,oracle_ablation,6.961058398517752,0.7463237678118627
0,512,0.0027225,3.05243954155002,0.9977835540433858,0,0,{'qualification': 'offline exact-MAD oracle ablation'},6000,0.321032343,10,0,3.0,,exact_mad_fd,6000,336000,200,0,4.0,10,0,1.5,clean,509,strong,355200,completed,0.7623577132652425,18689.70566619825,oracle_ablation,3.0534084544096896,0.9977691016918826
0,512,0.0027225,3.180691288859056,0.8495713670109615,0,0,{'qualification': 'offline exact-MAD oracle ablation'},6000,0.298397525,20,0,3.0,,exact_mad_fd,6000,336000,200,0,4.0,10,0,1.5,clean,509,strong,387200,completed,0.46078825627206144,20107.405381462195,oracle_ablation,3.1817662277416763,0.8487858127566763
0,512,0.0027225,2.1638291380487855,0.5572814491506459,0,0,{'qualification': 'offline exact-MAD oracle ablation'},6000,0.440014374,40,0,3.0,,exact_mad_fd,6000,336000,200,0,4.0,10,0,1.5,clean,509,strong,451200,completed,0.16271198698287823,13635.918175709416,oracle_ablation,2.1646914822527714,0.5552360382463865
0,512,0.000910842047330765,3.9004373847715903,0.9972946417941725,0,109800,{'qualification': 'offline exact-MAD oracle ablation'},6000,0.246177831,10,0,3.0,0.236448087431694,exact_mad_fd,6000,336000,200,0,4.0,10,0,1.5,casewise_cauchy,509,strong,355200,completed,0.8354245291645767,24372.62516948571,oracle_ablation,5.0637901745928495,0.9974883551547975
0,512,0.000910842047330765,2.45505224942156,0.9915818254175375,0,109800,{'qualification': 'offline exact-MAD oracle ablation'},6000,0.306238107,20,0,3.0,0.236448087431694,exact_mad_fd,6000,336000,200,0,4.0,10,0,1.5,casewise_cauchy,509,strong,387200,completed,0.8683362876344177,19592.59759922693,oracle_ablation,3.194611608538877,0.9932307874922152
0,512,0.000910842047330765,1.9157688203908638,0.7945859107457385,0,109800,{'qualification': 'offline exact-MAD oracle ablation'},6000,0.437726071,40,0,3.0,0.236448087431694,exact_mad_fd,6000,336000,200,0,4.0,10,0,1.5,casewise_cauchy,509,strong,451200,completed,0.5455405232140376,13707.202740501149,oracle_ablation,2.8887278523765207,0.8769861165128238
0,512,0.0009054580682093397,2.917837854088328,0.9988777130954968,0,109944,{'qualification': 'offline exact-MAD oracle ablation'},6000,0.260764779,10,0,3.0,0.2408407916757622,exact_mad_fd,6000,336000,200,0,4.0,10,0,1.5,cellwise_cauchy,509,strong,355200,completed,0.8864971322492652,23009.242363977384,oracle_ablation,3.997983348636784,0.999103077815536
0,512,0.0009054580682093397,2.122989683258196,0.9952757440844736,0,109944,{'qualification': 'offline exact-MAD oracle ablation'},6000,0.323013583,20,0,3.0,0.2408407916757622,exact_mad_fd,6000,336000,200,0,4.0,10,0,1.5,cellwise_cauchy,509,strong,387200,completed,0.7901389647417253,18575.07026260255,oracle_ablation,3.0163406156998467,0.9966327251677636
0,512,0.0009054580682093397,2.576141100884011,0.8349667154761178,0,109944,{'qualification': 'offline exact-MAD oracle ablation'},6000,0.456551712,40,0,3.0,0.2408407916757622,exact_mad_fd,6000,336000,200,0,4.0,10,0,1.5,cellwise_cauchy,509,strong,451200,completed,0.41883727390043035,13141.994307098337,oracle_ablation,3.9668484237273214,0.9026788183464769
0,512,0.004653274628508531,6.030252362386312,0.9983014207302898,0,109800,{'qualification': 'offline exact-MAD oracle ablation'},6000,0.274820619,10,0,3.0,1.0,exact_mad_fd,6000,336000,200,0,4.0,10,0,1.5,bounded_out_of_subspace,509,strong,355200,completed,0.844763412268207,21832.422988611346,oracle_ablation,5.1655058639808455,0.9696180775988408
0,512,0.004653274628508531,3.8772081614670335,0.9342529588369837,0,109800,{'qualification': 'offline exact-MAD oracle ablation'},6000,0.309963166,20,0,3.0,1.0,exact_mad_fd,6000,336000,200,0,4.0,10,0,1.5,bounded_out_of_subspace,509,strong,387200,completed,0.541410019011391,19357.13871241075,oracle_ablation,3.211277741560139,0.7791660512545726
0,512,0.004653274628508531,2.3905070037312366,0.7337455444595498,0,109800,{'qualification': 'offline exact-MAD oracle ablation'},6000,0.443946446,40,0,3.0,1.0,exact_mad_fd,6000,336000,200,0,4.0,10,0,1.5,bounded_out_of_subspace,509,strong,451200,completed,0.36029908022928564,13515.143671180555,oracle_ablation,1.9157058703662202,0.4911356426854281
0,512,0.0041441937259218495,7.429554440401086,0.9625883905354532,0,109800,{'qualification': 'offline exact-MAD oracle ablation'},6000,0.289073405,10,0,3.0,1.0,exact_mad_fd,6000,336000,200,0,4.0,10,0,1.5,in_subspace_leverage,509,strong,355200,completed,0.8456804264132216,20755.973729233236,oracle_ablation,5.253751089894116,0.6692590208294612
0,512,0.0041441937259218495,4.785766632860635,0.9959260272960059,0,109800,{'qualification': 'offline exact-MAD oracle ablation'},6000,0.311486999,20,0,3.0,1.0,exact_mad_fd,6000,336000,200,0,4.0,10,0,1.5,in_subspace_leverage,509,strong,387200,completed,0.5450438244815584,19262.441191004575,oracle_ablation,3.2116309759524837,0.5384717432308487
0,512,0.0041441937259218495,2.9953941399152733,0.8985370377675912,0,109800,{'qualification': 'offline exact-MAD oracle ablation'},6000,0.409952647,40,0,3.0,1.0,exact_mad_fd,6000,336000,200,0,4.0,10,0,1.5,in_subspace_leverage,509,strong,451200,completed,0.230249168830604,14635.836709209003,oracle_ablation,1.8821290566419586,0.3501318601951065
0,512,0.004303797468354431,4.525575671753903,0.9979366761593459,0,109800,{'qualification': 'offline exact-MAD oracle ablation'},6000,0.255036111,10,0,3.0,0.9601457194899817,exact_mad_fd,6000,336000,200,0,4.0,10,0,1.5,mixed,509,strong,355200,completed,0.8246456289615666,23526.08019497286,oracle_ablation,3.986812097037411,0.9917539680443276
0,512,0.004303797468354431,3.8214851143818818,0.9277048609118496,0,109800,{'qualification': 'offline exact-MAD oracle ablation'},6000,0.326996171,20,0,3.0,0.9601457194899817,exact_mad_fd,6000,336000,200,0,4.0,10,0,1.5,mixed,509,strong,387200,completed,0.5489111946527974,18348.838708573134,oracle_ablation,3.3481650120260555,0.8110119915076888
0,512,0.004303797468354431,2.345926862266642,0.7113582081216583,0,109800,{'qualification': 'offline exact-MAD oracle ablation'},6000,0.409557955,40,0,3.0,0.9601457194899817,exact_mad_fd,6000,336000,200,0,4.0,10,0,1.5,mixed,509,strong,451200,completed,0.3589833288107085,14649.94130073728,oracle_ablation,2.0185690472813262,0.5215098435961995
0,512,0.0025975,4.440503621344697,0.9992197962386075,0,0,{'qualification': 'offline exact-MAD oracle ablation'},6000,0.248590537,10,0,3.0,,exact_mad_fd,6000,336000,200,0,4.0,10,0,1.5,clean,509,weak,355200,completed,0.9417564253593302,24136.07562221888,oracle_ablation,4.448186887815493,0.99921415496207
0,512,0.0025975,3.333446684885564,0.9981780227100931,0,0,{'qualification': 'offline exact-MAD oracle ablation'},6000,0.317145346,20,0,3.0,,exact_mad_fd,6000,336000,200,0,4.0,10,0,1.5,clean,509,weak,387200,completed,0.9126927093219066,18918.770449180738,oracle_ablation,3.339551705729456,0.9981664583863066
0,512,0.0025975,2.4688476276111104,0.9929524565233963,0,0,{'qualification': 'offline exact-MAD oracle ablation'},6000,0.488897281,40,0,3.0,,exact_mad_fd,6000,336000,200,0,4.0,10,0,1.5,clean,509,weak,451200,completed,0.7394192044425937,12272.516606612095,oracle_ablation,2.4754273534309497,0.9929300557129495
0,512,0.0008686479545037608,6.015908586249442,0.996421066727375,0,109800,{'qualification': 'offline exact-MAD oracle ablation'},6000,0.281032777,10,0,3.0,0.21173952641165755,exact_mad_fd,6000,336000,200,0,4.0,10,0,1.5,casewise_cauchy,509,weak,355200,completed,0.9583005348342265,21349.82283578972,oracle_ablation,6.027792542114603,0.9974423153764559
0,512,0.0008686479545037608,3.901076595977316,0.9906005514927948,0,109800,{'qualification': 'offline exact-MAD oracle ablation'},6000,0.334228619,20,0,3.0,0.21173952641165755,exact_mad_fd,6000,336000,200,0,4.0,10,0,1.5,casewise_cauchy,509,weak,387200,completed,0.963012586460923,17951.78407507946,oracle_ablation,3.8866556288599368,0.9933857154422474
0,512,0.0008686479545037608,2.553821253259532,0.9745133325310774,0,109800,{'qualification': 'offline exact-MAD oracle ablation'},6000,0.47332411,40,0,3.0,0.21173952641165755,exact_mad_fd,6000,336000,200,0,4.0,10,0,1.5,casewise_cauchy,509,weak,451200,completed,0.9602851928234842,12676.303347403958,oracle_ablation,2.5053600371536047,0.9818368035772065
0,512,0.0008619021814377445,4.724276032318808,0.9989284461949297,0,109389,{'qualification': 'offline exact-MAD oracle ablation'},6000,0.290789141,10,0,3.0,0.2125167978498752,exact_mad_fd,6000,336000,200,0,4.0,10,0,1.5,cellwise_cauchy,509,weak,355200,completed,0.9564215788053084,20633.507769122647,oracle_ablation,4.901294152726547,0.9993459117940758
0,512,0.0008619021814377445,3.4293232943382326,0.9974400918367847,0,109389,{'qualification': 'offline exact-MAD oracle ablation'},6000,0.361407648,20,0,3.0,0.2125167978498752,exact_mad_fd,6000,336000,200,0,4.0,10,0,1.5,cellwise_cauchy,509,weak,387200,completed,0.9572291267647753,16601.751604326866,oracle_ablation,3.556529994508071,0.9984523633238276
0,512,0.0008619021814377445,2.344909871614912,0.9922276641391009,0,109389,{'qualification': 'offline exact-MAD oracle ablation'},6000,0.491988981,40,0,3.0,0.2125167978498752,exact_mad_fd,6000,336000,200,0,4.0,10,0,1.5,cellwise_cauchy,509,weak,451200,completed,0.9159517867422824,12195.395083452082,oracle_ablation,2.4301083675788746,0.9953216345819522
0,512,0.003974500091726289,11.530708903578917,1.0697671628068652,0,109800,{'qualification': 'offline exact-MAD oracle ablation'},6000,0.249807059,10,0,3.0,1.0,exact_mad_fd,6000,336000,200,0,4.0,10,0,1.5,bounded_out_of_subspace,509,weak,355200,completed,0.9624516897143447,24018.53664191291,oracle_ablation,7.481206491771097,0.7823701778583179
0,512,0.003974500091726289,11.161640301505777,1.2636412310130691,0,109800,{'qualification': 'offline exact-MAD oracle ablation'},6000,0.379622319,20,0,3.0,1.0,exact_mad_fd,6000,336000,200,0,4.0,10,0,1.5,bounded_out_of_subspace,509,weak,387200,completed,0.9488276173765884,15805.182413418639,oracle_ablation,7.213591101821202,0.6438616440102269
0,512,0.003974500091726289,10.12454070826594,1.384069469078811,0,109800,{'qualification': 'offline exact-MAD oracle ablation'},6000,0.48764102,40,0,3.0,1.0,exact_mad_fd,6000,336000,200,0,4.0,10,0,1.5,bounded_out_of_subspace,509,weak,451200,completed,0.8512258613914203,12304.133069035088,oracle_ablation,6.464746065187454,0.6031187900021837
0,512,0.004931205283434232,9.597624481024443,0.9848073990808455,0,109800,{'qualification': 'offline exact-MAD oracle ablation'},6000,0.255668018,10,0,3.0,1.0,exact_mad_fd,6000,336000,200,0,4.0,10,0,1.5,in_subspace_leverage,509,weak,355200,completed,0.9182391405782379,23467.93332594302,oracle_ablation,7.308823767205437,0.9391086777947637
0,512,0.004931205283434232,10.226149629230276,1.0253653123034863,0,109800,{'qualification': 'offline exact-MAD oracle ablation'},6000,0.305325905,20,0,3.0,1.0,exact_mad_fd,6000,336000,200,0,4.0,10,0,1.5,in_subspace_leverage,509,weak,387200,completed,0.905852986586614,19651.13310644244,oracle_ablation,7.822991802397832,0.7758818029858567
0,512,0.004931205283434232,9.016191354585343,1.0908413718613614,0,109800,{'qualification': 'offline exact-MAD oracle ablation'},6000,0.448343888,40,0,3.0,1.0,exact_mad_fd,6000,336000,200,0,4.0,10,0,1.5,in_subspace_leverage,509,weak,451200,completed,0.7992782066876487,13382.584575347215,oracle_ablation,6.828952150453131,0.7250594357498242
0,512,0.0036938176481379563,11.200026485043642,1.0307490153869554,0,109800,{'qualification': 'offline exact-MAD oracle ablation'},6000,0.248117397,10,0,3.0,0.9594808743169398,exact_mad_fd,6000,336000,200,0,4.0,10,0,1.5,mixed,509,weak,355200,completed,0.9616632077660335,24182.10118494835,oracle_ablation,7.798161740884773,0.8436710046757306
0,512,0.0036938176481379563,11.002254753130865,1.1950740995832823,0,109800,{'qualification': 'offline exact-MAD oracle ablation'},6000,0.339238097,20,0,3.0,0.9594808743169398,exact_mad_fd,6000,336000,200,0,4.0,10,0,1.5,mixed,509,weak,387200,completed,0.9473536557990748,17686.692777315042,oracle_ablation,7.646446909272616,0.6970514897542226
0,512,0.0036938176481379563,9.951905056925453,1.308437881192213,0,109800,{'qualification': 'offline exact-MAD oracle ablation'},6000,0.490006935,40,0,3.0,0.9594808743169398,exact_mad_fd,6000,336000,200,0,4.0,10,0,1.5,mixed,509,weak,451200,completed,0.8573695812676865,12244.7246588459,oracle_ablation,6.8410123670491645,0.6540252869216477
0,512,0.002715,3.2291981928155873,0.9977967893845682,0,0,{'qualification': 'offline exact-MAD oracle ablation'},6000,0.265575313,10,0,3.0,,exact_mad_fd,6000,336000,200,0,4.0,10,0,1.5,clean,510,strong,355200,completed,0.7960536066711073,22592.461370835324,oracle_ablation,3.234414292303571,0.9977829691249775
0,512,0.002715,3.244449939531965,0.8558906216006897,0,0,{'qualification': 'offline exact-MAD oracle ablation'},6000,0.318728675,20,0,3.0,,exact_mad_fd,6000,336000,200,0,4.0,10,0,1.5,clean,510,strong,387200,completed,0.4764536539716658,18824.788827048586,oracle_ablation,3.2509637458286775,0.8552445821125783
0,512,0.002715,2.1884347428571,0.5636530102899545,0,0,{'qualification': 'offline exact-MAD oracle ablation'},6000,0.408037405,40,0,3.0,,exact_mad_fd,6000,336000,200,0,4.0,10,0,1.5,clean,510,strong,451200,completed,0.1617525683913575,14704.534257098316,oracle_ablation,2.1929485717939796,0.5617564756064825
0,512,0.0008824068978169143,3.148614191790549,0.9972272728248305,0,109800,{'qualification': 'offline exact-MAD oracle ablation'},6000,0.311915957,10,0,3.0,0.23898907103825137,exact_mad_fd,6000,336000,200,0,4.0,10,0,1.5,casewise_cauchy,510,strong,355200,completed,0.9451583341201977,19235.950791706367,oracle_ablation,4.008976802028348,0.9968901241185965
0,512,0.0008824068978169143,2.2790427505351967,0.9889972624362875,0,109800,{'qualification': 'offline exact-MAD oracle ablation'},6000,0.340293815,20,0,3.0,0.23898907103825137,exact_mad_fd,6000,336000,200,0,4.0,10,0,1.5,casewise_cauchy,510,strong,387200,completed,0.9259034777904109,17631.82207704833,oracle_ablation,2.918981133416203,0.9906712758833618
0,512,0.0008824068978169143,1.8674353740675964,0.7933771488186238,0,109800,{'qualification': 'offline exact-MAD oracle ablation'},6000,0.451727654,40,0,3.0,0.23898907103825137,exact_mad_fd,6000,336000,200,0,4.0,10,0,1.5,casewise_cauchy,510,strong,451200,completed,0.5842636101401613,13282.339362823248,oracle_ablation,2.797283587319745,0.8750482359332126
0,512,0.0009027464961234194,3.130796904010331,0.9988591872517774,0,109993,{'qualification': 'offline exact-MAD oracle ablation'},6000,0.254672604,10,0,3.0,0.23728782740719864,exact_mad_fd,6000,336000,200,0,4.0,10,0,1.5,cellwise_cauchy,510,strong,355200,completed,0.8887511042571732,23559.660150959935,oracle_ablation,4.3090222256719,0.9991014338533721
0,512,0.0009027464961234194,2.2463684700756184,0.99578983030962,0,109993,{'qualification': 'offline exact-MAD oracle ablation'},6000,0.319703846,20,0,3.0,0.23728782740719864,exact_mad_fd,6000,336000,200,0,4.0,10,0,1.5,cellwise_cauchy,510,strong,387200,completed,0.7919593171672137,18767.36884798064,oracle_ablation,3.1882238101737412,0.9969993846119344
0,512,0.0009027464961234194,2.60002044000562,0.8432477646199062,0,109993,{'qualification': 'offline exact-MAD oracle ablation'},6000,0.387051218,40,0,3.0,0.23728782740719864,exact_mad_fd,6000,336000,200,0,4.0,10,0,1.5,cellwise_cauchy,510,strong,451200,completed,0.47357829657576306,15501.824360619892,oracle_ablation,4.007051105530683,0.9087778485508519
0,512,0.004747752705925519,3.4141058912167574,0.9981428098941788,0,109800,{'qualification': 'offline exact-MAD oracle ablation'},6000,0.239192881,10,0,3.0,1.0,exact_mad_fd,6000,336000,200,0,4.0,10,0,1.5,bounded_out_of_subspace,510,strong,355200,completed,0.8226744144739571,25084.35859343155,oracle_ablation,2.9963755158799845,0.9968777114294747
0,512,0.004747752705925519,3.6903254715551457,0.919931302670259,0,109800,{'qualification': 'offline exact-MAD oracle ablation'},6000,0.304015986,20,0,3.0,1.0,exact_mad_fd,6000,336000,200,0,4.0,10,0,1.5,bounded_out_of_subspace,510,strong,387200,completed,0.5446726976997871,19735.80428760743,oracle_ablation,3.1857200721238277,0.8108763730408358
0,512,0.004747752705925519,2.3072075284615927,0.7007013023303394,0,109800,{'qualification': 'offline exact-MAD oracle ablation'},6000,0.469921123,40,0,3.0,1.0,exact_mad_fd,6000,336000,200,0,4.0,10,0,1.5,bounded_out_of_subspace,510,strong,451200,completed,0.3572900262114003,12768.100232855462,oracle_ablation,1.9504697404190623,0.5131276445162875
0,512,0.004053384700055036,7.527682427030092,0.9269398814366341,0,109800,{'qualification': 'offline exact-MAD oracle ablation'},6000,0.250740528,10,0,3.0,1.0,exact_mad_fd,6000,336000,200,0,4.0,10,0,1.5,in_subspace_leverage,510,strong,355200,completed,0.8556015624175074,23929.119268664854,oracle_ablation,5.575115972751682,0.7341171743484345
0,512,0.004053384700055036,4.9114738449115825,0.9219923493036674,0,109800,{'qualification': 'offline exact-MAD oracle ablation'},6000,0.336140402,20,0,3.0,1.0,exact_mad_fd,6000,336000,200,0,4.0,10,0,1.5,in_subspace_leverage,510,strong,387200,completed,0.5532783770736908,17849.68413288207,oracle_ablation,3.487944016806561,0.5934969435893156
0,512,0.004053384700055036,2.9876180983518696,0.7887235117857618,0,109800,{'qualification': 'offline exact-MAD oracle ablation'},6000,0.461121844,40,0,3.0,1.0,exact_mad_fd,6000,336000,200,0,4.0,10,0,1.5,in_subspace_leverage,510,strong,451200,completed,0.21025965135032043,13011.745329505578,oracle_ablation,1.9998048020151786,0.38757186456886816
0,512,0.004371674922032655,3.386931569653363,0.9982622276435658,0,109800,{'qualification': 'offline exact-MAD oracle ablation'},6000,0.314994606,10,0,3.0,0.9599635701275046,exact_mad_fd,6000,336000,200,0,4.0,10,0,1.5,mixed,510,strong,355200,completed,0.8278212022219977,19047.945221004833,oracle_ablation,3.145980387916896,0.9973469979978667
0,512,0.004371674922032655,3.6103591833997593,0.9175880744923369,0,109800,{'qualification': 'offline exact-MAD oracle ablation'},6000,0.370331751,20,0,3.0,0.9599635701275046,exact_mad_fd,6000,336000,200,0,4.0,10,0,1.5,mixed,510,strong,387200,completed,0.5513151044818732,16201.689387416312,oracle_ablation,3.280200228794629,0.8389564856987635
0,512,0.004371674922032655,2.2699829732437795,0.6846690696040744,0,109800,{'qualification': 'offline exact-MAD oracle ablation'},6000,0.455496468,40,0,3.0,0.9599635701275046,exact_mad_fd,6000,336000,200,0,4.0,10,0,1.5,mixed,510,strong,451200,completed,0.35643032345266196,13172.440230645214,oracle_ablation,2.0467118895411396,0.5418150950178975
0,512,0.002735833333333333,4.52844190721786,0.9992403233092065,0,0,{'qualification': 'offline exact-MAD oracle ablation'},6000,0.291273063,10,0,3.0,,exact_mad_fd,6000,336000,200,0,4.0,10,0,1.5,clean,510,weak,355200,completed,0.9273375952737648,20599.22719321285,oracle_ablation,4.53635709158778,0.9992365971845864
0,512,0.002735833333333333,3.311503538829805,0.998143702587073,0,0,{'qualification': 'offline exact-MAD oracle ablation'},6000,0.393762898,20,0,3.0,,exact_mad_fd,6000,336000,200,0,4.0,10,0,1.5,clean,510,weak,387200,completed,0.8933537103546112,15237.596102820231,oracle_ablation,3.318034414666929,0.9981367100727495
0,512,0.002735833333333333,2.51184371382755,0.992692539431057,0,0,{'qualification': 'offline exact-MAD oracle ablation'},6000,0.550662744,40,0,3.0,,exact_mad_fd,6000,336000,200,0,4.0,10,0,1.5,clean,510,weak,451200,completed,0.7252884543947424,10895.961394475598,oracle_ablation,2.5178480536762105,0.9926688546144404
0,512,0.00093010456796918,5.148189141278143,0.9951750890517335,0,109800,{'qualification': 'offline exact-MAD oracle ablation'},6000,0.343053076,10,0,3.0,0.2140710382513661,exact_mad_fd,6000,336000,200,0,4.0,10,0,1.5,casewise_cauchy,510,weak,355200,completed,0.9568890771036309,17490.004957716803,oracle_ablation,5.159533230890794,0.9966158905943562
0,512,0.00093010456796918,3.440645114060193,0.9879111199890837,0,109800,{'qualification': 'offline exact-MAD oracle ablation'},6000,0.362991345,20,0,3.0,0.2140710382513661,exact_mad_fd,6000,336000,200,0,4.0,10,0,1.5,casewise_cauchy,510,weak,387200,completed,0.9706989240443311,16529.319727995167,oracle_ablation,3.4180973584962984,0.991298648978781
0,512,0.00093010456796918,2.385821805447493,0.9703805740764452,0,109800,{'qualification': 'offline exact-MAD oracle ablation'},6000,0.495139281,40,0,3.0,0.2140710382513661,exact_mad_fd,6000,336000,200,0,4.0,10,0,1.5,casewise_cauchy,510,weak,451200,completed,0.9630494122847768,12117.802465363276,oracle_ablation,2.332435170636867,0.9785353137508267
0,512,0.0009219303846238524,4.574747770128854,0.9987335160647826,0,109896,{'qualification': 'offline exact-MAD oracle ablation'},6000,0.270033553,10,0,3.0,0.21363834898449444,exact_mad_fd,6000,336000,200,0,4.0,10,0,1.5,cellwise_cauchy,510,weak,355200,completed,0.9533556103620531,22219.461001574127,oracle_ablation,4.748073524382999,0.9992356217452943
0,512,0.0009219303846238524,3.290977081856747,0.9968404873454247,0,109896,{'qualification': 'offline exact-MAD oracle ablation'},6000,0.300017245,20,0,3.0,0.21363834898449444,exact_mad_fd,6000,336000,200,0,4.0,10,0,1.5,cellwise_cauchy,510,weak,387200,completed,0.9436258632154085,19998.85039941621,oracle_ablation,3.409534007548497,0.99807799407388
0,512,0.0009219303846238524,2.3557305906121613,0.9916266852822455,0,109896,{'qualification': 'offline exact-MAD oracle ablation'},6000,0.521397203,40,0,3.0,0.21363834898449444,exact_mad_fd,6000,336000,200,0,4.0,10,0,1.5,cellwise_cauchy,510,weak,451200,completed,0.9183171139169757,11507.541593006972,oracle_ablation,2.4409089467572485,0.9949669188505252
0,512,0.004311135571454779,10.662664606493154,1.0109565339703248,0,109800,{'qualification': 'offline exact-MAD oracle ablation'},6000,0.239478981,10,0,3.0,1.0,exact_mad_fd,6000,336000,200,0,4.0,10,0,1.5,bounded_out_of_subspace,510,weak,355200,completed,0.9493339628995554,25054.390890363775,oracle_ablation,7.5833614915034415,0.8814177620077936
0,512,0.004311135571454779,10.711111215798375,1.1386009253897749,0,109800,{'qualification': 'offline exact-MAD oracle ablation'},6000,0.371253502,20,0,3.0,1.0,exact_mad_fd,6000,336000,200,0,4.0,10,0,1.5,bounded_out_of_subspace,510,weak,387200,completed,0.9342703370267879,16161.463710583395,oracle_ablation,7.620682721064293,0.7272130408005243
0,512,0.004311135571454779,9.60243946001345,1.2363653442175568,0,109800,{'qualification': 'offline exact-MAD oracle ablation'},6000,0.414617339,40,0,3.0,1.0,exact_mad_fd,6000,336000,200,0,4.0,10,0,1.5,bounded_out_of_subspace,510,weak,451200,completed,0.8411119713416207,14471.174829473304,oracle_ablation,6.7521991652236455,0.6813747839586917
0,512,0.0037846266740047697,11.695334843914463,1.0383985210165148,0,109800,{'qualification': 'offline exact-MAD oracle ablation'},6000,0.303180579,10,0,3.0,1.0,exact_mad_fd,6000,336000,200,0,4.0,10,0,1.5,in_subspace_leverage,510,weak,355200,completed,0.9193174080596087,19790.18583508939,oracle_ablation,7.314592765115493,0.748815158409203
0,512,0.0037846266740047697,11.356089273002981,1.216906932569975,0,109800,{'qualification': 'offline exact-MAD oracle ablation'},6000,0.37711222,20,0,3.0,1.0,exact_mad_fd,6000,336000,200,0,4.0,10,0,1.5,in_subspace_leverage,510,weak,387200,completed,0.8980694644093584,15910.38338667466,oracle_ablation,7.078327814564579,0.6161599591261319
0,512,0.0037846266740047697,10.229750245473499,1.3335576346121503,0,109800,{'qualification': 'offline exact-MAD oracle ablation'},6000,0.446454748,40,0,3.0,1.0,exact_mad_fd,6000,336000,200,0,4.0,10,0,1.5,in_subspace_leverage,510,weak,451200,completed,0.8126187151160864,13439.21198481688,oracle_ablation,6.2967229942835115,0.5757051393276598
0,512,0.004006604292790314,10.569367982463644,0.9999131277083015,0,109800,{'qualification': 'offline exact-MAD oracle ablation'},6000,0.260555743,10,0,3.0,0.9606102003642987,exact_mad_fd,6000,336000,200,0,4.0,10,0,1.5,mixed,510,weak,355200,completed,0.9494728778140231,23027.70198390906,oracle_ablation,7.975201241196998,0.9326570899830313
0,512,0.004006604292790314,10.612807554335669,1.0983841990419094,0,109800,{'qualification': 'offline exact-MAD oracle ablation'},6000,0.332238845,20,0,3.0,0.9606102003642987,exact_mad_fd,6000,336000,200,0,4.0,10,0,1.5,mixed,510,weak,387200,completed,0.932286262970122,18059.297069853466,oracle_ablation,8.006453068205294,0.7730679972953477
0,512,0.004006604292790314,9.483295682557555,1.187765426400648,0,109800,{'qualification': 'offline exact-MAD oracle ablation'},6000,0.435406728,40,0,3.0,0.9606102003642987,exact_mad_fd,6000,336000,200,0,4.0,10,0,1.5,mixed,510,weak,451200,completed,0.8407181495105857,13780.218848616412,oracle_ablation,7.078685318016967,0.7257285005633275
0,512,0.0027833333333333334,2.9953177117017566,0.9971826616347677,0,0,{'qualification': 'offline exact-MAD oracle ablation'},6000,0.264829088,10,0,3.0,,exact_mad_fd,6000,336000,200,0,4.0,10,0,1.5,clean,511,strong,355200,completed,0.7251564975431569,22656.121520910878,oracle_ablation,2.9970309561335906,0.9971596573423384
0,512,0.0027833333333333334,3.130545870099935,0.8481558405790158,0,0,{'qualification': 'offline exact-MAD oracle ablation'},6000,0.31081645,20,0,3.0,,exact_mad_fd,6000,336000,200,0,4.0,10,0,1.5,clean,511,strong,387200,completed,0.45702255782759665,19303.997584426434,oracle_ablation,3.1333048654373434,0.8474797602507459
0,512,0.0027833333333333334,2.1715057910226627,0.5579731347934965,0,0,{'qualification': 'offline exact-MAD oracle ablation'},6000,0.449808343,40,0,3.0,,exact_mad_fd,6000,336000,200,0,4.0,10,0,1.5,clean,511,strong,451200,completed,0.1585316593837986,13339.014478884399,oracle_ablation,2.1731342826902638,0.5560072464307372
0,512,0.0009585397174830307,4.018588586092853,0.9971675155931331,0,109800,{'qualification': 'offline exact-MAD oracle ablation'},6000,0.254449742,10,0,3.0,0.23636612021857922,exact_mad_fd,6000,336000,200,0,4.0,10,0,1.5,casewise_cauchy,511,strong,355200,completed,0.8380909646696897,23580.295082397846,oracle_ablation,5.2226484342936255,0.9974658842319748
0,512,0.0009585397174830307,2.3627973319851336,0.9894416163458751,0,109800,{'qualification': 'offline exact-MAD oracle ablation'},6000,0.316232418,20,0,3.0,0.23636612021857922,exact_mad_fd,6000,336000,200,0,4.0,10,0,1.5,casewise_cauchy,511,strong,387200,completed,0.8719153917347929,18973.38684612657,oracle_ablation,3.077481937392151,0.9915881749070901
0,512,0.0009585397174830307,1.9147094152320923,0.7865717061413707,0,109800,{'qualification': 'offline exact-MAD oracle ablation'},6000,0.396641219,40,0,3.0,0.23636612021857922,exact_mad_fd,6000,336000,200,0,4.0,10,0,1.5,casewise_cauchy,511,strong,451200,completed,0.536554247404319,15127.020875760269,oracle_ablation,2.8846646055099217,0.8717516531211188
0,512,0.0009437726140850496,2.9209452170536765,0.9984756847360653,0,109695,{'qualification': 'offline exact-MAD oracle ablation'},6000,0.275860319,10,0,3.0,0.23942750353252198,exact_mad_fd,6000,336000,200,0,4.0,10,0,1.5,cellwise_cauchy,511,strong,355200,completed,0.8751588987475551,21750.137974719008,oracle_ablation,4.029485788747431,0.998814516302688
0,512,0.0009437726140850496,2.178618891302597,0.9943889004122608,0,109695,{'qualification': 'offline exact-MAD oracle ablation'},6000,0.353202106,20,0,3.0,0.23942750353252198,exact_mad_fd,6000,336000,200,0,4.0,10,0,1.5,cellwise_cauchy,511,strong,387200,completed,0.7808114056945601,16987.44117907383,oracle_ablation,3.1304284568602267,0.9960842000620515
0,512,0.0009437726140850496,2.5707317626062713,0.8338396611125022,0,109695,{'qualification': 'offline exact-MAD oracle ablation'},6000,0.4246574,40,0,3.0,0.23942750353252198,exact_mad_fd,6000,336000,200,0,4.0,10,0,1.5,cellwise_cauchy,511,strong,451200,completed,0.4665466616699446,14129.036724663221,oracle_ablation,3.9702745998496427,0.9017657054766979
0,512,0.0047037240873234265,6.327669068891469,1.0009449181901569,0,109800,{'qualification': 'offline exact-MAD oracle ablation'},6000,0.314232436,10,0,3.0,1.0,exact_mad_fd,6000,336000,200,0,4.0,10,0,1.5,bounded_out_of_subspace,511,strong,355200,completed,0.8144505655375398,19094.14596524975,oracle_ablation,5.330052221641309,0.941419585464913
0,512,0.0047037240873234265,3.9326222539060187,0.9535443687377648,0,109800,{'qualification': 'offline exact-MAD oracle ablation'},6000,0.325778076,20,0,3.0,1.0,exact_mad_fd,6000,336000,200,0,4.0,10,0,1.5,bounded_out_of_subspace,511,strong,387200,completed,0.5512897372365422,18417.445623320582,oracle_ablation,3.17794096449543,0.7559920786425847
0,512,0.0047037240873234265,2.4266211819997774,0.7692596574733997,0,109800,{'qualification': 'offline exact-MAD oracle ablation'},6000,0.462003287,40,0,3.0,1.0,exact_mad_fd,6000,336000,200,0,4.0,10,0,1.5,bounded_out_of_subspace,511,strong,451200,completed,0.364161097706348,12986.920588727327,oracle_ablation,1.881953012610224,0.47725417470334924
0,512,0.0037488534213905703,7.4031948226992395,0.9882199635491744,0,109800,{'qualification': 'offline exact-MAD oracle ablation'},6000,0.265125691,10,0,3.0,1.0,exact_mad_fd,6000,336000,200,0,4.0,10,0,1.5,in_subspace_leverage,511,strong,355200,completed,0.8211097244202117,22630.775529030117,oracle_ablation,4.905678944349474,0.6361567560774287
0,512,0.0037488534213905703,5.082819385687225,1.0447359130721086,0,109800,{'qualification': 'offline exact-MAD oracle ablation'},6000,0.340352874,20,0,3.0,1.0,exact_mad_fd,6000,336000,200,0,4.0,10,0,1.5,in_subspace_leverage,511,strong,387200,completed,0.5783962734135125,17628.7625530672,oracle_ablation,3.1987253918626832,0.5125770126241548
0,512,0.0037488534213905703,3.1965692070441705,0.9648456966124285,0,109800,{'qualification': 'offline exact-MAD oracle ablation'},6000,0.436007532,40,0,3.0,1.0,exact_mad_fd,6000,336000,200,0,4.0,10,0,1.5,in_subspace_leverage,511,strong,451200,completed,0.22969375450335003,13761.230161500973,oracle_ablation,1.8607961939844182,0.33430374168662547
0,512,0.004315721885892497,5.581138199975197,0.99754259089778,0,109800,{'qualification': 'offline exact-MAD oracle ablation'},6000,0.281465333,10,0,3.0,0.9602823315118397,exact_mad_fd,6000,336000,200,0,4.0,10,0,1.5,mixed,511,strong,355200,completed,0.8033035786745951,21317.012422272266,oracle_ablation,4.909526400574257,0.9728415812146592
0,512,0.004315721885892497,3.8531201247561,0.9405465856165478,0,109800,{'qualification': 'offline exact-MAD oracle ablation'},6000,0.315223421,20,0,3.0,0.9602823315118397,exact_mad_fd,6000,336000,200,0,4.0,10,0,1.5,mixed,511,strong,387200,completed,0.5542629371421908,19034.118660871965,oracle_ablation,3.3142802980420925,0.7917677488380435
0,512,0.004315721885892497,2.3677178356066166,0.7385454624601938,0,109800,{'qualification': 'offline exact-MAD oracle ablation'},6000,0.431493311,40,0,3.0,0.9602823315118397,exact_mad_fd,6000,336000,200,0,4.0,10,0,1.5,mixed,511,strong,451200,completed,0.36254532178814014,13905.198173512359,oracle_ablation,1.9873207688519001,0.5102139648904277
0,512,0.0026416666666666667,4.73062387593536,0.9993466262858145,0,0,{'qualification': 'offline exact-MAD oracle ablation'},6000,0.27404493,10,0,3.0,,exact_mad_fd,6000,336000,200,0,4.0,10,0,1.5,clean,511,weak,355200,completed,0.9424244242178678,21894.22004632598,oracle_ablation,4.735272662008379,0.9993430048340229
0,512,0.0026416666666666667,3.2717114756668004,0.9983024522870495,0,0,{'qualification': 'offline exact-MAD oracle ablation'},6000,0.351912592,20,0,3.0,,exact_mad_fd,6000,336000,200,0,4.0,10,0,1.5,clean,511,weak,387200,completed,0.9156779491689865,17049.68829305204,oracle_ablation,3.275051170714137,0.9982931554629368
0,512,0.0026416666666666667,2.372845821488064,0.9932791118261646,0,0,{'qualification': 'offline exact-MAD oracle ablation'},6000,0.501130753,40,0,3.0,,exact_mad_fd,6000,336000,200,0,4.0,10,0,1.5,clean,511,weak,451200,completed,0.7458484776758241,11972.923162430625,oracle_ablation,2.375952457516971,0.993246862994119
0,512,0.0008512199596404329,5.450224912666614,0.9953055610982143,0,109800,{'qualification': 'offline exact-MAD oracle ablation'},6000,0.299902303,10,0,3.0,0.21160291438979964,exact_mad_fd,6000,336000,200,0,4.0,10,0,1.5,casewise_cauchy,511,weak,355200,completed,0.9589957412273108,20006.515255069582,oracle_ablation,5.454467550320606,0.9965573277154105
0,512,0.0008512199596404329,3.8358069029772484,0.990086693054325,0,109800,{'qualification': 'offline exact-MAD oracle ablation'},6000,0.29634377,20,0,3.0,0.21160291438979964,exact_mad_fd,6000,336000,200,0,4.0,10,0,1.5,casewise_cauchy,511,weak,387200,completed,0.9724533635778521,20246.755988830133,oracle_ablation,3.8172023552933974,0.9928409422663274
0,512,0.0008512199596404329,2.60795983122383,0.9754388858687232,0,109800,{'qualification': 'offline exact-MAD oracle ablation'},6000,0.45203906,40,0,3.0,0.21160291438979964,exact_mad_fd,6000,336000,200,0,4.0,10,0,1.5,casewise_cauchy,511,weak,451200,completed,0.9681236136498134,13273.189268201735,oracle_ablation,2.559359473558985,0.9822888029832397
0,512,0.0008318269653173094,4.629379466580771,0.9990353881965539,0,109629,{'qualification': 'offline exact-MAD oracle ablation'},6000,0.250201477,10,0,3.0,0.20968904213301226,exact_mad_fd,6000,336000,200,0,4.0,10,0,1.5,cellwise_cauchy,511,weak,355200,completed,0.9600726009383219,23980.673783152768,oracle_ablation,4.80239969361804,0.9994156927491586
0,512,0.0008318269653173094,3.3333652242011937,0.997327775561454,0,109629,{'qualification': 'offline exact-MAD oracle ablation'},6000,0.336472157,20,0,3.0,0.20968904213301226,exact_mad_fd,6000,336000,200,0,4.0,10,0,1.5,cellwise_cauchy,511,weak,387200,completed,0.9476719239042964,17832.084691631706,oracle_ablation,3.4514731135124426,0.9983593843802535
0,512,0.0008318269653173094,2.3588139664155627,0.9921568305948933,0,109629,{'qualification': 'offline exact-MAD oracle ablation'},6000,0.456691855,40,0,3.0,0.20968904213301226,exact_mad_fd,6000,336000,200,0,4.0,10,0,1.5,cellwise_cauchy,511,weak,451200,completed,0.9290577867145509,13137.961481708493,oracle_ablation,2.4404548845496925,0.9952494276586588
0,512,0.003804806457530728,11.603997436818418,1.0352744698900243,0,109800,{'qualification': 'offline exact-MAD oracle ablation'},6000,0.270630788,10,0,3.0,1.0,exact_mad_fd,6000,336000,200,0,4.0,10,0,1.5,bounded_out_of_subspace,511,weak,355200,completed,0.9572590467442581,22170.42652220338,oracle_ablation,7.853533296301159,0.8290864911249846
0,512,0.003804806457530728,11.508411281161624,1.1995652526882064,0,109800,{'qualification': 'offline exact-MAD oracle ablation'},6000,0.342341976,20,0,3.0,1.0,exact_mad_fd,6000,336000,200,0,4.0,10,0,1.5,bounded_out_of_subspace,511,weak,387200,completed,0.9444113299252926,17526.334544496523,oracle_ablation,7.78119421085325,0.6828780345829492
0,512,0.003804806457530728,10.177851719665522,1.3104935519620602,0,109800,{'qualification': 'offline exact-MAD oracle ablation'},6000,0.420050613,40,0,3.0,1.0,exact_mad_fd,6000,336000,200,0,4.0,10,0,1.5,bounded_out_of_subspace,511,weak,451200,completed,0.8548598098558157,14283.992962533779,oracle_ablation,6.785633299687742,0.6394690178035927
0,512,0.00445789763346175,11.121600752378905,0.9899796469208882,0,109800,{'qualification': 'offline exact-MAD oracle ablation'},6000,0.289946338,10,0,3.0,1.0,exact_mad_fd,6000,336000,200,0,4.0,10,0,1.5,in_subspace_leverage,511,weak,355200,completed,0.9191280766388975,20693.48432329571,oracle_ablation,7.62851967528099,0.8327441122680802
0,512,0.00445789763346175,10.96623365795841,1.1086544182771483,0,109800,{'qualification': 'offline exact-MAD oracle ablation'},6000,0.338745216,20,0,3.0,1.0,exact_mad_fd,6000,336000,200,0,4.0,10,0,1.5,in_subspace_leverage,511,weak,387200,completed,0.9070336739397927,17712.427265688675,oracle_ablation,7.511102569151972,0.6840430135427394
0,512,0.00445789763346175,9.785389959977683,1.2056344649252984,0,109800,{'qualification': 'offline exact-MAD oracle ablation'},6000,0.440663173,40,0,3.0,1.0,exact_mad_fd,6000,336000,200,0,4.0,10,0,1.5,in_subspace_leverage,511,weak,451200,completed,0.8209775112023455,13615.841685050455,oracle_ablation,6.6258991494987285,0.6389046648341417
0,512,0.003511282333516786,11.331219150470526,1.0102954516193912,0,109800,{'qualification': 'offline exact-MAD oracle ablation'},6000,0.298510958,10,0,3.0,0.9606921675774135,exact_mad_fd,6000,336000,200,0,4.0,10,0,1.5,mixed,511,weak,355200,completed,0.9591553473377533,20099.76464582583,oracle_ablation,8.197439237021573,0.8886783718069481
0,512,0.003511282333516786,11.266576325110666,1.1432461270986782,0,109800,{'qualification': 'offline exact-MAD oracle ablation'},6000,0.31295996,20,0,3.0,0.9606921675774135,exact_mad_fd,6000,336000,200,0,4.0,10,0,1.5,mixed,511,weak,387200,completed,0.9441508807048452,19171.781591485378,oracle_ablation,8.14540930010449,0.7345121668131824
0,512,0.003511282333516786,10.068833682465456,1.2459058578780033,0,109800,{'qualification': 'offline exact-MAD oracle ablation'},6000,0.436212458,40,0,3.0,0.9606921675774135,exact_mad_fd,6000,336000,200,0,4.0,10,0,1.5,mixed,511,weak,451200,completed,0.861145814174097,13754.765344184645,oracle_ablation,7.197431994338843,0.689296099387372
0,512,0.0027875,2.8964277730249672,0.9978832704254731,0,0,{'qualification': 'offline exact-MAD oracle ablation'},6000,0.262086267,10,0,3.0,,exact_mad_fd,6000,336000,200,0,4.0,10,0,1.5,clean,512,strong,355200,completed,0.7562571506441857,22893.225458470893,oracle_ablation,2.9002928185162795,0.9978702875114183
0,512,0.0027875,3.0549258508909456,0.8525538172770083,0,0,{'qualification': 'offline exact-MAD oracle ablation'},6000,0.327066288,20,0,3.0,,exact_mad_fd,6000,336000,200,0,4.0,10,0,1.5,clean,512,strong,387200,completed,0.4831152835341211,18344.905054843195,oracle_ablation,3.05943631071164,0.8517612499759039
0,512,0.0027875,2.145045877923988,0.5590249054844784,0,0,{'qualification': 'offline exact-MAD oracle ablation'},6000,0.457728838,40,0,3.0,,exact_mad_fd,6000,336000,200,0,4.0,10,0,1.5,clean,512,strong,451200,completed,0.1486948683105209,13108.19747826332,oracle_ablation,2.1488346030057843,0.5569933378710993
0,512,0.0009291873050816364,3.6379305768618395,0.9971739208272804,0,109800,{'qualification': 'offline exact-MAD oracle ablation'},6000,0.228546149,10,0,3.0,0.23795081967213114,exact_mad_fd,6000,336000,200,0,4.0,10,0,1.5,casewise_cauchy,512,strong,355200,completed,0.8873196673502095,26252.90352190533,oracle_ablation,4.702685340904641,0.9970099428058022
0,512,0.0009291873050816364,2.4212947870912016,0.9917995661523377,0,109800,{'qualification': 'offline exact-MAD oracle ablation'},6000,0.321261237,20,0,3.0,0.23795081967213114,exact_mad_fd,6000,336000,200,0,4.0,10,0,1.5,casewise_cauchy,512,strong,387200,completed,0.9300513300028559,18676.3895203454,oracle_ablation,3.095005264877182,0.992344590383591
0,512,0.0009291873050816364,1.816398364961527,0.7956666116242841,0,109800,{'qualification': 'offline exact-MAD oracle ablation'},6000,0.394223802,40,0,3.0,0.23795081967213114,exact_mad_fd,6000,336000,200,0,4.0,10,0,1.5,casewise_cauchy,512,strong,451200,completed,0.5735369780589675,15219.781173943424,oracle_ablation,2.755785821867514,0.8758423623413568
0,512,0.0009207672448974912,3.021999201867309,0.9987944624525976,0,109605,{'qualification': 'offline exact-MAD oracle ablation'},6000,0.277024153,10,0,3.0,0.23841978011952009,exact_mad_fd,6000,336000,200,0,4.0,10,0,1.5,cellwise_cauchy,512,strong,355200,completed,0.8739455724426772,21658.761284977198,oracle_ablation,4.182276724764868,0.9990766800962709
0,512,0.0009207672448974912,2.1777541182224667,0.9954375800294663,0,109605,{'qualification': 'offline exact-MAD oracle ablation'},6000,0.296263534,20,0,3.0,0.23841978011952009,exact_mad_fd,6000,336000,200,0,4.0,10,0,1.5,cellwise_cauchy,512,strong,387200,completed,0.7858333819172194,20252.239345798123,oracle_ablation,3.111804749156376,0.9967672356656511
0,512,0.0009207672448974912,2.5265783402306026,0.8388257915397576,0,109605,{'qualification': 'offline exact-MAD oracle ablation'},6000,0.436721583,40,0,3.0,0.23841978011952009,exact_mad_fd,6000,336000,200,0,4.0,10,0,1.5,cellwise_cauchy,512,strong,451200,completed,0.44756143592495146,13738.73019689984,oracle_ablation,3.92735919872151,0.9049384651344304
0,512,0.004710144927536232,6.147202980014694,0.9990517300589864,0,109800,{'qualification': 'offline exact-MAD oracle ablation'},6000,0.258013802,10,0,3.0,1.0,exact_mad_fd,6000,336000,200,0,4.0,10,0,1.5,bounded_out_of_subspace,512,strong,355200,completed,0.8290200788968908,23254.56992413142,oracle_ablation,5.22414634192642,0.9584630531059228
0,512,0.004710144927536232,3.873843555447524,0.946879286622227,0,109800,{'qualification': 'offline exact-MAD oracle ablation'},6000,0.327380972,20,0,3.0,1.0,exact_mad_fd,6000,336000,200,0,4.0,10,0,1.5,bounded_out_of_subspace,512,strong,387200,completed,0.5606876915915703,18327.271628969324,oracle_ablation,3.1621174437263315,0.7746113918838178
0,512,0.004710144927536232,2.38914041390498,0.7497440142458096,0,109800,{'qualification': 'offline exact-MAD oracle ablation'},6000,0.467680092,40,0,3.0,1.0,exact_mad_fd,6000,336000,200,0,4.0,10,0,1.5,bounded_out_of_subspace,512,strong,451200,completed,0.3576843847828849,12829.282457462397,oracle_ablation,1.882307025720674,0.4874319795639373
0,512,0.003852504127682994,7.426210360524356,0.9727909791234972,0,109800,{'qualification': 'offline exact-MAD oracle ablation'},6000,0.276436835,10,0,3.0,1.0,exact_mad_fd,6000,336000,200,0,4.0,10,0,1.5,in_subspace_leverage,512,strong,355200,completed,0.8363102119973419,21704.77751273632,oracle_ablation,5.105133074674291,0.668258298827574
0,512,0.003852504127682994,4.9237304937976205,1.0091048036426262,0,109800,{'qualification': 'offline exact-MAD oracle ablation'},6000,0.297470784,20,0,3.0,1.0,exact_mad_fd,6000,336000,200,0,4.0,10,0,1.5,in_subspace_leverage,512,strong,387200,completed,0.5681605551587404,20170.048027304758,oracle_ablation,3.216846201679591,0.5376761735105038
0,512,0.003852504127682994,3.052327228467193,0.9138556948869351,0,109800,{'qualification': 'offline exact-MAD oracle ablation'},6000,0.430371409,40,0,3.0,1.0,exact_mad_fd,6000,336000,200,0,4.0,10,0,1.5,in_subspace_leverage,512,strong,451200,completed,0.21752161545052218,13941.446561102763,oracle_ablation,1.8500832894888168,0.3494655241779219
0,512,0.004341405246743717,5.0604126320424845,0.9978049772173847,0,109800,{'qualification': 'offline exact-MAD oracle ablation'},6000,0.257601888,10,0,3.0,0.9608378870673953,exact_mad_fd,6000,336000,200,0,4.0,10,0,1.5,mixed,512,strong,355200,completed,0.8108546417801241,23291.754756083155,oracle_ablation,4.459672290741356,0.9845361302216877
0,512,0.004341405246743717,3.8031018131447265,0.9376299579613663,0,109800,{'qualification': 'offline exact-MAD oracle ablation'},6000,0.302928566,20,0,3.0,0.9608378870673953,exact_mad_fd,6000,336000,200,0,4.0,10,0,1.5,mixed,512,strong,387200,completed,0.5726921284569612,19806.649730088513,oracle_ablation,3.2983792222089865,0.8095112812537819
0,512,0.004341405246743717,2.3323645355553193,0.7225877291235612,0,109800,{'qualification': 'offline exact-MAD oracle ablation'},6000,0.448553329,40,0,3.0,0.9608378870673953,exact_mad_fd,6000,336000,200,0,4.0,10,0,1.5,mixed,512,strong,451200,completed,0.35613398184626416,13376.335904977755,oracle_ablation,1.9843656533631215,0.5192266660607417
0,512,0.0028766666666666667,4.646477923926556,0.9991734800738336,0,0,{'qualification': 'offline exact-MAD oracle ablation'},6000,0.305616461,10,0,3.0,,exact_mad_fd,6000,336000,200,0,4.0,10,0,1.5,clean,512,weak,355200,completed,0.9383666322076538,19632.450360715353,oracle_ablation,4.653542319189065,0.9991727497398276
0,512,0.0028766666666666667,3.3885902351197625,0.9980478825630418,0,0,{'qualification': 'offline exact-MAD oracle ablation'},6000,0.374968342,20,0,3.0,,exact_mad_fd,6000,336000,200,0,4.0,10,0,1.5,clean,512,weak,387200,completed,0.8914283346258933,16001.350855374345,oracle_ablation,3.393645948040329,0.9980396579946726
0,512,0.0028766666666666667,2.4030242556235213,0.9926449643319912,0,0,{'qualification': 'offline exact-MAD oracle ablation'},6000,0.470220134,40,0,3.0,,exact_mad_fd,6000,336000,200,0,4.0,10,0,1.5,clean,512,weak,451200,completed,0.7117312996413837,12759.981051768404,oracle_ablation,2.407953382593677,0.992621917003988
0,512,0.0009576224545954871,5.2581686021597225,0.994937143971881,0,109800,{'qualification': 'offline exact-MAD oracle ablation'},6000,0.326690254,10,0,3.0,0.21083788706739526,exact_mad_fd,6000,336000,200,0,4.0,10,0,1.5,casewise_cauchy,512,weak,355200,completed,0.9612529570776704,18366.02079962875,oracle_ablation,5.26331107680034,0.9964483839517508
0,512,0.0009576224545954871,3.70088979320454,0.989337478391441,0,109800,{'qualification': 'offline exact-MAD oracle ablation'},6000,0.369362218,20,0,3.0,0.21083788706739526,exact_mad_fd,6000,336000,200,0,4.0,10,0,1.5,casewise_cauchy,512,weak,387200,completed,0.9669921738272543,16244.216943704836,oracle_ablation,3.6827691772521374,0.9925236526855945
0,512,0.0009576224545954871,2.5011580814087364,0.9734866750761964,0,109800,{'qualification': 'offline exact-MAD oracle ablation'},6000,0.398968733,40,0,3.0,0.21083788706739526,exact_mad_fd,6000,336000,200,0,4.0,10,0,1.5,casewise_cauchy,512,weak,451200,completed,0.9566178905940051,15038.772474433477,oracle_ablation,2.4472401604108547,0.9809366569899627
0,512,0.000953002048174758,4.628668021204668,0.9987852291521321,0,109761,{'qualification': 'offline exact-MAD oracle ablation'},6000,0.317113872,10,0,3.0,0.21231584989203817,exact_mad_fd,6000,336000,200,0,4.0,10,0,1.5,cellwise_cauchy,512,weak,355200,completed,0.9535575165692366,18920.648163887323,oracle_ablation,4.802612212083298,0.9992669092506045
0,512,0.000953002048174758,3.3226499547542665,0.9970607685851033,0,109761,{'qualification': 'offline exact-MAD oracle ablation'},6000,0.320959774,20,0,3.0,0.21231584989203817,exact_mad_fd,6000,336000,200,0,4.0,10,0,1.5,cellwise_cauchy,512,weak,387200,completed,0.9424066613895921,18693.931408363966,oracle_ablation,3.446457571942944,0.9982323261841793
0,512,0.000953002048174758,2.3244353344883266,0.9916771536042299,0,109761,{'qualification': 'offline exact-MAD oracle ablation'},6000,0.474656461,40,0,3.0,0.21231584989203817,exact_mad_fd,6000,336000,200,0,4.0,10,0,1.5,cellwise_cauchy,512,weak,451200,completed,0.913841292341323,12640.721222585444,oracle_ablation,2.4087338738966237,0.9949939839629882
0,512,0.004320308200330214,10.666073487122993,1.0462217744109104,0,109800,{'qualification': 'offline exact-MAD oracle ablation'},6000,0.267777604,10,0,3.0,1.0,exact_mad_fd,6000,336000,200,0,4.0,10,0,1.5,bounded_out_of_subspace,512,weak,355200,completed,0.9571921310616737,22406.653545230765,oracle_ablation,7.164623093706759,0.8114472751000913
0,512,0.004320308200330214,10.479098773226736,1.2224045290459673,0,109800,{'qualification': 'offline exact-MAD oracle ablation'},6000,0.324904272,20,0,3.0,1.0,exact_mad_fd,6000,336000,200,0,4.0,10,0,1.5,bounded_out_of_subspace,512,weak,387200,completed,0.9335690237630663,18466.977867253157,oracle_ablation,7.023003692668135,0.667607538043149
0,512,0.004320308200330214,9.311546526507348,1.3365206466800619,0,109800,{'qualification': 'offline exact-MAD oracle ablation'},6000,0.466284527,40,0,3.0,1.0,exact_mad_fd,6000,336000,200,0,4.0,10,0,1.5,bounded_out_of_subspace,512,weak,451200,completed,0.8510596751926041,12867.679823310971,oracle_ablation,6.147524093701299,0.6252920837891635
0,512,0.004377178499357916,11.585495930078329,1.0370356660596058,0,109800,{'qualification': 'offline exact-MAD oracle ablation'},6000,0.299687826,10,0,3.0,1.0,exact_mad_fd,6000,336000,200,0,4.0,10,0,1.5,in_subspace_leverage,512,weak,355200,completed,0.9225692768845152,20020.833278693142,oracle_ablation,7.391702336741606,0.7483975273304482
0,512,0.004377178499357916,11.37116780728839,1.2179221229478199,0,109800,{'qualification': 'offline exact-MAD oracle ablation'},6000,0.327641034,20,0,3.0,1.0,exact_mad_fd,6000,336000,200,0,4.0,10,0,1.5,in_subspace_leverage,512,weak,387200,completed,0.9016443656868339,18312.724528881812,oracle_ablation,7.239923327541913,0.6140137272450902
0,512,0.004377178499357916,10.17081376979795,1.3357578124689422,0,109800,{'qualification': 'offline exact-MAD oracle ablation'},6000,0.454165579,40,0,3.0,1.0,exact_mad_fd,6000,336000,200,0,4.0,10,0,1.5,in_subspace_leverage,512,weak,451200,completed,0.8083159920813946,13211.04081293664,oracle_ablation,6.396055641082331,0.5733840939995889
0,512,0.004002017978352596,10.325240840986421,1.0146182551524443,0,109800,{'qualification': 'offline exact-MAD oracle ablation'},6000,0.300831372,10,0,3.0,0.9594444444444444,exact_mad_fd,6000,336000,200,0,4.0,10,0,1.5,mixed,512,weak,355200,completed,0.9556959946816016,19944.72837094929,oracle_ablation,7.437389995413374,0.8757256102474198
0,512,0.004002017978352596,10.347422093815894,1.1579848621914621,0,109800,{'qualification': 'offline exact-MAD oracle ablation'},6000,0.337647106,20,0,3.0,0.9594444444444444,exact_mad_fd,6000,336000,200,0,4.0,10,0,1.5,mixed,512,weak,387200,completed,0.9359194667896837,17770.032360354366,oracle_ablation,7.453151059127919,0.7226336714839541
0,512,0.004002017978352596,9.278522028186249,1.2639353671358695,0,109800,{'qualification': 'offline exact-MAD oracle ablation'},6000,0.49172117,40,0,3.0,0.9594444444444444,exact_mad_fd,6000,336000,200,0,4.0,10,0,1.5,mixed,512,weak,451200,completed,0.8577611357655692,12202.037182983195,oracle_ablation,6.604138283040074,0.6781778612663297
0,512,0.0027958333333333333,3.077213560122104,0.9979289286172717,0,0,{'qualification': 'offline exact-MAD oracle ablation'},6000,0.295755591,10,0,3.0,,exact_mad_fd,6000,336000,200,0,4.0,10,0,1.5,clean,513,strong,355200,completed,0.787612260292093,20287.021387196703,oracle_ablation,3.080310308696081,0.9979187367092682
0,512,0.0027958333333333333,3.1316091940087656,0.8490615739611825,0,0,{'qualification': 'offline exact-MAD oracle ablation'},6000,0.307750449,20,0,3.0,,exact_mad_fd,6000,336000,200,0,4.0,10,0,1.5,clean,513,strong,387200,completed,0.4248643363023154,19496.315990752624,oracle_ablation,3.134688702081217,0.8481451419830054
0,512,0.0027958333333333333,2.1529333144005407,0.5566009914901366,0,0,{'qualification': 'offline exact-MAD oracle ablation'},6000,0.473280848,40,0,3.0,,exact_mad_fd,6000,336000,200,0,4.0,10,0,1.5,clean,513,strong,451200,completed,0.16216994616546,12677.462072160588,oracle_ablation,2.1551843425187887,0.5543900017162919
0,512,0.0009337736195193543,3.9618511687428533,0.9978287944196379,0,109800,{'qualification': 'offline exact-MAD oracle ablation'},6000,0.278682889,10,0,3.0,0.23904371584699455,exact_mad_fd,6000,336000,200,0,4.0,10,0,1.5,casewise_cauchy,513,strong,355200,completed,0.864019815601422,21529.847137475314,oracle_ablation,5.136391024148151,0.9979776466596216
0,512,0.0009337736195193543,2.531860919166604,0.9931083328317548,0,109800,{'qualification': 'offline exact-MAD oracle ablation'},6000,0.32687379,20,0,3.0,0.23904371584699455,exact_mad_fd,6000,336000,200,0,4.0,10,0,1.5,casewise_cauchy,513,strong,387200,completed,0.9139006981372609,18355.708483081497,oracle_ablation,3.2469005415983268,0.9938530994942303
0,512,0.0009337736195193543,1.8809488500911997,0.7900482581278792,0,109800,{'qualification': 'offline exact-MAD oracle ablation'},6000,0.416725197,40,0,3.0,0.23904371584699455,exact_mad_fd,6000,336000,200,0,4.0,10,0,1.5,casewise_cauchy,513,strong,451200,completed,0.5256541972794184,14397.97747578964,oracle_ablation,2.832445966226823,0.8733956171144824
0,512,0.0009105589071092368,3.1530707214703346,0.9987302157736551,0,109461,{'qualification': 'offline exact-MAD oracle ablation'},6000,0.285553918,10,0,3.0,0.23671444624112697,exact_mad_fd,6000,336000,200,0,4.0,10,0,1.5,cellwise_cauchy,513,strong,355200,completed,0.8839110255419408,21011.79364662053,oracle_ablation,4.356899351074296,0.9990554114955302
0,512,0.0009105589071092368,2.2484409750287804,0.9959485071371184,0,109461,{'qualification': 'offline exact-MAD oracle ablation'},6000,0.33475589,20,0,3.0,0.23671444624112697,exact_mad_fd,6000,336000,200,0,4.0,10,0,1.5,cellwise_cauchy,513,strong,387200,completed,0.8180732667225723,17923.50838098771,oracle_ablation,3.1599909740479655,0.9970393762150179
0,512,0.0009105589071092368,2.5618017220142275,0.8358237353036314,0,109461,{'qualification': 'offline exact-MAD oracle ablation'},6000,0.443346349,40,0,3.0,0.23671444624112697,exact_mad_fd,6000,336000,200,0,4.0,10,0,1.5,cellwise_cauchy,513,strong,451200,completed,0.4414186719761723,13533.437263064054,oracle_ablation,3.9549161156098855,0.9031938977891474
0,512,0.005306365804439553,4.2372926449349055,0.9978809385303952,0,109800,{'qualification': 'offline exact-MAD oracle ablation'},6000,0.303592011,10,0,3.0,1.0,exact_mad_fd,6000,336000,200,0,4.0,10,0,1.5,bounded_out_of_subspace,513,strong,355200,completed,0.8171792900951828,19763.365907543593,oracle_ablation,3.6474077282835875,0.9911980760437916
0,512,0.005306365804439553,3.532559377926144,0.9177419668994925,0,109800,{'qualification': 'offline exact-MAD oracle ablation'},6000,0.311323883,20,0,3.0,1.0,exact_mad_fd,6000,336000,200,0,4.0,10,0,1.5,bounded_out_of_subspace,513,strong,387200,completed,0.5241538570570802,19272.533614133292,oracle_ablation,3.028876243083134,0.802147546505867
0,512,0.005306365804439553,2.2602452258569223,0.7008205486836572,0,109800,{'qualification': 'offline exact-MAD oracle ablation'},6000,0.436393993,40,0,3.0,1.0,exact_mad_fd,6000,336000,200,0,4.0,10,0,1.5,bounded_out_of_subspace,513,strong,451200,completed,0.3601230343809466,13749.043516279566,oracle_ablation,1.8958229918610736,0.5051478567055192
0,512,0.004341405246743717,7.464181997392267,0.9301027065093231,0,109800,{'qualification': 'offline exact-MAD oracle ablation'},6000,0.270247302,10,0,3.0,1.0,exact_mad_fd,6000,336000,200,0,4.0,10,0,1.5,in_subspace_leverage,513,strong,355200,completed,0.8481975936148934,22201.886774062965,oracle_ablation,5.541932754827977,0.7232802106212415
0,512,0.004341405246743717,4.775475814295409,0.9273533883205675,0,109800,{'qualification': 'offline exact-MAD oracle ablation'},6000,0.322274532,20,0,3.0,1.0,exact_mad_fd,6000,336000,200,0,4.0,10,0,1.5,in_subspace_leverage,513,strong,387200,completed,0.5156703408662626,18617.66725023124,oracle_ablation,3.394451702482449,0.5817478824079865
0,512,0.004341405246743717,2.888437129197131,0.798294423597376,0,109800,{'qualification': 'offline exact-MAD oracle ablation'},6000,0.43298209,40,0,3.0,1.0,exact_mad_fd,6000,336000,200,0,4.0,10,0,1.5,in_subspace_leverage,513,strong,451200,completed,0.21848823245524643,13857.386110358515,oracle_ablation,1.9364833213387835,0.3781355894748433
0,512,0.004875252247294074,2.9995476910319967,0.9981616895327152,0,109800,{'qualification': 'offline exact-MAD oracle ablation'},6000,0.261781903,10,0,3.0,0.9610200364298725,exact_mad_fd,6000,336000,200,0,4.0,10,0,1.5,mixed,513,strong,355200,completed,0.8055123875586513,22919.842553058377,oracle_ablation,2.820924288117971,0.9976890597263407
0,512,0.004875252247294074,3.45155690718214,0.9142102924688015,0,109800,{'qualification': 'offline exact-MAD oracle ablation'},6000,0.383413685,20,0,3.0,0.9610200364298725,exact_mad_fd,6000,336000,200,0,4.0,10,0,1.5,mixed,513,strong,387200,completed,0.5334327583594733,15648.893700807785,oracle_ablation,3.1234881969301114,0.831037853363424
0,512,0.004875252247294074,2.215280128475125,0.682245989565334,0,109800,{'qualification': 'offline exact-MAD oracle ablation'},6000,0.52097118,40,0,3.0,0.9610200364298725,exact_mad_fd,6000,336000,200,0,4.0,10,0,1.5,mixed,513,strong,451200,completed,0.358988684387148,11516.95185902606,oracle_ablation,1.9869863813790072,0.5336289865568186
0,512,0.0027733333333333334,4.521177044502976,0.9993512520514686,0,0,{'qualification': 'offline exact-MAD oracle ablation'},6000,0.274095349,10,0,3.0,,exact_mad_fd,6000,336000,200,0,4.0,10,0,1.5,clean,513,weak,355200,completed,0.9260703191990816,21890.192671602028,oracle_ablation,4.528528344380027,0.9993474663215135
0,512,0.0027733333333333334,3.3968763666626183,0.9982203832221,0,0,{'qualification': 'offline exact-MAD oracle ablation'},6000,0.323276274,20,0,3.0,,exact_mad_fd,6000,336000,200,0,4.0,10,0,1.5,clean,513,weak,387200,completed,0.8941095302359677,18559.976350135737,oracle_ablation,3.4030616591628187,0.9982128040238222
0,512,0.0027733333333333334,2.489670831209052,0.9928318779161316,0,0,{'qualification': 'offline exact-MAD oracle ablation'},6000,0.432901026,40,0,3.0,,exact_mad_fd,6000,336000,200,0,4.0,10,0,1.5,clean,513,weak,451200,completed,0.7304404865993471,13859.981010994416,oracle_ablation,2.496011076869495,0.9928184356225014
0,512,0.0009035039442304165,5.797341107509523,0.9964155711233805,0,109800,{'qualification': 'offline exact-MAD oracle ablation'},6000,0.266063845,10,0,3.0,0.21024590163934426,exact_mad_fd,6000,336000,200,0,4.0,10,0,1.5,casewise_cauchy,513,weak,355200,completed,0.9595489415323035,22550.978318756537,oracle_ablation,5.817332860261491,0.9974319447349297
0,512,0.0009035039442304165,3.8682806733935684,0.9909290710240227,0,109800,{'qualification': 'offline exact-MAD oracle ablation'},6000,0.309098638,20,0,3.0,0.21024590163934426,exact_mad_fd,6000,336000,200,0,4.0,10,0,1.5,casewise_cauchy,513,weak,387200,completed,0.9744281636342886,19411.27932113373,oracle_ablation,3.8548021335124747,0.9934230796915824
0,512,0.0009035039442304165,2.5920008027634984,0.9757166662148437,0,109800,{'qualification': 'offline exact-MAD oracle ablation'},6000,0.422076052,40,0,3.0,0.21024590163934426,exact_mad_fd,6000,336000,200,0,4.0,10,0,1.5,casewise_cauchy,513,weak,451200,completed,0.9655445045860888,14215.447599002846,oracle_ablation,2.5443683968359325,0.9823489544687305
0,512,0.0009047135852781926,4.664882887640017,0.998976101930139,0,109047,{'qualification': 'offline exact-MAD oracle ablation'},6000,0.316920318,10,0,3.0,0.21165185653892357,exact_mad_fd,6000,336000,200,0,4.0,10,0,1.5,cellwise_cauchy,513,weak,355200,completed,0.9593414040614067,18932.20364621747,oracle_ablation,4.84817548822822,0.9993726945788556
0,512,0.0009047135852781926,3.3628109214048982,0.9972432964650766,0,109047,{'qualification': 'offline exact-MAD oracle ablation'},6000,0.351080702,20,0,3.0,0.21165185653892357,exact_mad_fd,6000,336000,200,0,4.0,10,0,1.5,cellwise_cauchy,513,weak,387200,completed,0.9522269094247532,17090.08773714939,oracle_ablation,3.4913849663541168,0.9983177340119961
0,512,0.0009047135852781926,2.3758237727739373,0.9927767519608126,0,109047,{'qualification': 'offline exact-MAD oracle ablation'},6000,0.51451795,40,0,3.0,0.21165185653892357,exact_mad_fd,6000,336000,200,0,4.0,10,0,1.5,cellwise_cauchy,513,weak,451200,completed,0.9248467924181871,11661.400734415583,oracle_ablation,2.4646648547856365,0.9956227315083959
0,512,0.004578059071729958,10.697831822137355,1.0160411780964023,0,109800,{'qualification': 'offline exact-MAD oracle ablation'},6000,0.249100909,10,0,3.0,1.0,exact_mad_fd,6000,336000,200,0,4.0,10,0,1.5,bounded_out_of_subspace,513,weak,355200,completed,0.9447928763085586,24086.6242684004,oracle_ablation,7.592225586192666,0.8679282986427604
0,512,0.004578059071729958,10.58349209604434,1.1524395184236882,0,109800,{'qualification': 'offline exact-MAD oracle ablation'},6000,0.318925425,20,0,3.0,1.0,exact_mad_fd,6000,336000,200,0,4.0,10,0,1.5,bounded_out_of_subspace,513,weak,387200,completed,0.9282532148380047,18813.1755252815,oracle_ablation,7.502028267761912,0.7161502999201728
0,512,0.004578059071729958,9.33572887927099,1.2538073746971077,0,109800,{'qualification': 'offline exact-MAD oracle ablation'},6000,0.42514573,40,0,3.0,1.0,exact_mad_fd,6000,336000,200,0,4.0,10,0,1.5,bounded_out_of_subspace,513,weak,451200,completed,0.8432992374003022,14112.807860024845,oracle_ablation,6.526557259255949,0.670847977835812
0,512,0.0044789946798752525,10.714030334335,0.9862495554402936,0,109800,{'qualification': 'offline exact-MAD oracle ablation'},6000,0.275305569,10,0,3.0,1.0,exact_mad_fd,6000,336000,200,0,4.0,10,0,1.5,in_subspace_leverage,513,weak,355200,completed,0.912350493303862,21793.965235770436,oracle_ablation,7.529620886073954,0.8475709408229252
0,512,0.0044789946798752525,10.524032022383523,1.0925951048726132,0,109800,{'qualification': 'offline exact-MAD oracle ablation'},6000,0.369621665,20,0,3.0,1.0,exact_mad_fd,6000,336000,200,0,4.0,10,0,1.5,in_subspace_leverage,513,weak,387200,completed,0.8947872343702967,16232.814707979847,oracle_ablation,7.383510605440664,0.6974823646204835
0,512,0.0044789946798752525,9.455532624075483,1.184277621958066,0,109800,{'qualification': 'offline exact-MAD oracle ablation'},6000,0.492011576,40,0,3.0,1.0,exact_mad_fd,6000,336000,200,0,4.0,10,0,1.5,in_subspace_leverage,513,weak,451200,completed,0.8105879936555763,12194.83502558891,oracle_ablation,6.565291686446142,0.6518245138057411
0,512,0.004242340854889011,10.11121204054645,1.0013765979579907,0,109800,{'qualification': 'offline exact-MAD oracle ablation'},6000,0.255272721,10,0,3.0,0.9599726775956284,exact_mad_fd,6000,336000,200,0,4.0,10,0,1.5,mixed,513,weak,355200,completed,0.9413558629872097,23504.274081835796,oracle_ablation,7.593415891968908,0.9230727614180213
0,512,0.004242340854889011,10.395149712502453,1.108123561833641,0,109800,{'qualification': 'offline exact-MAD oracle ablation'},6000,0.355385093,20,0,3.0,0.9599726775956284,exact_mad_fd,6000,336000,200,0,4.0,10,0,1.5,mixed,513,weak,387200,completed,0.9271712378556645,16883.094193261506,oracle_ablation,7.823723779091054,0.7637101412405791
0,512,0.004242340854889011,9.177405779412101,1.2008056968868643,0,109800,{'qualification': 'offline exact-MAD oracle ablation'},6000,0.461483467,40,0,3.0,0.9599726775956284,exact_mad_fd,6000,336000,200,0,4.0,10,0,1.5,mixed,513,weak,451200,completed,0.8471297232704756,13001.549197427696,oracle_ablation,6.823387660969297,0.7168523004350853
0,512,0.0027225,2.925937479623047,0.9978053112407462,0,0,{'qualification': 'offline exact-MAD oracle ablation'},6000,0.282240507,10,0,3.0,,exact_mad_fd,6000,336000,200,0,4.0,10,0,1.5,clean,514,strong,355200,completed,0.7696697572903941,21258.465213853942,oracle_ablation,2.9295411198670407,0.9977939947390594
0,512,0.0027225,3.1939024509467213,0.8532530905390933,0,0,{'qualification': 'offline exact-MAD oracle ablation'},6000,0.369517396,20,0,3.0,,exact_mad_fd,6000,336000,200,0,4.0,10,0,1.5,clean,514,strong,387200,completed,0.47185029702418557,16237.395221306442,oracle_ablation,3.199285273605683,0.8529165490193023
0,512,0.0027225,2.179141018358832,0.5599676186881771,0,0,{'qualification': 'offline exact-MAD oracle ablation'},6000,0.444010818,40,0,3.0,,exact_mad_fd,6000,336000,200,0,4.0,10,0,1.5,clean,514,strong,451200,completed,0.158635688424667,13513.184266604965,oracle_ablation,2.181971589500554,0.5581113511615801
0,512,0.0009200146762062007,3.663624439118177,0.9978230075864442,0,109800,{'qualification': 'offline exact-MAD oracle ablation'},6000,0.267290428,10,0,3.0,0.23856102003642987,exact_mad_fd,6000,336000,200,0,4.0,10,0,1.5,casewise_cauchy,514,strong,355200,completed,0.8884193729939945,22447.492956986844,oracle_ablation,4.728672766267646,0.9977653934134751
0,512,0.0009200146762062007,2.44608488130804,0.9913825156208917,0,109800,{'qualification': 'offline exact-MAD oracle ablation'},6000,0.319581359,20,0,3.0,0.23856102003642987,exact_mad_fd,6000,336000,200,0,4.0,10,0,1.5,casewise_cauchy,514,strong,387200,completed,0.914242052952755,18774.56187924903,oracle_ablation,3.148030106892514,0.9925456051934158
0,512,0.0009200146762062007,1.8602498054391514,0.7954201696412946,0,109800,{'qualification': 'offline exact-MAD oracle ablation'},6000,0.491096966,40,0,3.0,0.23856102003642987,exact_mad_fd,6000,336000,200,0,4.0,10,0,1.5,casewise_cauchy,514,strong,451200,completed,0.560709556942375,12217.546463115392,oracle_ablation,2.8144889153286687,0.8770368035896744
0,512,0.0009182711184010157,2.9868328746349704,0.9989827869781812,0,109908,{'qualification': 'offline exact-MAD oracle ablation'},6000,0.287963742,10,0,3.0,0.23761691596608073,exact_mad_fd,6000,336000,200,0,4.0,10,0,1.5,cellwise_cauchy,514,strong,355200,completed,0.8792184455954936,20835.95649343937,oracle_ablation,4.122345143932287,0.9992061830912821
0,512,0.0009182711184010157,2.1477097005551746,0.9955872985876802,0,109908,{'qualification': 'offline exact-MAD oracle ablation'},6000,0.337912293,20,0,3.0,0.23761691596608073,exact_mad_fd,6000,336000,200,0,4.0,10,0,1.5,cellwise_cauchy,514,strong,387200,completed,0.8010944387570138,17756.08678433016,oracle_ablation,3.0603479604458435,0.9968747573480202
0,512,0.0009182711184010157,2.5846732550473095,0.8414335400737983,0,109908,{'qualification': 'offline exact-MAD oracle ablation'},6000,0.445360675,40,0,3.0,0.23761691596608073,exact_mad_fd,6000,336000,200,0,4.0,10,0,1.5,cellwise_cauchy,514,strong,451200,completed,0.4513132805843285,13472.226751946611,oracle_ablation,3.99603468381714,0.9073747502975328
0,512,0.0041496973032471105,7.214853868221727,1.0191723045213377,0,109800,{'qualification': 'offline exact-MAD oracle ablation'},6000,0.314201478,10,0,3.0,1.0,exact_mad_fd,6000,336000,200,0,4.0,10,0,1.5,bounded_out_of_subspace,514,strong,355200,completed,0.8496629668209521,19096.027294944808,oracle_ablation,5.873790548407274,0.8831696734825195
0,512,0.0041496973032471105,4.332410767373444,1.0086775083089137,0,109800,{'qualification': 'offline exact-MAD oracle ablation'},6000,0.354888209,20,0,3.0,1.0,exact_mad_fd,6000,336000,200,0,4.0,10,0,1.5,bounded_out_of_subspace,514,strong,387200,completed,0.5722611507230243,16906.732452190317,oracle_ablation,3.3341513800419023,0.7146723249815191
0,512,0.0041496973032471105,2.6099497070856135,0.8510316628449739,0,109800,{'qualification': 'offline exact-MAD oracle ablation'},6000,0.463644777,40,0,3.0,1.0,exact_mad_fd,6000,336000,200,0,4.0,10,0,1.5,bounded_out_of_subspace,514,strong,451200,completed,0.36696599813872827,12940.941638171415,oracle_ablation,1.8947930242375859,0.4494555344618504
0,512,0.00403137039075399,7.474649483097399,0.9306475844878958,0,109800,{'qualification': 'offline exact-MAD oracle ablation'},6000,0.279765049,10,0,3.0,1.0,exact_mad_fd,6000,336000,200,0,4.0,10,0,1.5,in_subspace_leverage,514,strong,355200,completed,0.838113198800605,21446.567473122777,oracle_ablation,5.4645258367665255,0.7284982676770023
0,512,0.00403137039075399,4.939082161049134,0.9261875193516824,0,109800,{'qualification': 'offline exact-MAD oracle ablation'},6000,0.340897053,20,0,3.0,1.0,exact_mad_fd,6000,336000,200,0,4.0,10,0,1.5,in_subspace_leverage,514,strong,387200,completed,0.5487127988990634,17600.621499065877,oracle_ablation,3.4623926178919744,0.5892116382952934
0,512,0.00403137039075399,2.992134601808287,0.7936585549521135,0,109800,{'qualification': 'offline exact-MAD oracle ablation'},6000,0.47073443,40,0,3.0,1.0,exact_mad_fd,6000,336000,200,0,4.0,10,0,1.5,in_subspace_leverage,514,strong,451200,completed,0.20840316872221715,12746.040267332899,oracle_ablation,1.9716870508517725,0.38270109005768327
0,512,0.003815813612181251,6.88793496020949,1.0059727528758027,0,109800,{'qualification': 'offline exact-MAD oracle ablation'},6000,0.307574234,10,0,3.0,0.9611748633879782,exact_mad_fd,6000,336000,200,0,4.0,10,0,1.5,mixed,514,strong,355200,completed,0.8500434956680867,19507.485792844403,oracle_ablation,5.927904775466073,0.9232223940356933
0,512,0.003815813612181251,4.296344292417382,0.9847626837851986,0,109800,{'qualification': 'offline exact-MAD oracle ablation'},6000,0.350192239,20,0,3.0,0.9611748633879782,exact_mad_fd,6000,336000,200,0,4.0,10,0,1.5,mixed,514,strong,387200,completed,0.583367828759491,17133.44652392482,oracle_ablation,3.5468938698171066,0.757440854227884
0,512,0.003815813612181251,2.535679376866892,0.8063938752079244,0,109800,{'qualification': 'offline exact-MAD oracle ablation'},6000,0.498009471,40,0,3.0,0.9611748633879782,exact_mad_fd,6000,336000,200,0,4.0,10,0,1.5,mixed,514,strong,451200,completed,0.36483112141903934,12047.963642040857,oracle_ablation,2.0086828979781366,0.4862451881646844
0,512,0.00263,4.466580686056339,0.9992640640421163,0,0,{'qualification': 'offline exact-MAD oracle ablation'},6000,0.301662273,10,0,3.0,,exact_mad_fd,6000,336000,200,0,4.0,10,0,1.5,clean,514,weak,355200,completed,0.9296548777373613,19889.792450115234,oracle_ablation,4.472748548236115,0.9992617513025132
0,512,0.00263,3.4214260207205363,0.9981438456176316,0,0,{'qualification': 'offline exact-MAD oracle ablation'},6000,0.372145255,20,0,3.0,,exact_mad_fd,6000,336000,200,0,4.0,10,0,1.5,clean,514,weak,387200,completed,0.8875726969516714,16122.736806089331,oracle_ablation,3.4266782145919215,0.9981375411085474
0,512,0.00263,2.4906477503018607,0.9921670305377144,0,0,{'qualification': 'offline exact-MAD oracle ablation'},6000,0.501505124,40,0,3.0,,exact_mad_fd,6000,336000,200,0,4.0,10,0,1.5,clean,514,weak,451200,completed,0.706720220124561,11963.985436766943,oracle_ablation,2.4951583221876725,0.992137484236724
0,512,0.000870482480278848,5.0371549177025985,0.9950793048945529,0,109800,{'qualification': 'offline exact-MAD oracle ablation'},6000,0.308750647,10,0,3.0,0.21123861566484517,exact_mad_fd,6000,336000,200,0,4.0,10,0,1.5,casewise_cauchy,514,weak,355200,completed,0.9677471603949583,19433.157657480147,oracle_ablation,5.042031106051346,0.9965638430327302
0,512,0.000870482480278848,3.6242539994018204,0.9885176395208035,0,109800,{'qualification': 'offline exact-MAD oracle ablation'},6000,0.319046277,20,0,3.0,0.21123861566484517,exact_mad_fd,6000,336000,200,0,4.0,10,0,1.5,casewise_cauchy,514,weak,387200,completed,0.9679951642621766,18806.049255356145,oracle_ablation,3.606270254991747,0.9918703676568269
0,512,0.000870482480278848,2.50464271327504,0.9733472824849074,0,109800,{'qualification': 'offline exact-MAD oracle ablation'},6000,0.471878336,40,0,3.0,0.21123861566484517,exact_mad_fd,6000,336000,200,0,4.0,10,0,1.5,casewise_cauchy,514,weak,451200,completed,0.9593745999481119,12715.141896236575,oracle_ablation,2.4575163983586013,0.981043711055019
0,512,0.0008724538521452181,4.5065392448337676,0.9986515955299796,0,109971,{'qualification': 'offline exact-MAD oracle ablation'},6000,0.316180453,10,0,3.0,0.2140746196724591,exact_mad_fd,6000,336000,200,0,4.0,10,0,1.5,cellwise_cauchy,514,weak,355200,completed,0.9493360410243056,18976.505166813713,oracle_ablation,4.673012838476389,0.9991802285324977
0,512,0.0008724538521452181,3.3173727771179196,0.9971559416673482,0,109971,{'qualification': 'offline exact-MAD oracle ablation'},6000,0.358600914,20,0,3.0,0.2140746196724591,exact_mad_fd,6000,336000,200,0,4.0,10,0,1.5,cellwise_cauchy,514,weak,387200,completed,0.9398788554575345,16731.69187739438,oracle_ablation,3.4396716347532856,0.9982929428183508
0,512,0.0008724538521452181,2.340106769223472,0.9915849133487269,0,109971,{'qualification': 'offline exact-MAD oracle ablation'},6000,0.503165826,40,0,3.0,0.2140746196724591,exact_mad_fd,6000,336000,200,0,4.0,10,0,1.5,cellwise_cauchy,514,weak,451200,completed,0.9005557249632706,11924.49822695232,oracle_ablation,2.4278671117628416,0.9950116906881337
0,512,0.004800036690515502,10.10058502160053,1.000869116266123,0,109800,{'qualification': 'offline exact-MAD oracle ablation'},6000,0.320732003,10,0,3.0,1.0,exact_mad_fd,6000,336000,200,0,4.0,10,0,1.5,bounded_out_of_subspace,514,weak,355200,completed,0.9486540230472639,18707.20708840521,oracle_ablation,7.526150210281547,0.924888794886959
0,512,0.004800036690515502,10.15040619948595,1.1008095955094752,0,109800,{'qualification': 'offline exact-MAD oracle ablation'},6000,0.373027418,20,0,3.0,1.0,exact_mad_fd,6000,336000,200,0,4.0,10,0,1.5,bounded_out_of_subspace,514,weak,387200,completed,0.9303127052465014,16084.608558183785,oracle_ablation,7.565274805891164,0.7620121756916727
0,512,0.004800036690515502,8.894787408570695,1.1882893060114548,0,109800,{'qualification': 'offline exact-MAD oracle ablation'},6000,0.449029108,40,0,3.0,1.0,exact_mad_fd,6000,336000,200,0,4.0,10,0,1.5,bounded_out_of_subspace,514,weak,451200,completed,0.8281144410426313,13362.162704160372,oracle_ablation,6.542613103892113,0.7134300931321053
0,512,0.005444872500458631,4.636407352529297,0.9991810715188584,0,109800,{'qualification': 'offline exact-MAD oracle ablation'},6000,0.250757831,10,0,3.0,1.0,exact_mad_fd,6000,336000,200,0,4.0,10,0,1.5,in_subspace_leverage,514,weak,355200,completed,0.9082739679010804,23927.468091714352,oracle_ablation,4.009431862214862,0.9989417791935654
0,512,0.005444872500458631,9.684161591464363,0.9816525053919827,0,109800,{'qualification': 'offline exact-MAD oracle ablation'},6000,0.322892639,20,0,3.0,1.0,exact_mad_fd,6000,336000,200,0,4.0,10,0,1.5,in_subspace_leverage,514,weak,387200,completed,0.8802328438459533,18582.02781761154,oracle_ablation,8.239511781427806,0.8837181660587058
0,512,0.005444872500458631,8.652496192942568,1.006174597700438,0,109800,{'qualification': 'offline exact-MAD oracle ablation'},6000,0.418363195,40,0,3.0,1.0,exact_mad_fd,6000,336000,200,0,4.0,10,0,1.5,in_subspace_leverage,514,weak,451200,completed,0.7737050760866376,14341.60574282831,oracle_ablation,7.317319992922344,0.8259362409014857
0,512,0.004397358282883875,8.960773682906831,0.9976773442818665,0,109800,{'qualification': 'offline exact-MAD oracle ablation'},6000,0.310611562,10,0,3.0,0.9602003642987249,exact_mad_fd,6000,336000,200,0,4.0,10,0,1.5,mixed,514,weak,355200,completed,0.945634789046563,19316.731036560705,oracle_ablation,6.9787416367705974,0.9705300248038737
0,512,0.004397358282883875,10.048330742906288,1.0686177543846294,0,109800,{'qualification': 'offline exact-MAD oracle ablation'},6000,0.343033016,20,0,3.0,0.9602003642987249,exact_mad_fd,6000,336000,200,0,4.0,10,0,1.5,mixed,514,weak,387200,completed,0.9256549588234129,17491.02774410496,oracle_ablation,7.894463600493569,0.8055725056233319
0,512,0.004397358282883875,8.757865422797654,1.147124662767173,0,109800,{'qualification': 'offline exact-MAD oracle ablation'},6000,0.521927538,40,0,3.0,0.9602003642987249,exact_mad_fd,6000,336000,200,0,4.0,10,0,1.5,mixed,514,weak,451200,completed,0.8277502291292307,11495.848682350997,oracle_ablation,6.79778758786479,0.7557968963488111
0,512,0.0027858333333333333,3.100466982771616,0.9978397122874432,0,0,{'qualification': 'offline exact-MAD oracle ablation'},6000,0.274426291,10,0,3.0,,exact_mad_fd,6000,336000,200,0,4.0,10,0,1.5,clean,515,strong,355200,completed,0.7876788064121182,21863.79438404464,oracle_ablation,3.1086063609651844,0.9978316338860336
0,512,0.0027858333333333333,3.2448809361245554,0.8472299040304685,0,0,{'qualification': 'offline exact-MAD oracle ablation'},6000,0.333272895,20,0,3.0,,exact_mad_fd,6000,336000,200,0,4.0,10,0,1.5,clean,515,strong,387200,completed,0.5328637015949558,18003.26426185964,oracle_ablation,3.2538270392180197,0.8464514409446425
0,512,0.0027858333333333333,2.1719659407089362,0.5545439518515469,0,0,{'qualification': 'offline exact-MAD oracle ablation'},6000,0.432455907,40,0,3.0,,exact_mad_fd,6000,336000,200,0,4.0,10,0,1.5,clean,515,strong,451200,completed,0.16630567886923675,13874.246837377574,oracle_ablation,2.1781673537906756,0.5524154847465506
0,512,0.0009585397174830307,3.493500557988069,0.9975698978581923,0,109800,{'qualification': 'offline exact-MAD oracle ablation'},6000,0.282944384,10,0,3.0,0.2382695810564663,exact_mad_fd,6000,336000,200,0,4.0,10,0,1.5,casewise_cauchy,515,strong,355200,completed,0.9030726274109074,21205.580811245225,oracle_ablation,4.504842964142441,0.9973976848012109
0,512,0.0009585397174830307,2.4678786159528303,0.9920443423048997,0,109800,{'qualification': 'offline exact-MAD oracle ablation'},6000,0.380099212,20,0,3.0,0.2382695810564663,exact_mad_fd,6000,336000,200,0,4.0,10,0,1.5,casewise_cauchy,515,strong,387200,completed,0.9297372613435918,15785.352377947049,oracle_ablation,3.1632740978617684,0.9927573346333359
0,512,0.0009585397174830307,1.8823627656351225,0.7926488427328878,0,109800,{'qualification': 'offline exact-MAD oracle ablation'},6000,0.445723189,40,0,3.0,0.2382695810564663,exact_mad_fd,6000,336000,200,0,4.0,10,0,1.5,casewise_cauchy,515,strong,451200,completed,0.5723050213988908,13461.269568364323,oracle_ablation,2.8389476294107396,0.8739802879460609
0,512,0.0009693805960635995,3.02251613018463,0.9988511660126254,0,109613,{'qualification': 'offline exact-MAD oracle ablation'},6000,0.241247005,10,0,3.0,0.23735323364929342,exact_mad_fd,6000,336000,200,0,4.0,10,0,1.5,cellwise_cauchy,515,strong,355200,completed,0.8824508172068493,24870.775079674047,oracle_ablation,4.169675545405015,0.9991288934506682
0,512,0.0009693805960635995,2.1941824906900558,0.9949754422676941,0,109613,{'qualification': 'offline exact-MAD oracle ablation'},6000,0.316130971,20,0,3.0,0.23735323364929342,exact_mad_fd,6000,336000,200,0,4.0,10,0,1.5,cellwise_cauchy,515,strong,387200,completed,0.817575964623838,18979.475440259856,oracle_ablation,3.1215482588080894,0.9964509356201231
0,512,0.0009693805960635995,2.6521266659243774,0.8339539655512136,0,109613,{'qualification': 'offline exact-MAD oracle ablation'},6000,0.441529553,40,0,3.0,0.23735323364929342,exact_mad_fd,6000,336000,200,0,4.0,10,0,1.5,cellwise_cauchy,515,strong,451200,completed,0.46223677828458554,13589.124350188173,oracle_ablation,4.073900830354504,0.9018230674370976
0,512,0.004456980370574207,6.800863651539613,1.0028499311727948,0,109800,{'qualification': 'offline exact-MAD oracle ablation'},6000,0.274520307,10,0,3.0,1.0,exact_mad_fd,6000,336000,200,0,4.0,10,0,1.5,bounded_out_of_subspace,515,strong,355200,completed,0.86460099387748,21856.30660831222,oracle_ablation,5.7608991681818225,0.9372805257653685
0,512,0.004456980370574207,4.062051789889254,0.9559687269676475,0,109800,{'qualification': 'offline exact-MAD oracle ablation'},6000,0.313701085,20,0,3.0,1.0,exact_mad_fd,6000,336000,200,0,4.0,10,0,1.5,bounded_out_of_subspace,515,strong,387200,completed,0.5925148027024736,19126.487879377273,oracle_ablation,3.2918834697653203,0.7520146398451982
0,512,0.004456980370574207,2.456717314363027,0.7728743988683193,0,109800,{'qualification': 'offline exact-MAD oracle ablation'},6000,0.444165462,40,0,3.0,1.0,exact_mad_fd,6000,336000,200,0,4.0,10,0,1.5,bounded_out_of_subspace,515,strong,451200,completed,0.3686117471103902,13508.479414367432,oracle_ablation,1.9069653617364561,0.47368327876023947
0,512,0.0038873601174096496,7.771378908123473,0.9449043922317447,0,109800,{'qualification': 'offline exact-MAD oracle ablation'},6000,0.277916539,10,0,3.0,1.0,exact_mad_fd,6000,336000,200,0,4.0,10,0,1.5,in_subspace_leverage,515,strong,355200,completed,0.8375830370036914,21589.215314745983,oracle_ablation,5.475171621751562,0.6882170278005387
0,512,0.0038873601174096496,5.15607021847948,0.9630815444508175,0,109800,{'qualification': 'offline exact-MAD oracle ablation'},6000,0.329707629,20,0,3.0,1.0,exact_mad_fd,6000,336000,200,0,4.0,10,0,1.5,in_subspace_leverage,515,strong,387200,completed,0.5910782649926812,18197.941061291003,oracle_ablation,3.469479371167166,0.5545387409318204
0,512,0.0038873601174096496,3.1669241466176046,0.8517460397782568,0,109800,{'qualification': 'offline exact-MAD oracle ablation'},6000,0.432693264,40,0,3.0,1.0,exact_mad_fd,6000,336000,200,0,4.0,10,0,1.5,in_subspace_leverage,515,strong,451200,completed,0.21102811663910553,13866.636019552177,oracle_ablation,1.9903769575659864,0.36045418022328685
0,512,0.004154283617684829,6.284110035810701,0.9989949556589157,0,109800,{'qualification': 'offline exact-MAD oracle ablation'},6000,0.286457309,10,0,3.0,0.9614754098360656,exact_mad_fd,6000,336000,200,0,4.0,10,0,1.5,mixed,515,strong,355200,completed,0.8564945276252593,20945.529443621213,oracle_ablation,5.567313457889745,0.9668372852503568
0,512,0.004154283617684829,4.000602856641593,0.943423056037217,0,109800,{'qualification': 'offline exact-MAD oracle ablation'},6000,0.303547235,20,0,3.0,0.9614754098360656,exact_mad_fd,6000,336000,200,0,4.0,10,0,1.5,mixed,515,strong,387200,completed,0.598630090645512,19766.281185200056,oracle_ablation,3.443638441705181,0.7869131231731066
0,512,0.004154283617684829,2.3995293155141213,0.7428668253042027,0,109800,{'qualification': 'offline exact-MAD oracle ablation'},6000,0.47795777,40,0,3.0,0.9614754098360656,exact_mad_fd,6000,336000,200,0,4.0,10,0,1.5,mixed,515,strong,451200,completed,0.3667867322971763,12553.410314890372,oracle_ablation,2.0100758844272395,0.505245396629667
0,512,0.0027491666666666667,4.74446015201403,0.9992943101175278,0,0,{'qualification': 'offline exact-MAD oracle ablation'},6000,0.246619581,10,0,3.0,,exact_mad_fd,6000,336000,200,0,4.0,10,0,1.5,clean,515,weak,355200,completed,0.9324625917395515,24328.968428504468,oracle_ablation,4.752543181064862,0.9992943379563975
0,512,0.0027491666666666667,3.4959879465509642,0.9984384337485748,0,0,{'qualification': 'offline exact-MAD oracle ablation'},6000,0.316845223,20,0,3.0,,exact_mad_fd,6000,336000,200,0,4.0,10,0,1.5,clean,515,weak,387200,completed,0.905189129930003,18936.690738745965,oracle_ablation,3.5027022708869837,0.9984378661429755
0,512,0.0027491666666666667,2.4542391896255458,0.9928819405934732,0,0,{'qualification': 'offline exact-MAD oracle ablation'},6000,0.390831678,40,0,3.0,,exact_mad_fd,6000,336000,200,0,4.0,10,0,1.5,clean,515,weak,451200,completed,0.7164956124916884,15351.877387994122,oracle_ablation,2.45990620450698,0.992866125409105
0,512,0.0009181801504311135,5.6940093304787665,0.9961359532257467,0,109800,{'qualification': 'offline exact-MAD oracle ablation'},6000,0.250920404,10,0,3.0,0.2115938069216758,exact_mad_fd,6000,336000,200,0,4.0,10,0,1.5,casewise_cauchy,515,weak,355200,completed,0.9604606061781965,23911.96532586485,oracle_ablation,5.704600897974774,0.9972093286889815
0,512,0.0009181801504311135,3.5193863104849776,0.9879002265670113,0,109800,{'qualification': 'offline exact-MAD oracle ablation'},6000,0.327379881,20,0,3.0,0.2115938069216758,exact_mad_fd,6000,336000,200,0,4.0,10,0,1.5,casewise_cauchy,515,weak,387200,completed,0.9679680595970989,18327.332704968514,oracle_ablation,3.4943072849251546,0.9912163258014393
0,512,0.0009181801504311135,2.4904760086107105,0.9718951741428506,0,109800,{'qualification': 'offline exact-MAD oracle ablation'},6000,0.484119351,40,0,3.0,0.2115938069216758,exact_mad_fd,6000,336000,200,0,4.0,10,0,1.5,casewise_cauchy,515,weak,451200,completed,0.9614651229205629,12393.638030800385,oracle_ablation,2.435045373987403,0.9794565969311285
0,512,0.0009178459137518259,4.483158424187674,0.9988819744815265,0,109403,{'qualification': 'offline exact-MAD oracle ablation'},6000,0.256104695,10,0,3.0,0.21136531904975184,exact_mad_fd,6000,336000,200,0,4.0,10,0,1.5,cellwise_cauchy,515,weak,355200,completed,0.949333447706254,23427.918804846588,oracle_ablation,4.654074088426933,0.9993241606774865
0,512,0.0009178459137518259,3.2891392636137637,0.9973885468348919,0,109403,{'qualification': 'offline exact-MAD oracle ablation'},6000,0.327861296,20,0,3.0,0.21136531904975184,exact_mad_fd,6000,336000,200,0,4.0,10,0,1.5,cellwise_cauchy,515,weak,387200,completed,0.948841690638789,18300.421773480695,oracle_ablation,3.409256963145234,0.9984103122702288
0,512,0.0009178459137518259,2.3101978680667354,0.9920407202689625,0,109403,{'qualification': 'offline exact-MAD oracle ablation'},6000,0.458814152,40,0,3.0,0.21136531904975184,exact_mad_fd,6000,336000,200,0,4.0,10,0,1.5,cellwise_cauchy,515,weak,451200,completed,0.916266221400042,13077.190347868782,oracle_ablation,2.395492912851957,0.9952249734458235
0,512,0.00584021280498991,4.756845960799632,0.9992968239445826,0,109800,{'qualification': 'offline exact-MAD oracle ablation'},6000,0.261702037,10,0,3.0,1.0,exact_mad_fd,6000,336000,200,0,4.0,10,0,1.5,bounded_out_of_subspace,515,weak,355200,completed,0.9397983207134468,22926.837210671005,oracle_ablation,4.2210171905038925,0.9989066526100313
0,512,0.00584021280498991,8.803171963404475,1.000761530603383,0,109800,{'qualification': 'offline exact-MAD oracle ablation'},6000,0.325422425,20,0,3.0,1.0,exact_mad_fd,6000,336000,200,0,4.0,10,0,1.5,bounded_out_of_subspace,515,weak,387200,completed,0.922193272087195,18437.57387033177,oracle_ablation,7.692065804070538,0.9322940438869335
0,512,0.00584021280498991,7.991742478370147,1.0297288546074481,0,109800,{'qualification': 'offline exact-MAD oracle ablation'},6000,0.463755859,40,0,3.0,1.0,exact_mad_fd,6000,336000,200,0,4.0,10,0,1.5,bounded_out_of_subspace,515,weak,451200,completed,0.7974505165787749,12937.841934628797,oracle_ablation,6.9410121201202895,0.8739832624951979
0,512,0.004124931205283434,11.494476290592486,1.0138360650640184,0,109800,{'qualification': 'offline exact-MAD oracle ablation'},6000,0.30628985,10,0,3.0,1.0,exact_mad_fd,6000,336000,200,0,4.0,10,0,1.5,in_subspace_leverage,515,weak,355200,completed,0.9202394652625415,19589.287728600866,oracle_ablation,7.515899035895556,0.7802045793812584
0,512,0.004124931205283434,11.24112671052011,1.1703334784796708,0,109800,{'qualification': 'offline exact-MAD oracle ablation'},6000,0.352928228,20,0,3.0,1.0,exact_mad_fd,6000,336000,200,0,4.0,10,0,1.5,in_subspace_leverage,515,weak,387200,completed,0.8919113479322616,17000.62370754883,oracle_ablation,7.333056343417885,0.641338314128811
0,512,0.004124931205283434,10.173429554713758,1.2792232257465246,0,109800,{'qualification': 'offline exact-MAD oracle ablation'},6000,0.399024281,40,0,3.0,1.0,exact_mad_fd,6000,336000,200,0,4.0,10,0,1.5,in_subspace_leverage,515,weak,451200,completed,0.7934419554473939,15036.678933330377,oracle_ablation,6.56668525669938,0.5992791296118701
0,512,0.005347642634379013,4.874668515785395,0.9992905332977288,0,109800,{'qualification': 'offline exact-MAD oracle ablation'},6000,0.276196623,10,0,3.0,0.9591256830601093,exact_mad_fd,6000,336000,200,0,4.0,10,0,1.5,mixed,515,weak,355200,completed,0.939932971983014,21723.654456122735,oracle_ablation,4.451590764955941,0.9989290254152142
0,512,0.005347642634379013,8.203194262272389,0.9976898915526214,0,109800,{'qualification': 'offline exact-MAD oracle ablation'},6000,0.332465353,20,0,3.0,0.9591256830601093,exact_mad_fd,6000,336000,200,0,4.0,10,0,1.5,mixed,515,weak,387200,completed,0.9227270415713018,18046.993305795684,oracle_ablation,7.352927984554339,0.9544358818474958
0,512,0.005347642634379013,7.689148342804217,1.0186735588040674,0,109800,{'qualification': 'offline exact-MAD oracle ablation'},6000,0.455416414,40,0,3.0,0.9591256830601093,exact_mad_fd,6000,336000,200,0,4.0,10,0,1.5,mixed,515,weak,451200,completed,0.8001565469170147,13174.755708299965,oracle_ablation,6.8651752406716575,0.8979264624794643
0,512,0.0027691666666666667,3.133559072978135,0.9979330644509093,0,0,{'qualification': 'offline exact-MAD oracle ablation'},6000,0.278048092,10,0,3.0,,exact_mad_fd,6000,336000,200,0,4.0,10,0,1.5,clean,516,strong,355200,completed,0.7824473940684042,21579.000801055667,oracle_ablation,3.138584991863018,0.9979130717842655
0,512,0.0027691666666666667,3.2178983384430637,0.8577227991535814,0,0,{'qualification': 'offline exact-MAD oracle ablation'},6000,0.357362987,20,0,3.0,,exact_mad_fd,6000,336000,200,0,4.0,10,0,1.5,clean,516,strong,387200,completed,0.441037130347671,16789.65146997722,oracle_ablation,3.227581177756975,0.8572961340724056
0,512,0.0027691666666666667,2.166331876949429,0.5648932732884495,0,0,{'qualification': 'offline exact-MAD oracle ablation'},6000,0.424185286,40,0,3.0,,exact_mad_fd,6000,336000,200,0,4.0,10,0,1.5,clean,516,strong,451200,completed,0.15615022246157997,14144.762201864776,oracle_ablation,2.172663543368795,0.5631881731942184
0,512,0.0009035039442304165,3.3426547083295337,0.9969888851343875,0,109800,{'qualification': 'offline exact-MAD oracle ablation'},6000,0.259923685,10,0,3.0,0.23626593806921675,exact_mad_fd,6000,336000,200,0,4.0,10,0,1.5,casewise_cauchy,516,strong,355200,completed,0.9273357023868354,23083.698586375456,oracle_ablation,4.285688614614424,0.9966531709044977
0,512,0.0009035039442304165,2.3858738298898916,0.9918549486263276,0,109800,{'qualification': 'offline exact-MAD oracle ablation'},6000,0.349216911,20,0,3.0,0.23626593806921675,exact_mad_fd,6000,336000,200,0,4.0,10,0,1.5,casewise_cauchy,516,strong,387200,completed,0.9437327459465972,17181.2985311012,oracle_ablation,3.0244853587280685,0.9921138020128097
0,512,0.0009035039442304165,1.8082601618768677,0.8008768461772551,0,109800,{'qualification': 'offline exact-MAD oracle ablation'},6000,0.453194185,40,0,3.0,0.23626593806921675,exact_mad_fd,6000,336000,200,0,4.0,10,0,1.5,casewise_cauchy,516,strong,451200,completed,0.5805341200111345,13239.357870401624,oracle_ablation,2.724696564491445,0.879083376678744
0,512,0.0009524787365309973,3.1927853463038556,0.9990874812175334,0,109162,{'qualification': 'offline exact-MAD oracle ablation'},6000,0.283436978,10,0,3.0,0.23855370916619337,exact_mad_fd,6000,336000,200,0,4.0,10,0,1.5,cellwise_cauchy,516,strong,355200,completed,0.9028084612816885,21168.726968292754,oracle_ablation,4.3679573983288,0.9992520847767687
0,512,0.0009524787365309973,2.1981144652312685,0.9958088279400314,0,109162,{'qualification': 'offline exact-MAD oracle ablation'},6000,0.342380107,20,0,3.0,0.23855370916619337,exact_mad_fd,6000,336000,200,0,4.0,10,0,1.5,cellwise_cauchy,516,strong,387200,completed,0.8126595833477502,17524.382630092467,oracle_ablation,3.102208508079758,0.9969763828068909
0,512,0.0009524787365309973,2.603139258193774,0.8469279257685246,0,109162,{'qualification': 'offline exact-MAD oracle ablation'},6000,0.408679953,40,0,3.0,0.23855370916619337,exact_mad_fd,6000,336000,200,0,4.0,10,0,1.5,cellwise_cauchy,516,strong,451200,completed,0.4243932502061408,14681.415019150696,oracle_ablation,4.012281725002864,0.9104154399803822
0,512,0.0043936892313337006,6.652930335027591,1.0006900798701943,0,109800,{'qualification': 'offline exact-MAD oracle ablation'},6000,0.314600656,10,0,3.0,1.0,exact_mad_fd,6000,336000,200,0,4.0,10,0,1.5,bounded_out_of_subspace,516,strong,355200,completed,0.8462533171777452,19071.79748538096,oracle_ablation,5.6213033469205085,0.9476599354881233
0,512,0.0043936892313337006,4.109700812717351,0.9560530570728196,0,109800,{'qualification': 'offline exact-MAD oracle ablation'},6000,0.296940132,20,0,3.0,1.0,exact_mad_fd,6000,336000,200,0,4.0,10,0,1.5,bounded_out_of_subspace,516,strong,387200,completed,0.5376101855799764,20206.093260576847,oracle_ablation,3.330687985582389,0.7664393749829693
0,512,0.0043936892313337006,2.4824128903032436,0.7679493680130339,0,109800,{'qualification': 'offline exact-MAD oracle ablation'},6000,0.461281698,40,0,3.0,1.0,exact_mad_fd,6000,336000,200,0,4.0,10,0,1.5,bounded_out_of_subspace,516,strong,451200,completed,0.3551254464479187,13007.236198649269,oracle_ablation,1.9230775077517022,0.48538102429682134
0,512,0.004075399009356081,7.447382908887851,0.9472052300278874,0,109800,{'qualification': 'offline exact-MAD oracle ablation'},6000,0.301765802,10,0,3.0,1.0,exact_mad_fd,6000,336000,200,0,4.0,10,0,1.5,in_subspace_leverage,516,strong,355200,completed,0.8566698397310339,19882.96871359863,oracle_ablation,5.322470036493252,0.6989318662035084
0,512,0.004075399009356081,5.00567206509582,0.9670346766886628,0,109800,{'qualification': 'offline exact-MAD oracle ablation'},6000,0.328429329,20,0,3.0,1.0,exact_mad_fd,6000,336000,200,0,4.0,10,0,1.5,in_subspace_leverage,516,strong,387200,completed,0.5439561551803982,18268.770387433942,oracle_ablation,3.4217643181144686,0.5654912405697986
0,512,0.004075399009356081,3.0426190681924985,0.8539107496672287,0,109800,{'qualification': 'offline exact-MAD oracle ablation'},6000,0.451225757,40,0,3.0,1.0,exact_mad_fd,6000,336000,200,0,4.0,10,0,1.5,in_subspace_leverage,516,strong,451200,completed,0.21479455855579832,13297.113267405965,oracle_ablation,1.9448140601204842,0.3691106875278415
0,512,0.004081819849568886,5.959608254409429,0.9982205417654499,0,109800,{'qualification': 'offline exact-MAD oracle ablation'},6000,0.294233652,10,0,3.0,0.9613114754098361,exact_mad_fd,6000,336000,200,0,4.0,10,0,1.5,mixed,516,strong,355200,completed,0.8394378630102763,20391.95706954689,oracle_ablation,5.250719997683122,0.9737463418234928
0,512,0.004081819849568886,4.0482634729645355,0.9455557868796761,0,109800,{'qualification': 'offline exact-MAD oracle ablation'},6000,0.326806548,20,0,3.0,0.9613114754098361,exact_mad_fd,6000,336000,200,0,4.0,10,0,1.5,mixed,516,strong,387200,completed,0.5485590701901653,18359.48525731498,oracle_ablation,3.4809870053251424,0.799769318184717
0,512,0.004081819849568886,2.4243010078273755,0.7413921391201052,0,109800,{'qualification': 'offline exact-MAD oracle ablation'},6000,0.44538399,40,0,3.0,0.9613114754098361,exact_mad_fd,6000,336000,200,0,4.0,10,0,1.5,mixed,516,strong,451200,completed,0.3540622786827258,13471.521506644187,oracle_ablation,2.0242822722083145,0.5167517031660227
0,512,0.002616666666666667,4.658440100523483,0.999384965875278,0,0,{'qualification': 'offline exact-MAD oracle ablation'},6000,0.285409748,10,0,3.0,,exact_mad_fd,6000,336000,200,0,4.0,10,0,1.5,clean,516,weak,355200,completed,0.934434132260597,21022.40740565035,oracle_ablation,4.664654912279999,0.9993813597799931
0,512,0.002616666666666667,3.3427176404657173,0.9982304203699022,0,0,{'qualification': 'offline exact-MAD oracle ablation'},6000,0.321441179,20,0,3.0,,exact_mad_fd,6000,336000,200,0,4.0,10,0,1.5,clean,516,weak,387200,completed,0.8778818009728276,18665.93452234693,oracle_ablation,3.3475458042434907,0.9982209952345344
0,512,0.002616666666666667,2.5203656888108776,0.9915569787725925,0,0,{'qualification': 'offline exact-MAD oracle ablation'},6000,0.443115105,40,0,3.0,,exact_mad_fd,6000,336000,200,0,4.0,10,0,1.5,clean,516,weak,451200,completed,0.6945419687166559,13540.499821146923,oracle_ablation,2.5248894733411467,0.991518115145898
0,512,0.0008576407998532379,5.212526408837992,0.9961831294167316,0,109800,{'qualification': 'offline exact-MAD oracle ablation'},6000,0.268650605,10,0,3.0,0.21394353369763205,exact_mad_fd,6000,336000,200,0,4.0,10,0,1.5,casewise_cauchy,516,weak,355200,completed,0.9514252670270237,22333.841384797925,oracle_ablation,5.2297443938422346,0.997364955153491
0,512,0.0008576407998532379,3.758284747933263,0.9901204638584893,0,109800,{'qualification': 'offline exact-MAD oracle ablation'},6000,0.337848487,20,0,3.0,0.21394353369763205,exact_mad_fd,6000,336000,200,0,4.0,10,0,1.5,casewise_cauchy,516,weak,387200,completed,0.9620509289429291,17759.44019545069,oracle_ablation,3.7496759710576333,0.9930531011060891
0,512,0.0008576407998532379,2.48728803236351,0.9723828191060282,0,109800,{'qualification': 'offline exact-MAD oracle ablation'},6000,0.46662381,40,0,3.0,0.21394353369763205,exact_mad_fd,6000,336000,200,0,4.0,10,0,1.5,casewise_cauchy,516,weak,451200,completed,0.9458869869466171,12858.323710485325,oracle_ablation,2.443143957993813,0.9804109520103862
0,512,0.0008423440287167742,4.558823333386271,0.998867031132538,0,110184,{'qualification': 'offline exact-MAD oracle ablation'},6000,0.23859257,10,0,3.0,0.2104842808393233,exact_mad_fd,6000,336000,200,0,4.0,10,0,1.5,cellwise_cauchy,516,weak,355200,completed,0.9585614442726359,25147.472111139086,oracle_ablation,4.73969101729637,0.9993072069771912
0,512,0.0008423440287167742,3.3733723010376107,0.9974257602881098,0,110184,{'qualification': 'offline exact-MAD oracle ablation'},6000,0.317179789,20,0,3.0,0.2104842808393233,exact_mad_fd,6000,336000,200,0,4.0,10,0,1.5,cellwise_cauchy,516,weak,387200,completed,0.9537390071721745,18916.716033252673,oracle_ablation,3.5029913091822182,0.9984321116424939
0,512,0.0008423440287167742,2.338130853338269,0.9920219369964128,0,110184,{'qualification': 'offline exact-MAD oracle ablation'},6000,0.454843606,40,0,3.0,0.2104842808393233,exact_mad_fd,6000,336000,200,0,4.0,10,0,1.5,cellwise_cauchy,516,weak,451200,completed,0.9217793131043944,13191.347357315604,oracle_ablation,2.4292117056737474,0.9952129358063424
0,512,0.005265088974500092,6.466470155763569,0.998807431149364,0,109800,{'qualification': 'offline exact-MAD oracle ablation'},6000,0.269764314,10,0,3.0,1.0,exact_mad_fd,6000,336000,200,0,4.0,10,0,1.5,bounded_out_of_subspace,516,weak,355200,completed,0.942511792600946,22241.637194458566,oracle_ablation,5.032172794861424,0.9928288271583386
0,512,0.005265088974500092,9.533986822291768,1.0483634317003032,0,109800,{'qualification': 'offline exact-MAD oracle ablation'},6000,0.35859465,20,0,3.0,1.0,exact_mad_fd,6000,336000,200,0,4.0,10,0,1.5,bounded_out_of_subspace,516,weak,387200,completed,0.9175455686975659,16731.984149791413,oracle_ablation,7.636386907725049,0.8252070606511808
0,512,0.005265088974500092,7.99881754562586,1.115134846577122,0,109800,{'qualification': 'offline exact-MAD oracle ablation'},6000,0.468063192,40,0,3.0,1.0,exact_mad_fd,6000,336000,200,0,4.0,10,0,1.5,bounded_out_of_subspace,516,weak,451200,completed,0.8017750197568626,12818.781956262008,oracle_ablation,6.3089875996232,0.7726765261769034
0,512,0.004529444138690148,11.115449616407192,0.9831108817323141,0,109800,{'qualification': 'offline exact-MAD oracle ablation'},6000,0.250864591,10,0,3.0,1.0,exact_mad_fd,6000,336000,200,0,4.0,10,0,1.5,in_subspace_leverage,516,weak,355200,completed,0.9174319271811661,23917.28532146651,oracle_ablation,7.859631943331995,0.8558418722529771
0,512,0.004529444138690148,10.886386357580584,1.0814783838442492,0,109800,{'qualification': 'offline exact-MAD oracle ablation'},6000,0.368538201,20,0,3.0,1.0,exact_mad_fd,6000,336000,200,0,4.0,10,0,1.5,in_subspace_leverage,516,weak,387200,completed,0.8865347848664712,16280.537495758817,oracle_ablation,7.683106118573153,0.7045040326591608
0,512,0.004529444138690148,9.443282482593224,1.1691053199874994,0,109800,{'qualification': 'offline exact-MAD oracle ablation'},6000,0.420709435,40,0,3.0,1.0,exact_mad_fd,6000,336000,200,0,4.0,10,0,1.5,in_subspace_leverage,516,weak,451200,completed,0.794612040766255,14261.624534282193,oracle_ablation,6.576419295736344,0.6576469316192063
0,512,0.004855072463768116,5.709342007455996,0.9991170457370119,0,109800,{'qualification': 'offline exact-MAD oracle ablation'},6000,0.262727094,10,0,3.0,0.9592987249544627,exact_mad_fd,6000,336000,200,0,4.0,10,0,1.5,mixed,516,weak,355200,completed,0.9411802454961926,22837.38577795863,oracle_ablation,4.68675690572788,0.9964949337893104
0,512,0.004855072463768116,9.232576088620883,1.0267625128679327,0,109800,{'qualification': 'offline exact-MAD oracle ablation'},6000,0.319135006,20,0,3.0,0.9592987249544627,exact_mad_fd,6000,336000,200,0,4.0,10,0,1.5,mixed,516,weak,387200,completed,0.9181773293124944,18800.82061571146,oracle_ablation,7.7357637765296,0.8670905261299348
0,512,0.004855072463768116,7.7961675787629305,1.0830519691732203,0,109800,{'qualification': 'offline exact-MAD oracle ablation'},6000,0.413321238,40,0,3.0,0.9592987249544627,exact_mad_fd,6000,336000,200,0,4.0,10,0,1.5,mixed,516,weak,451200,completed,0.8061463307511411,14516.553828767928,oracle_ablation,6.447411327650195,0.8135723970958576
0,512,0.00268,3.083047374082675,0.9978161373904554,0,0,{'qualification': 'offline exact-MAD oracle ablation'},6000,0.33564163,10,0,3.0,,exact_mad_fd,6000,336000,200,0,4.0,10,0,1.5,clean,517,strong,355200,completed,0.7637138644726881,17876.20921755147,oracle_ablation,3.0840285530665494,0.9978046143654642
0,512,0.00268,3.161852736949332,0.8489585476460839,0,0,{'qualification': 'offline exact-MAD oracle ablation'},6000,0.361946646,20,0,3.0,,exact_mad_fd,6000,336000,200,0,4.0,10,0,1.5,clean,517,strong,387200,completed,0.46154542489669853,16577.028869608588,oracle_ablation,3.162179961797818,0.8481186691014226
0,512,0.00268,2.178395983031981,0.5582174505057679,0,0,{'qualification': 'offline exact-MAD oracle ablation'},6000,0.455985391,40,0,3.0,,exact_mad_fd,6000,336000,200,0,4.0,10,0,1.5,clean,517,strong,451200,completed,0.16543649928869972,13158.316293514763,oracle_ablation,2.1783025925515713,0.5559032998566611
0,512,0.0009246009906439186,3.3901932756249917,0.9970743729244542,0,109800,{'qualification': 'offline exact-MAD oracle ablation'},6000,0.244820758,10,0,3.0,0.23947176684881602,exact_mad_fd,6000,336000,200,0,4.0,10,0,1.5,casewise_cauchy,517,strong,355200,completed,0.9163206741449734,24507.725770541074,oracle_ablation,4.355594838835484,0.9969171169999911
0,512,0.0009246009906439186,2.3886276276549507,0.9913586859285551,0,109800,{'qualification': 'offline exact-MAD oracle ablation'},6000,0.307901883,20,0,3.0,0.23947176684881602,exact_mad_fd,6000,336000,200,0,4.0,10,0,1.5,casewise_cauchy,517,strong,387200,completed,0.9365028929641972,19486.72720523765,oracle_ablation,3.0497044825161765,0.992191047923215
0,512,0.0009246009906439186,1.8056741271032666,0.7913834138213321,0,109800,{'qualification': 'offline exact-MAD oracle ablation'},6000,0.434994321,40,0,3.0,0.23947176684881602,exact_mad_fd,6000,336000,200,0,4.0,10,0,1.5,casewise_cauchy,517,strong,451200,completed,0.5507255078175665,13793.283521970394,oracle_ablation,2.7338758905715084,0.8740154659751443
0,512,0.0009338053116827484,3.1007263299454593,0.9988179052544984,0,109837,{'qualification': 'offline exact-MAD oracle ablation'},6000,0.24387832,10,0,3.0,0.23907244371204603,exact_mad_fd,6000,336000,200,0,4.0,10,0,1.5,cellwise_cauchy,517,strong,355200,completed,0.9041085656720365,24602.43288538317,oracle_ablation,4.2446047665944775,0.9990510062505062
0,512,0.0009338053116827484,2.1925608420899443,0.9958979796243768,0,109837,{'qualification': 'offline exact-MAD oracle ablation'},6000,0.330245656,20,0,3.0,0.23907244371204603,exact_mad_fd,6000,336000,200,0,4.0,10,0,1.5,cellwise_cauchy,517,strong,387200,completed,0.8016305244450529,18168.29348392701,oracle_ablation,3.086777499101763,0.9970094780047194
0,512,0.0009338053116827484,2.5757574529337903,0.8341024880018534,0,109837,{'qualification': 'offline exact-MAD oracle ablation'},6000,0.434331554,40,0,3.0,0.23907244371204603,exact_mad_fd,6000,336000,200,0,4.0,10,0,1.5,cellwise_cauchy,517,strong,451200,completed,0.4654456434384051,13814.331343745751,oracle_ablation,3.9685207315731543,0.9021758811100203
0,512,0.004201981287837094,7.119380576632927,1.0233438908794263,0,109800,{'qualification': 'offline exact-MAD oracle ablation'},6000,0.254435099,10,0,3.0,1.0,exact_mad_fd,6000,336000,200,0,4.0,10,0,1.5,bounded_out_of_subspace,517,strong,355200,completed,0.8629196976351422,23581.65215248074,oracle_ablation,5.664822684354689,0.8739245821298844
0,512,0.004201981287837094,4.295557023366842,1.0134994001016961,0,109800,{'qualification': 'offline exact-MAD oracle ablation'},6000,0.318805971,20,0,3.0,1.0,exact_mad_fd,6000,336000,200,0,4.0,10,0,1.5,bounded_out_of_subspace,517,strong,387200,completed,0.5578413750738515,18820.224668878614,oracle_ablation,3.2171825184725718,0.7021533433388346
0,512,0.004201981287837094,2.6613622625018314,0.8634650516165685,0,109800,{'qualification': 'offline exact-MAD oracle ablation'},6000,0.444586279,40,0,3.0,1.0,exact_mad_fd,6000,336000,200,0,4.0,10,0,1.5,bounded_out_of_subspace,517,strong,451200,completed,0.3647049063830167,13495.693149810411,oracle_ablation,1.871969739053245,0.4417981526112852
0,512,0.0036314437717849934,7.902865885481812,0.9825965553208069,0,109800,{'qualification': 'offline exact-MAD oracle ablation'},6000,0.235610777,10,0,3.0,1.0,exact_mad_fd,6000,336000,200,0,4.0,10,0,1.5,in_subspace_leverage,517,strong,355200,completed,0.8543514674228674,25465.728165736666,oracle_ablation,5.284109100138583,0.6426654667978602
0,512,0.0036314437717849934,5.359782521370093,1.0354749260057834,0,109800,{'qualification': 'offline exact-MAD oracle ablation'},6000,0.338884262,20,0,3.0,1.0,exact_mad_fd,6000,336000,200,0,4.0,10,0,1.5,in_subspace_leverage,517,strong,387200,completed,0.5529558867662593,17705.159763364874,oracle_ablation,3.4152704064065746,0.5179190761891971
0,512,0.0036314437717849934,3.2479862474896213,0.9524179771970597,0,109800,{'qualification': 'offline exact-MAD oracle ablation'},6000,0.463422331,40,0,3.0,1.0,exact_mad_fd,6000,336000,200,0,4.0,10,0,1.5,in_subspace_leverage,517,strong,451200,completed,0.22827417947079576,12947.153381782113,oracle_ablation,1.910460431786702,0.3363949126983526
0,512,0.0038763529627591268,6.837245304275666,1.0084521963763304,0,109800,{'qualification': 'offline exact-MAD oracle ablation'},6000,0.290088915,10,0,3.0,0.9606102003642987,exact_mad_fd,6000,336000,200,0,4.0,10,0,1.5,mixed,517,strong,355200,completed,0.8573442778587663,20683.313597143137,oracle_ablation,5.763291604445428,0.9144138086440939
0,512,0.0038763529627591268,4.259227573387033,0.9878188568298443,0,109800,{'qualification': 'offline exact-MAD oracle ablation'},6000,0.368336919,20,0,3.0,0.9606102003642987,exact_mad_fd,6000,336000,200,0,4.0,10,0,1.5,mixed,517,strong,387200,completed,0.5614189209195499,16289.434185118978,oracle_ablation,3.4289853630832363,0.7454329903074276
0,512,0.0038763529627591268,2.5932790784146293,0.8170501913829545,0,109800,{'qualification': 'offline exact-MAD oracle ablation'},6000,0.410980676,40,0,3.0,0.9606102003642987,exact_mad_fd,6000,336000,200,0,4.0,10,0,1.5,mixed,517,strong,451200,completed,0.362476131291758,14599.22655828227,oracle_ablation,1.9930160143348472,0.47904392004273594
0,512,0.0028083333333333333,4.508253327009508,0.99926912079331,0,0,{'qualification': 'offline exact-MAD oracle ablation'},6000,0.300769044,10,0,3.0,,exact_mad_fd,6000,336000,200,0,4.0,10,0,1.5,clean,517,weak,355200,completed,0.9338858699151337,19948.861492541102,oracle_ablation,4.516655144842009,0.9992663681521543
0,512,0.0028083333333333333,3.430594044050756,0.9984250244307411,0,0,{'qualification': 'offline exact-MAD oracle ablation'},6000,0.33016164,20,0,3.0,,exact_mad_fd,6000,336000,200,0,4.0,10,0,1.5,clean,517,weak,387200,completed,0.8976166402712904,18172.916756774048,oracle_ablation,3.437295344245522,0.9984185918961829
0,512,0.0028083333333333333,2.4710456656632296,0.9919967271372454,0,0,{'qualification': 'offline exact-MAD oracle ablation'},6000,0.462176354,40,0,3.0,,exact_mad_fd,6000,336000,200,0,4.0,10,0,1.5,clean,517,weak,451200,completed,0.6921984773571787,12982.057494010176,oracle_ablation,2.4777919836765614,0.9919774217342128
0,512,0.0009401944597321592,5.452234996637698,0.9961153876613406,0,109800,{'qualification': 'offline exact-MAD oracle ablation'},6000,0.303787595,10,0,3.0,0.2118943533697632,exact_mad_fd,6000,336000,200,0,4.0,10,0,1.5,casewise_cauchy,517,weak,355200,completed,0.9712560093823487,19750.641891746764,oracle_ablation,5.463551930184758,0.9971990189251015
0,512,0.0009401944597321592,3.87478070259073,0.9906885589231904,0,109800,{'qualification': 'offline exact-MAD oracle ablation'},6000,0.36038604,20,0,3.0,0.2118943533697632,exact_mad_fd,6000,336000,200,0,4.0,10,0,1.5,casewise_cauchy,517,weak,387200,completed,0.9766594053156372,16648.81358889484,oracle_ablation,3.8594902729060885,0.993209661308387
0,512,0.0009401944597321592,2.5273511614053277,0.974490446065409,0,109800,{'qualification': 'offline exact-MAD oracle ablation'},6000,0.554875372,40,0,3.0,0.2118943533697632,exact_mad_fd,6000,336000,200,0,4.0,10,0,1.5,casewise_cauchy,517,weak,451200,completed,0.9741274871947811,10813.238977202252,oracle_ablation,2.47548180858947,0.9813510264500196
0,512,0.0009382884994079519,4.521014543073661,0.9990627491523759,0,109717,{'qualification': 'offline exact-MAD oracle ablation'},6000,0.253386999,10,0,3.0,0.2136770053865855,exact_mad_fd,6000,336000,200,0,4.0,10,0,1.5,cellwise_cauchy,517,weak,355200,completed,0.9558331515592933,23679.194369400146,oracle_ablation,4.693248011122283,0.999427001323751
0,512,0.0009382884994079519,3.323470530309541,0.9973550909000325,0,109717,{'qualification': 'offline exact-MAD oracle ablation'},6000,0.31986302,20,0,3.0,0.2136770053865855,exact_mad_fd,6000,336000,200,0,4.0,10,0,1.5,cellwise_cauchy,517,weak,387200,completed,0.9502377858926914,18758.029609049525,oracle_ablation,3.4470528878377955,0.998386110405658
0,512,0.0009382884994079519,2.3417150283960138,0.9918780175661723,0,109717,{'qualification': 'offline exact-MAD oracle ablation'},6000,0.522680614,40,0,3.0,0.2136770053865855,exact_mad_fd,6000,336000,200,0,4.0,10,0,1.5,cellwise_cauchy,517,weak,451200,completed,0.9246722887084771,11479.285512586468,oracle_ablation,2.4284634289408737,0.99508815807564
0,512,0.00488442487616951,6.998213976644532,0.9986576808810549,0,109800,{'qualification': 'offline exact-MAD oracle ablation'},6000,0.27432435,10,0,3.0,1.0,exact_mad_fd,6000,336000,200,0,4.0,10,0,1.5,bounded_out_of_subspace,517,weak,355200,completed,0.9403303455311924,21871.919135140575,oracle_ablation,5.386663271055717,0.9917169403409203
0,512,0.00488442487616951,10.302816160903074,1.0441105582740007,0,109800,{'qualification': 'offline exact-MAD oracle ablation'},6000,0.337971047,20,0,3.0,1.0,exact_mad_fd,6000,336000,200,0,4.0,10,0,1.5,bounded_out_of_subspace,517,weak,387200,completed,0.9315515946551476,17753.000007719595,oracle_ablation,8.163948952350164,0.8296648163663101
0,512,0.00488442487616951,8.99571880182759,1.110166072509663,0,109800,{'qualification': 'offline exact-MAD oracle ablation'},6000,0.475572817,40,0,3.0,1.0,exact_mad_fd,6000,336000,200,0,4.0,10,0,1.5,bounded_out_of_subspace,517,weak,451200,completed,0.818142012600472,12616.364488300853,oracle_ablation,7.047861899502042,0.7762667372508708
0,512,0.004343239772518804,11.203564453812206,1.0025047317129383,0,109800,{'qualification': 'offline exact-MAD oracle ablation'},6000,0.333737241,10,0,3.0,1.0,exact_mad_fd,6000,336000,200,0,4.0,10,0,1.5,in_subspace_leverage,517,weak,355200,completed,0.9241863388156015,17978.21538292156,oracle_ablation,7.583050076985827,0.7995753903887458
0,512,0.004343239772518804,10.881444214424326,1.145051363807447,0,109800,{'qualification': 'offline exact-MAD oracle ablation'},6000,0.391434328,20,0,3.0,1.0,exact_mad_fd,6000,336000,200,0,4.0,10,0,1.5,in_subspace_leverage,517,weak,387200,completed,0.9097353543654112,15328.241727434799,oracle_ablation,7.343481699176343,0.656791367227864
0,512,0.004343239772518804,9.506174151916357,1.249207862943503,0,109800,{'qualification': 'offline exact-MAD oracle ablation'},6000,0.537688658,40,0,3.0,1.0,exact_mad_fd,6000,336000,200,0,4.0,10,0,1.5,in_subspace_leverage,517,weak,451200,completed,0.8038281591390054,11158.874026314314,oracle_ablation,6.325282400147512,0.6129135441718696
0,512,0.004526692350027518,5.851173773136906,0.9990231219745526,0,109800,{'qualification': 'offline exact-MAD oracle ablation'},6000,0.263899999,10,0,3.0,0.9605646630236794,exact_mad_fd,6000,336000,200,0,4.0,10,0,1.5,mixed,517,weak,355200,completed,0.9394842780456061,22735.884891003734,oracle_ablation,4.732277110767318,0.9959824003259474
0,512,0.004526692350027518,10.019855343777042,1.0245037044082737,0,109800,{'qualification': 'offline exact-MAD oracle ablation'},6000,0.376394664,20,0,3.0,0.9605646630236794,exact_mad_fd,6000,336000,200,0,4.0,10,0,1.5,mixed,517,weak,387200,completed,0.9310890795134741,15940.714823736183,oracle_ablation,8.316393587973085,0.8692142442387905
0,512,0.004526692350027518,8.839198009783015,1.0805045253976566,0,109800,{'qualification': 'offline exact-MAD oracle ablation'},6000,0.443699588,40,0,3.0,0.9605646630236794,exact_mad_fd,6000,336000,200,0,4.0,10,0,1.5,mixed,517,weak,451200,completed,0.8196893366659158,13522.662996026944,oracle_ablation,7.269307044129958,0.8152633008173672
0,512,0.0026958333333333335,3.174555967734866,0.9979077953225501,0,0,{'qualification': 'offline exact-MAD oracle ablation'},6000,0.307034436,10,0,3.0,,exact_mad_fd,6000,336000,200,0,4.0,10,0,1.5,clean,518,strong,355200,completed,0.7743505398830755,19541.78195178081,oracle_ablation,3.175250956440222,0.9979086388450419
0,512,0.0026958333333333335,3.249803293674172,0.8447377512582529,0,0,{'qualification': 'offline exact-MAD oracle ablation'},6000,0.350445184,20,0,3.0,,exact_mad_fd,6000,336000,200,0,4.0,10,0,1.5,clean,518,strong,387200,completed,0.5269993092369438,17121.079911887162,oracle_ablation,3.2484966083222715,0.8441410039570937
0,512,0.0026958333333333335,2.1719625551407336,0.5555394841199194,0,0,{'qualification': 'offline exact-MAD oracle ablation'},6000,0.475605498,40,0,3.0,,exact_mad_fd,6000,336000,200,0,4.0,10,0,1.5,clean,518,strong,451200,completed,0.1707417779798784,12615.497560963855,oracle_ablation,2.1703503947092218,0.5538632337239029
0,512,0.0009227664648688314,3.3220133493442847,0.9975234491174106,0,109800,{'qualification': 'offline exact-MAD oracle ablation'},6000,0.289245248,10,0,3.0,0.23634790528233152,exact_mad_fd,6000,336000,200,0,4.0,10,0,1.5,casewise_cauchy,518,strong,355200,completed,0.9655381146208768,20743.642433150708,oracle_ablation,4.2545205713662755,0.9970571365058142
0,512,0.0009227664648688314,2.344768735501568,0.9922919897163103,0,109800,{'qualification': 'offline exact-MAD oracle ablation'},6000,0.37969902,20,0,3.0,0.23634790528233152,exact_mad_fd,6000,336000,200,0,4.0,10,0,1.5,casewise_cauchy,518,strong,387200,completed,0.9503140101721097,15801.989691730045,oracle_ablation,2.9617884554440472,0.9921947767225338
0,512,0.0009227664648688314,1.8620695059349488,0.7857102529175788,0,109800,{'qualification': 'offline exact-MAD oracle ablation'},6000,0.520785298,40,0,3.0,0.23634790528233152,exact_mad_fd,6000,336000,200,0,4.0,10,0,1.5,casewise_cauchy,518,strong,451200,completed,0.5621528010226661,11521.062562714666,oracle_ablation,2.8099460915837433,0.8704507045587935
0,512,0.000910442862146298,3.304421115997497,0.9989533366094582,0,109322,{'qualification': 'offline exact-MAD oracle ablation'},6000,0.320846801,10,0,3.0,0.2371617789648927,exact_mad_fd,6000,336000,200,0,4.0,10,0,1.5,cellwise_cauchy,518,strong,355200,completed,0.9115021254603908,18700.513707163314,oracle_ablation,4.539247398304779,0.9991673123625894
0,512,0.000910442862146298,2.206806312150468,0.9948833222788549,0,109322,{'qualification': 'offline exact-MAD oracle ablation'},6000,0.320035065,20,0,3.0,0.2371617789648927,exact_mad_fd,6000,336000,200,0,4.0,10,0,1.5,cellwise_cauchy,518,strong,387200,completed,0.7950347558826207,18747.945635269683,oracle_ablation,3.1702422055156374,0.9964550997334747
0,512,0.000910442862146298,2.614792098783577,0.8289707990201118,0,109322,{'qualification': 'offline exact-MAD oracle ablation'},6000,0.405671159,40,0,3.0,0.2371617789648927,exact_mad_fd,6000,336000,200,0,4.0,10,0,1.5,cellwise_cauchy,518,strong,451200,completed,0.4595956896484435,14790.304577703539,oracle_ablation,4.032426129287847,0.8994862215625118
0,512,0.0048183819482663735,4.129792595189688,0.9981753976433702,0,109800,{'qualification': 'offline exact-MAD oracle ablation'},6000,0.286668718,10,0,3.0,1.0,exact_mad_fd,6000,336000,200,0,4.0,10,0,1.5,bounded_out_of_subspace,518,strong,355200,completed,0.8248963438740041,20930.082786361087,oracle_ablation,3.591579193864133,0.9948445896010938
0,512,0.0048183819482663735,3.5959976136517047,0.9054425103205636,0,109800,{'qualification': 'offline exact-MAD oracle ablation'},6000,0.30999914,20,0,3.0,1.0,exact_mad_fd,6000,336000,200,0,4.0,10,0,1.5,bounded_out_of_subspace,518,strong,387200,completed,0.5697931575537443,19354.892403895057,oracle_ablation,3.1192266873516896,0.8116424980363487
0,512,0.0048183819482663735,2.278745516967299,0.6818407938133306,0,109800,{'qualification': 'offline exact-MAD oracle ablation'},6000,0.464670706,40,0,3.0,1.0,exact_mad_fd,6000,336000,200,0,4.0,10,0,1.5,bounded_out_of_subspace,518,strong,451200,completed,0.35527658174547955,12912.369819155332,oracle_ablation,1.9361441714254357,0.5126581697695592
0,512,0.0033736929003852505,7.649038641668419,1.0314680743877755,0,109800,{'qualification': 'offline exact-MAD oracle ablation'},6000,0.260215964,10,0,3.0,1.0,exact_mad_fd,6000,336000,200,0,4.0,10,0,1.5,in_subspace_leverage,518,strong,355200,completed,0.8680474935966146,23057.7705832068,oracle_ablation,4.762283879163391,0.5965747861765668
0,512,0.0033736929003852505,5.336402382999465,1.1118634952986222,0,109800,{'qualification': 'offline exact-MAD oracle ablation'},6000,0.362890834,20,0,3.0,1.0,exact_mad_fd,6000,336000,200,0,4.0,10,0,1.5,in_subspace_leverage,518,strong,387200,completed,0.6108792209078071,16533.897904955076,oracle_ablation,3.1409869981785605,0.4792442116908371
0,512,0.0033736929003852505,3.3977456414556872,1.0540007337534958,0,109800,{'qualification': 'offline exact-MAD oracle ablation'},6000,0.46167164,40,0,3.0,1.0,exact_mad_fd,6000,336000,200,0,4.0,10,0,1.5,in_subspace_leverage,518,strong,451200,completed,0.2447327385324822,12996.249888773762,oracle_ablation,1.8308633020868754,0.3126052500694614
0,512,0.004468904788112273,3.915918779920968,0.9982793859372051,0,109800,{'qualification': 'offline exact-MAD oracle ablation'},6000,0.249853768,10,0,3.0,0.9613479052823315,exact_mad_fd,6000,336000,200,0,4.0,10,0,1.5,mixed,518,strong,355200,completed,0.8265320107325309,24014.04648818424,oracle_ablation,3.580527856517314,0.9961034124860079
0,512,0.004468904788112273,3.513294874796433,0.904049931483017,0,109800,{'qualification': 'offline exact-MAD oracle ablation'},6000,0.314947383,20,0,3.0,0.9613479052823315,exact_mad_fd,6000,336000,200,0,4.0,10,0,1.5,mixed,518,strong,387200,completed,0.5808490338676058,19050.801257173804,oracle_ablation,3.2154423170945075,0.8385937113281607
0,512,0.004468904788112273,2.2383626139502355,0.666725259095976,0,109800,{'qualification': 'offline exact-MAD oracle ablation'},6000,0.490520795,40,0,3.0,0.9613479052823315,exact_mad_fd,6000,336000,200,0,4.0,10,0,1.5,mixed,518,strong,451200,completed,0.3549080778125403,12231.897324556852,oracle_ablation,2.0315179857588754,0.5400792866738332
0,512,0.0027916666666666667,4.591376724387493,0.9991705740621387,0,0,{'qualification': 'offline exact-MAD oracle ablation'},6000,0.275356614,10,0,3.0,,exact_mad_fd,6000,336000,200,0,4.0,10,0,1.5,clean,518,weak,355200,completed,0.9248405602905245,21789.925118704432,oracle_ablation,4.598736424134034,0.9991682932556615
0,512,0.0027916666666666667,3.343314050835257,0.9982014487514682,0,0,{'qualification': 'offline exact-MAD oracle ablation'},6000,0.333967587,20,0,3.0,,exact_mad_fd,6000,336000,200,0,4.0,10,0,1.5,clean,518,weak,387200,completed,0.9145453755996159,17965.8153472241,oracle_ablation,3.3494844701270154,0.9981984812159508
0,512,0.0027916666666666667,2.438804357307562,0.9929745396149422,0,0,{'qualification': 'offline exact-MAD oracle ablation'},6000,0.435953999,40,0,3.0,,exact_mad_fd,6000,336000,200,0,4.0,10,0,1.5,clean,518,weak,451200,completed,0.7374715901883764,13762.919972664364,oracle_ablation,2.444906117487851,0.992964536715147
0,512,0.0008888277380297193,5.0252305765944785,0.9949495462446158,0,109800,{'qualification': 'offline exact-MAD oracle ablation'},6000,0.271043182,10,0,3.0,0.2137431693989071,exact_mad_fd,6000,336000,200,0,4.0,10,0,1.5,casewise_cauchy,518,weak,355200,completed,0.9532173376846818,22136.694071131442,oracle_ablation,5.017060181971013,0.9963345372080736
0,512,0.0008888277380297193,3.8166057922365195,0.9897391781535951,0,109800,{'qualification': 'offline exact-MAD oracle ablation'},6000,0.357243719,20,0,3.0,0.2137431693989071,exact_mad_fd,6000,336000,200,0,4.0,10,0,1.5,casewise_cauchy,518,weak,387200,completed,0.9675354600447194,16795.256797782917,oracle_ablation,3.791733276542556,0.9925718949293436
0,512,0.0008888277380297193,2.526739491928615,0.9741781249712522,0,109800,{'qualification': 'offline exact-MAD oracle ablation'},6000,0.429371978,40,0,3.0,0.2137431693989071,exact_mad_fd,6000,336000,200,0,4.0,10,0,1.5,casewise_cauchy,518,weak,451200,completed,0.957933251792904,13973.89747684,oracle_ablation,2.467106173440974,0.9811288596382116
0,512,0.0008950449723416431,4.371415602399977,0.9987409546037694,0,109552,{'qualification': 'offline exact-MAD oracle ablation'},6000,0.252612584,10,0,3.0,0.21192675624361035,exact_mad_fd,6000,336000,200,0,4.0,10,0,1.5,cellwise_cauchy,518,weak,355200,completed,0.9586179765949053,23751.785857192295,oracle_ablation,4.53423418524653,0.999231547112821
0,512,0.0008950449723416431,3.415523249779873,0.997401957951638,0,109552,{'qualification': 'offline exact-MAD oracle ablation'},6000,0.364075742,20,0,3.0,0.21192675624361035,exact_mad_fd,6000,336000,200,0,4.0,10,0,1.5,cellwise_cauchy,518,weak,387200,completed,0.9526007778661659,16480.087267115974,oracle_ablation,3.53796475535558,0.9984051421733864
0,512,0.0008950449723416431,2.3247929015804343,0.9923576536482442,0,109552,{'qualification': 'offline exact-MAD oracle ablation'},6000,0.516350031,40,0,3.0,0.21192675624361035,exact_mad_fd,6000,336000,200,0,4.0,10,0,1.5,cellwise_cauchy,518,weak,451200,completed,0.9248799789771606,11620.024479092168,oracle_ablation,2.4059641673894556,0.9953778107659111
0,512,0.0054778939644102,4.622671853653997,0.9992379675600265,0,109800,{'qualification': 'offline exact-MAD oracle ablation'},6000,0.267263795,10,0,3.0,1.0,exact_mad_fd,6000,336000,200,0,4.0,10,0,1.5,bounded_out_of_subspace,518,weak,355200,completed,0.9266447270291976,22449.729863335957,oracle_ablation,4.15266477813839,0.9992608607563245
0,512,0.0054778939644102,9.144493752509872,1.0033646863559926,0,109800,{'qualification': 'offline exact-MAD oracle ablation'},6000,0.325589131,20,0,3.0,1.0,exact_mad_fd,6000,336000,200,0,4.0,10,0,1.5,bounded_out_of_subspace,518,weak,387200,completed,0.9260070137310632,18428.13358533151,oracle_ablation,7.869978198326347,0.9213739304064835
0,512,0.0054778939644102,8.347152818413024,1.037015372517216,0,109800,{'qualification': 'offline exact-MAD oracle ablation'},6000,0.527173758,40,0,3.0,1.0,exact_mad_fd,6000,336000,200,0,4.0,10,0,1.5,bounded_out_of_subspace,518,weak,451200,completed,0.8146061812052741,11381.446646287732,oracle_ablation,7.140834942360974,0.8641079324912755
0,512,0.004977068427811411,10.954061154575246,0.9837583069829676,0,109800,{'qualification': 'offline exact-MAD oracle ablation'},6000,0.308230063,10,0,3.0,1.0,exact_mad_fd,6000,336000,200,0,4.0,10,0,1.5,in_subspace_leverage,518,weak,355200,completed,0.9137729273026204,19465.979215661388,oracle_ablation,7.874240346916002,0.8641411659025324
0,512,0.004977068427811411,10.87691444803252,1.0774213018105878,0,109800,{'qualification': 'offline exact-MAD oracle ablation'},6000,0.300920195,20,0,3.0,1.0,exact_mad_fd,6000,336000,200,0,4.0,10,0,1.5,in_subspace_leverage,518,weak,387200,completed,0.9093957265461879,19938.84125988952,oracle_ablation,7.8124284307797565,0.7130086051377338
0,512,0.004977068427811411,9.684609005879945,1.1641259030066002,0,109800,{'qualification': 'offline exact-MAD oracle ablation'},6000,0.444652113,40,0,3.0,1.0,exact_mad_fd,6000,336000,200,0,4.0,10,0,1.5,in_subspace_leverage,518,weak,451200,completed,0.8219334804045609,13493.695013656665,oracle_ablation,6.886146819284777,0.6664776814816691
0,512,0.005029352412401394,4.603822984802432,0.999148365491157,0,109800,{'qualification': 'offline exact-MAD oracle ablation'},6000,0.256059598,10,0,3.0,0.9590710382513661,exact_mad_fd,6000,336000,200,0,4.0,10,0,1.5,mixed,518,weak,355200,completed,0.9279626370744387,23432.044910107215,oracle_ablation,4.2253943927571935,0.9990490023682599
0,512,0.005029352412401394,8.54810391448079,0.9987922358398204,0,109800,{'qualification': 'offline exact-MAD oracle ablation'},6000,0.338366773,20,0,3.0,0.9590710382513661,exact_mad_fd,6000,336000,200,0,4.0,10,0,1.5,mixed,518,weak,387200,completed,0.926150595830637,17732.23755631585,oracle_ablation,7.582852074069641,0.9467774133271253
0,512,0.005029352412401394,8.018056349781604,1.0234594800129326,0,109800,{'qualification': 'offline exact-MAD oracle ablation'},6000,0.457491199,40,0,3.0,0.9590710382513661,exact_mad_fd,6000,336000,200,0,4.0,10,0,1.5,mixed,518,weak,451200,completed,0.8196235622394576,13115.006393816988,oracle_ablation,7.084045875336484,0.8913016015583102
0,512,0.0027441666666666665,3.0907559657548154,0.9970849928284287,0,0,{'qualification': 'offline exact-MAD oracle ablation'},6000,0.27578598,10,0,3.0,,exact_mad_fd,6000,336000,200,0,4.0,10,0,1.5,clean,519,strong,355200,completed,0.7596091435349319,21756.00079452915,oracle_ablation,3.095884233029835,0.9970641178878881
0,512,0.0027441666666666665,3.1549539348346594,0.8573829410086345,0,0,{'qualification': 'offline exact-MAD oracle ablation'},6000,0.29790347,20,0,3.0,,exact_mad_fd,6000,336000,200,0,4.0,10,0,1.5,clean,519,strong,387200,completed,0.4758085283135133,20140.75230476503,oracle_ablation,3.1608556616818317,0.8565388137522977
0,512,0.0027441666666666665,2.1778850410492034,0.5637134017824618,0,0,{'qualification': 'offline exact-MAD oracle ablation'},6000,0.436406021,40,0,3.0,,exact_mad_fd,6000,336000,200,0,4.0,10,0,1.5,clean,519,strong,451200,completed,0.15694587124992443,13748.66457215997,oracle_ablation,2.182211838416264,0.5614894854533946
0,512,0.0009310218308567236,3.401260848799266,0.9973237525256906,0,109800,{'qualification': 'offline exact-MAD oracle ablation'},6000,0.277562454,10,0,3.0,0.23795081967213114,exact_mad_fd,6000,336000,200,0,4.0,10,0,1.5,casewise_cauchy,519,strong,355200,completed,0.9371205804631757,21616.756566073593,oracle_ablation,4.361194472790962,0.9969816374901201
0,512,0.0009310218308567236,2.3332630020998755,0.9906096842757661,0,109800,{'qualification': 'offline exact-MAD oracle ablation'},6000,0.324178863,20,0,3.0,0.23795081967213114,exact_mad_fd,6000,336000,200,0,4.0,10,0,1.5,casewise_cauchy,519,strong,387200,completed,0.9320687816354647,18508.30107945687,oracle_ablation,2.973817412574101,0.991438093533393
0,512,0.0009310218308567236,1.8490499446420003,0.8005544817076439,0,109800,{'qualification': 'offline exact-MAD oracle ablation'},6000,0.516423363,40,0,3.0,0.23795081967213114,exact_mad_fd,6000,336000,200,0,4.0,10,0,1.5,casewise_cauchy,519,strong,451200,completed,0.5862181182057683,11618.374438261035,oracle_ablation,2.786546492972306,0.8792440258311714
0,512,0.0009277713502006809,3.0550084779879674,0.9988250697384162,0,109214,{'qualification': 'offline exact-MAD oracle ablation'},6000,0.276376456,10,0,3.0,0.23823868734777592,exact_mad_fd,6000,336000,200,0,4.0,10,0,1.5,cellwise_cauchy,519,strong,355200,completed,0.8832431926812472,21709.519279746462,oracle_ablation,4.219804710993649,0.9991047460883149
0,512,0.0009277713502006809,2.2439991972841224,0.9954648914822347,0,109214,{'qualification': 'offline exact-MAD oracle ablation'},6000,0.308436225,20,0,3.0,0.23823868734777592,exact_mad_fd,6000,336000,200,0,4.0,10,0,1.5,cellwise_cauchy,519,strong,387200,completed,0.8151149052200327,19452.967951478462,oracle_ablation,3.184719611672962,0.996775747177309
0,512,0.0009277713502006809,2.5647667929609637,0.8425971569871168,0,109214,{'qualification': 'offline exact-MAD oracle ablation'},6000,0.439811284,40,0,3.0,0.23823868734777592,exact_mad_fd,6000,336000,200,0,4.0,10,0,1.5,cellwise_cauchy,519,strong,451200,completed,0.4472987404922164,13642.214782283758,oracle_ablation,3.9612524960463396,0.9076479381790147
0,512,0.004357915978719501,7.177676941061898,1.015741999269778,0,109800,{'qualification': 'offline exact-MAD oracle ablation'},6000,0.261588631,10,0,3.0,1.0,exact_mad_fd,6000,336000,200,0,4.0,10,0,1.5,bounded_out_of_subspace,519,strong,355200,completed,0.8446633673957764,22936.776636902083,oracle_ablation,5.8484988118422105,0.8897602545005681
0,512,0.004357915978719501,4.34020714297041,1.0038906214564776,0,109800,{'qualification': 'offline exact-MAD oracle ablation'},6000,0.339621495,20,0,3.0,1.0,exact_mad_fd,6000,336000,200,0,4.0,10,0,1.5,bounded_out_of_subspace,519,strong,387200,completed,0.5694363706616022,17666.726306590223,oracle_ablation,3.3506674761324353,0.720386770228662
0,512,0.004357915978719501,2.600512243018049,0.8439980278980886,0,109800,{'qualification': 'offline exact-MAD oracle ablation'},6000,0.439517486,40,0,3.0,1.0,exact_mad_fd,6000,336000,200,0,4.0,10,0,1.5,bounded_out_of_subspace,519,strong,451200,completed,0.3635032502702037,13651.333999485063,oracle_ablation,1.892493338205894,0.45537077635073625
0,512,0.004474408365437534,7.30188821844748,0.9354052489849705,0,109800,{'qualification': 'offline exact-MAD oracle ablation'},6000,0.264043248,10,0,3.0,1.0,exact_mad_fd,6000,336000,200,0,4.0,10,0,1.5,in_subspace_leverage,519,strong,355200,completed,0.8458944595621813,22723.550196595068,oracle_ablation,5.369937930260004,0.7214235130103854
0,512,0.004474408365437534,4.822073951147319,0.9412697294209222,0,109800,{'qualification': 'offline exact-MAD oracle ablation'},6000,0.374648465,20,0,3.0,1.0,exact_mad_fd,6000,336000,200,0,4.0,10,0,1.5,in_subspace_leverage,519,strong,387200,completed,0.5557196103610694,16015.012900159621,oracle_ablation,3.400562100316273,0.5838647295496479
0,512,0.004474408365437534,2.920829085055295,0.8142296954078913,0,109800,{'qualification': 'offline exact-MAD oracle ablation'},6000,0.453378365,40,0,3.0,1.0,exact_mad_fd,6000,336000,200,0,4.0,10,0,1.5,in_subspace_leverage,519,strong,451200,completed,0.21661288589986127,13233.979526129351,oracle_ablation,1.9393018644773434,0.3809866566843985
0,512,0.004079068060906256,6.957863434388741,1.0050054707221117,0,109800,{'qualification': 'offline exact-MAD oracle ablation'},6000,0.275296667,10,0,3.0,0.9609927140255009,exact_mad_fd,6000,336000,200,0,4.0,10,0,1.5,mixed,519,strong,355200,completed,0.8415811090395807,21794.669965982554,oracle_ablation,5.984834666442821,0.9256462326235783
0,512,0.004079068060906256,4.316310143218142,0.9838366604327904,0,109800,{'qualification': 'offline exact-MAD oracle ablation'},6000,0.338242749,20,0,3.0,0.9609927140255009,exact_mad_fd,6000,336000,200,0,4.0,10,0,1.5,mixed,519,strong,387200,completed,0.5784055498938716,17738.739463709833,oracle_ablation,3.560924221978163,0.760160022051775
0,512,0.004079068060906256,2.5387197416913443,0.8050763496241745,0,109800,{'qualification': 'offline exact-MAD oracle ablation'},6000,0.472474908,40,0,3.0,0.9609927140255009,exact_mad_fd,6000,336000,200,0,4.0,10,0,1.5,mixed,519,strong,451200,completed,0.36175424999401845,12699.08708040851,oracle_ablation,2.006443516293526,0.4902314117565772
0,512,0.0026725,4.500103710133719,0.9994355902862365,0,0,{'qualification': 'offline exact-MAD oracle ablation'},6000,0.252095714,10,0,3.0,,exact_mad_fd,6000,336000,200,0,4.0,10,0,1.5,clean,519,weak,355200,completed,0.9421575291667604,23800.48397014794,oracle_ablation,4.5062879125603335,0.999433285229769
0,512,0.0026725,3.302673041598667,0.9983666894239885,0,0,{'qualification': 'offline exact-MAD oracle ablation'},6000,0.36074729,20,0,3.0,,exact_mad_fd,6000,336000,200,0,4.0,10,0,1.5,clean,519,weak,387200,completed,0.9101404099385957,16632.141574784942,oracle_ablation,3.307753425551164,0.9983621790713116
0,512,0.0026725,2.3887205606080983,0.9927040145255691,0,0,{'qualification': 'offline exact-MAD oracle ablation'},6000,0.449463881,40,0,3.0,,exact_mad_fd,6000,336000,200,0,4.0,10,0,1.5,clean,519,weak,451200,completed,0.7080433739238221,13349.237288323953,oracle_ablation,2.393679758315466,0.9926852626700714
0,512,0.0008759860576041093,5.319300176045097,0.9947918543044999,0,109800,{'qualification': 'offline exact-MAD oracle ablation'},6000,0.283186902,10,0,3.0,0.2120582877959927,exact_mad_fd,6000,336000,200,0,4.0,10,0,1.5,casewise_cauchy,519,weak,355200,completed,0.964561613785357,21187.420596168675,oracle_ablation,5.327402751191698,0.9962371794298227
0,512,0.0008759860576041093,3.9942067002253587,0.9903367086369192,0,109800,{'qualification': 'offline exact-MAD oracle ablation'},6000,0.349606278,20,0,3.0,0.2120582877959927,exact_mad_fd,6000,336000,200,0,4.0,10,0,1.5,casewise_cauchy,519,weak,387200,completed,0.9677309260207724,17162.16320348801,oracle_ablation,3.983333467674225,0.9931029542830595
0,512,0.0008759860576041093,2.6512976138807285,0.9757864781843498,0,109800,{'qualification': 'offline exact-MAD oracle ablation'},6000,0.466613827,40,0,3.0,0.2120582877959927,exact_mad_fd,6000,336000,200,0,4.0,10,0,1.5,casewise_cauchy,519,weak,451200,completed,0.9520333977459491,12858.59880873183,oracle_ablation,2.6112696863535065,0.9828752916790489
0,512,0.0008812455181191781,4.456568672166693,0.9990350677300863,0,109498,{'qualification': 'offline exact-MAD oracle ablation'},6000,0.266575274,10,0,3.0,0.21254269484374144,exact_mad_fd,6000,336000,200,0,4.0,10,0,1.5,cellwise_cauchy,519,weak,355200,completed,0.9649993622559887,22507.713899977087,oracle_ablation,4.620936719631575,0.9993978612726088
0,512,0.0008812455181191781,3.3316776813534124,0.9973847623385907,0,109498,{'qualification': 'offline exact-MAD oracle ablation'},6000,0.348399166,20,0,3.0,0.21254269484374144,exact_mad_fd,6000,336000,200,0,4.0,10,0,1.5,cellwise_cauchy,519,weak,387200,completed,0.9520534963210168,17221.625610894833,oracle_ablation,3.451386659527349,0.9983899761157999
0,512,0.0008812455181191781,2.3536664595907792,0.9921060187620426,0,109498,{'qualification': 'offline exact-MAD oracle ablation'},6000,0.499981775,40,0,3.0,0.21254269484374144,exact_mad_fd,6000,336000,200,0,4.0,10,0,1.5,cellwise_cauchy,519,weak,451200,completed,0.9315081191846876,12000.43741594381,oracle_ablation,2.4353226520406883,0.9951843174606777
0,512,0.004351495138506696,11.140562246964334,1.0594779325931816,0,109800,{'qualification': 'offline exact-MAD oracle ablation'},6000,0.290430797,10,0,3.0,1.0,exact_mad_fd,6000,336000,200,0,4.0,10,0,1.5,bounded_out_of_subspace,519,weak,355200,completed,0.9606395478401005,20658.966135743518,oracle_ablation,7.377960448432163,0.7943474152650599
0,512,0.004351495138506696,10.856564899796888,1.2440787430838953,0,109800,{'qualification': 'offline exact-MAD oracle ablation'},6000,0.371142245,20,0,3.0,1.0,exact_mad_fd,6000,336000,200,0,4.0,10,0,1.5,bounded_out_of_subspace,519,weak,387200,completed,0.9445224983236347,16166.308419026782,oracle_ablation,7.167813063806114,0.6548527187878093
0,512,0.004351495138506696,9.527679326939262,1.362325572763101,0,109800,{'qualification': 'offline exact-MAD oracle ablation'},6000,0.411662116,40,0,3.0,1.0,exact_mad_fd,6000,336000,200,0,4.0,10,0,1.5,bounded_out_of_subspace,519,weak,451200,completed,0.8350339771585747,14575.059901795772,oracle_ablation,6.189565835300647,0.6126002606753763
0,512,0.004559713813979086,10.866643608961942,0.9832335525257664,0,109800,{'qualification': 'offline exact-MAD oracle ablation'},6000,0.31772497,10,0,3.0,1.0,exact_mad_fd,6000,336000,200,0,4.0,10,0,1.5,in_subspace_leverage,519,weak,355200,completed,0.9169135669802028,18884.257035259143,oracle_ablation,7.847042396456575,0.8754683218275582
0,512,0.004559713813979086,10.834954089548047,1.0706906419709694,0,109800,{'qualification': 'offline exact-MAD oracle ablation'},6000,0.322038787,20,0,3.0,1.0,exact_mad_fd,6000,336000,200,0,4.0,10,0,1.5,in_subspace_leverage,519,weak,387200,completed,0.902640032403319,18631.29611154572,oracle_ablation,7.821511918076197,0.721465389249122
0,512,0.004559713813979086,9.559431236974524,1.1560688385950426,0,109800,{'qualification': 'offline exact-MAD oracle ablation'},6000,0.41727802,40,0,3.0,1.0,exact_mad_fd,6000,336000,200,0,4.0,10,0,1.5,in_subspace_leverage,519,weak,451200,completed,0.7876693451046466,14378.902583941515,oracle_ablation,6.825027559720846,0.6734173340700115
0,512,0.004042377545404513,10.921034142859172,1.026296103023236,0,109800,{'qualification': 'offline exact-MAD oracle ablation'},6000,0.289841599,10,0,3.0,0.9603187613843351,exact_mad_fd,6000,336000,200,0,4.0,10,0,1.5,mixed,519,weak,355200,completed,0.9578775394099015,20700.9622521438,oracle_ablation,7.718676294300163,0.851109633360057
0,512,0.004042377545404513,10.75218777150292,1.1834975701814443,0,109800,{'qualification': 'offline exact-MAD oracle ablation'},6000,0.317158457,20,0,3.0,0.9603187613843351,exact_mad_fd,6000,336000,200,0,4.0,10,0,1.5,mixed,519,weak,387200,completed,0.9426462735815642,18917.988366931677,oracle_ablation,7.5862714550966475,0.7042604016712065
0,512,0.004042377545404513,9.37913154369628,1.2947378866754757,0,109800,{'qualification': 'offline exact-MAD oracle ablation'},6000,0.401005376,40,0,3.0,0.9603187613843351,exact_mad_fd,6000,336000,200,0,4.0,10,0,1.5,mixed,519,weak,451200,completed,0.8372451503256145,14962.392923131283,oracle_ablation,6.518702526870101,0.6600391238268503
0,512,0.002691666666666667,3.099280682583326,0.9976435485162256,0,0,{'qualification': 'offline exact-MAD oracle ablation'},6000,0.247735668,10,0,3.0,,exact_mad_fd,6000,336000,200,0,4.0,10,0,1.5,clean,520,strong,355200,completed,0.7705984632027832,24219.36271203386,oracle_ablation,3.101733556231189,0.9976338181960034
0,512,0.002691666666666667,3.11670574344505,0.8608896884491918,0,0,{'qualification': 'offline exact-MAD oracle ablation'},6000,0.311784978,20,0,3.0,,exact_mad_fd,6000,336000,200,0,4.0,10,0,1.5,clean,520,strong,387200,completed,0.47804304404805864,19244.03169930785,oracle_ablation,3.1180383773691793,0.8600801280950974
0,512,0.002691666666666667,2.150362592905335,0.5650481195331838,0,0,{'qualification': 'offline exact-MAD oracle ablation'},6000,0.445120383,40,0,3.0,,exact_mad_fd,6000,336000,200,0,4.0,10,0,1.5,clean,520,strong,451200,completed,0.1577357106116424,13479.499544733273,oracle_ablation,2.1514957630506943,0.5628294831371772
0,512,0.0008548890111906072,3.353348307968444,0.9967023814414132,0,109800,{'qualification': 'offline exact-MAD oracle ablation'},6000,0.238666562,10,0,3.0,0.23939890710382514,exact_mad_fd,6000,336000,200,0,4.0,10,0,1.5,casewise_cauchy,520,strong,355200,completed,0.9241554408980494,25139.67582941091,oracle_ablation,4.2900849326916575,0.9963538555093304
0,512,0.0008548890111906072,2.405550995105648,0.991110483904554,0,109800,{'qualification': 'offline exact-MAD oracle ablation'},6000,0.32129266,20,0,3.0,0.23939890710382514,exact_mad_fd,6000,336000,200,0,4.0,10,0,1.5,casewise_cauchy,520,strong,387200,completed,0.9318250310975772,18674.56293586041,oracle_ablation,3.052935911674248,0.9916624070976126
0,512,0.0008548890111906072,1.7702102600867702,0.8020896699524847,0,109800,{'qualification': 'offline exact-MAD oracle ablation'},6000,0.439415357,40,0,3.0,0.23939890710382514,exact_mad_fd,6000,336000,200,0,4.0,10,0,1.5,casewise_cauchy,520,strong,451200,completed,0.5436744952913278,13654.506845103277,oracle_ablation,2.669300101391111,0.8802883495981335
0,512,0.0008667593655871768,3.107839538030527,0.9986123797176484,0,109732,{'qualification': 'offline exact-MAD oracle ablation'},6000,0.268091464,10,0,3.0,0.2402671964422411,exact_mad_fd,6000,336000,200,0,4.0,10,0,1.5,cellwise_cauchy,520,strong,355200,completed,0.8907834038734307,22380.421631029625,oracle_ablation,4.261461947588222,0.9989481749542842
0,512,0.0008667593655871768,2.2050134388493743,0.9948688456426472,0,109732,{'qualification': 'offline exact-MAD oracle ablation'},6000,0.33286959,20,0,3.0,0.2402671964422411,exact_mad_fd,6000,336000,200,0,4.0,10,0,1.5,cellwise_cauchy,520,strong,387200,completed,0.8017802468789536,18025.077027913543,oracle_ablation,3.1228181354541285,0.9964110113250403
0,512,0.0008667593655871768,2.4997299922232035,0.8420175241969688,0,109732,{'qualification': 'offline exact-MAD oracle ablation'},6000,0.456724144,40,0,3.0,0.2402671964422411,exact_mad_fd,6000,336000,200,0,4.0,10,0,1.5,cellwise_cauchy,520,strong,451200,completed,0.4542695393253702,13137.03266801678,oracle_ablation,3.8490378863177876,0.9074538180817627
0,512,0.004661529994496423,5.537011730741057,0.9977881512832172,0,109800,{'qualification': 'offline exact-MAD oracle ablation'},6000,0.272487718,10,0,3.0,1.0,exact_mad_fd,6000,336000,200,0,4.0,10,0,1.5,bounded_out_of_subspace,520,strong,355200,completed,0.8333335102794928,22019.341069897324,oracle_ablation,4.745709387417613,0.9702997460232501
0,512,0.004661529994496423,3.850063486970557,0.944740543275544,0,109800,{'qualification': 'offline exact-MAD oracle ablation'},6000,0.327153631,20,0,3.0,1.0,exact_mad_fd,6000,336000,200,0,4.0,10,0,1.5,bounded_out_of_subspace,520,strong,387200,completed,0.5673257455595937,18340.007358805688,oracle_ablation,3.2155134753393293,0.7910170896630146
0,512,0.004661529994496423,2.351335174126793,0.7385515922426735,0,109800,{'qualification': 'offline exact-MAD oracle ablation'},6000,0.42914028,40,0,3.0,1.0,exact_mad_fd,6000,336000,200,0,4.0,10,0,1.5,bounded_out_of_subspace,520,strong,451200,completed,0.36080059885164795,13981.442152202539,oracle_ablation,1.9035824519341895,0.49796297776456777
0,512,0.003974500091726289,7.536367172682006,0.9385235727823359,0,109800,{'qualification': 'offline exact-MAD oracle ablation'},6000,0.252307998,10,0,3.0,1.0,exact_mad_fd,6000,336000,200,0,4.0,10,0,1.5,in_subspace_leverage,520,strong,355200,completed,0.8503476425363083,23780.458992821943,oracle_ablation,5.481451923975767,0.7053747138282376
0,512,0.003974500091726289,4.969998769860224,0.9588099244207305,0,109800,{'qualification': 'offline exact-MAD oracle ablation'},6000,0.344735201,20,0,3.0,1.0,exact_mad_fd,6000,336000,200,0,4.0,10,0,1.5,in_subspace_leverage,520,strong,387200,completed,0.589415062918686,17404.66300683927,oracle_ablation,3.457066377659335,0.5751251455481058
0,512,0.003974500091726289,2.967064778482869,0.837355690992324,0,109800,{'qualification': 'offline exact-MAD oracle ablation'},6000,0.471527182,40,0,3.0,1.0,exact_mad_fd,6000,336000,200,0,4.0,10,0,1.5,in_subspace_leverage,520,strong,451200,completed,0.21778425315462352,12724.611070247907,oracle_ablation,1.9312560994326977,0.3736075800023699
0,512,0.004291873050816364,4.318666103439704,0.9976616858283269,0,109800,{'qualification': 'offline exact-MAD oracle ablation'},6000,0.299091032,10,0,3.0,0.9608014571948998,exact_mad_fd,6000,336000,200,0,4.0,10,0,1.5,mixed,520,strong,355200,completed,0.8255080235801543,20060.782029733342,oracle_ablation,3.818627401239862,0.9902108350399276
0,512,0.004291873050816364,3.8136149041465286,0.9385545306842215,0,109800,{'qualification': 'offline exact-MAD oracle ablation'},6000,0.353947466,20,0,3.0,0.9608014571948998,exact_mad_fd,6000,336000,200,0,4.0,10,0,1.5,mixed,520,strong,387200,completed,0.5854760120936964,16951.66818908657,oracle_ablation,3.368360309230519,0.8232509613040775
0,512,0.004291873050816364,2.302324231395311,0.715765588030303,0,109800,{'qualification': 'offline exact-MAD oracle ablation'},6000,0.437187797,40,0,3.0,0.9608014571948998,exact_mad_fd,6000,336000,200,0,4.0,10,0,1.5,mixed,520,strong,451200,completed,0.35990369133575045,13724.079311390295,oracle_ablation,1.999278185725598,0.5277998616636081
0,512,0.002639166666666667,4.661243810737659,0.9992175012310617,0,0,{'qualification': 'offline exact-MAD oracle ablation'},6000,0.28991301,10,0,3.0,,exact_mad_fd,6000,336000,200,0,4.0,10,0,1.5,clean,520,weak,355200,completed,0.9429510954278207,20695.863217728653,oracle_ablation,4.667836741464459,0.9992123823486332
0,512,0.002639166666666667,3.4171169368508565,0.998237755821595,0,0,{'qualification': 'offline exact-MAD oracle ablation'},6000,0.327678767,20,0,3.0,,exact_mad_fd,6000,336000,200,0,4.0,10,0,1.5,clean,520,weak,387200,completed,0.9015980997199813,18310.615774503327,oracle_ablation,3.4222151748639065,0.9982277949804219
0,512,0.002639166666666667,2.495537813436917,0.9920454064733816,0,0,{'qualification': 'offline exact-MAD oracle ablation'},6000,0.452661749,40,0,3.0,,exact_mad_fd,6000,336000,200,0,4.0,10,0,1.5,clean,520,weak,451200,completed,0.6976471938787485,13254.930449181824,oracle_ablation,2.5008505462060535,0.9920207300461348
0,512,0.000859475325628325,5.674775922734213,0.9950562680250151,0,109800,{'qualification': 'offline exact-MAD oracle ablation'},6000,0.270911065,10,0,3.0,0.2112568306010929,exact_mad_fd,6000,336000,200,0,4.0,10,0,1.5,casewise_cauchy,520,weak,355200,completed,0.9499456053395114,22147.48961988688,oracle_ablation,5.684451280125762,0.9964539616811666
0,512,0.000859475325628325,4.129817441845118,0.9909945933183936,0,109800,{'qualification': 'offline exact-MAD oracle ablation'},6000,0.309696764,20,0,3.0,0.2112568306010929,exact_mad_fd,6000,336000,200,0,4.0,10,0,1.5,casewise_cauchy,520,weak,387200,completed,0.9661554177558774,19373.789775859586,oracle_ablation,4.119156937944836,0.9936111346135506
0,512,0.000859475325628325,2.6513959476890685,0.976291222997422,0,109800,{'qualification': 'offline exact-MAD oracle ablation'},6000,0.409126139,40,0,3.0,0.2112568306010929,exact_mad_fd,6000,336000,200,0,4.0,10,0,1.5,casewise_cauchy,520,weak,451200,completed,0.9551414127049277,14665.403717947242,oracle_ablation,2.6074412932282667,0.9831992637085121
0,512,0.0008639174160982114,4.5351443964247515,0.9988500358151714,0,109618,{'qualification': 'offline exact-MAD oracle ablation'},6000,0.290193774,10,0,3.0,0.21231002207666624,exact_mad_fd,6000,336000,200,0,4.0,10,0,1.5,cellwise_cauchy,520,weak,355200,completed,0.960605897711286,20675.8398614024,oracle_ablation,4.701271977861198,0.9992885147680549
0,512,0.0008639174160982114,3.297537580399077,0.997101627815316,0,109618,{'qualification': 'offline exact-MAD oracle ablation'},6000,0.350967112,20,0,3.0,0.21231002207666624,exact_mad_fd,6000,336000,200,0,4.0,10,0,1.5,cellwise_cauchy,520,weak,387200,completed,0.9483306664051943,17095.618919416014,oracle_ablation,3.4170734344861304,0.9982387322429165
0,512,0.0008639174160982114,2.346481559553274,0.9917299493676986,0,109618,{'qualification': 'offline exact-MAD oracle ablation'},6000,0.510309175,40,0,3.0,0.21231002207666624,exact_mad_fd,6000,336000,200,0,4.0,10,0,1.5,cellwise_cauchy,520,weak,451200,completed,0.9175187387907524,11757.57813878224,oracle_ablation,2.433702273825082,0.9950591982120535
0,512,0.0046936341955604475,10.035602329996456,1.003075308302474,0,109800,{'qualification': 'offline exact-MAD oracle ablation'},6000,0.295147958,10,0,3.0,1.0,exact_mad_fd,6000,336000,200,0,4.0,10,0,1.5,bounded_out_of_subspace,520,weak,355200,completed,0.9474032532936829,20328.787095996104,oracle_ablation,7.395408243578151,0.9115650529011488
0,512,0.0046936341955604475,10.574427029203054,1.113484831667604,0,109800,{'qualification': 'offline exact-MAD oracle ablation'},6000,0.303103256,20,0,3.0,1.0,exact_mad_fd,6000,336000,200,0,4.0,10,0,1.5,bounded_out_of_subspace,520,weak,387200,completed,0.9306247681599086,19795.234400253357,oracle_ablation,7.828469392421107,0.7503245216052811
0,512,0.0046936341955604475,9.235737651433231,1.2049455701725893,0,109800,{'qualification': 'offline exact-MAD oracle ablation'},6000,0.470276871,40,0,3.0,1.0,exact_mad_fd,6000,336000,200,0,4.0,10,0,1.5,bounded_out_of_subspace,520,weak,451200,completed,0.822268726864006,12758.441611728764,oracle_ablation,6.7477433024404805,0.7022844237792343
0,512,0.004494588148963493,10.41052070840238,0.9803238045482151,0,109800,{'qualification': 'offline exact-MAD oracle ablation'},6000,0.263429589,10,0,3.0,1.0,exact_mad_fd,6000,336000,200,0,4.0,10,0,1.5,in_subspace_leverage,520,weak,355200,completed,0.9160146380351234,22776.484687147273,oracle_ablation,7.42081229386716,0.8753249124714462
0,512,0.004494588148963493,10.631627713076846,1.066114651964104,0,109800,{'qualification': 'offline exact-MAD oracle ablation'},6000,0.328862,20,0,3.0,1.0,exact_mad_fd,6000,336000,200,0,4.0,10,0,1.5,in_subspace_leverage,520,weak,387200,completed,0.8974415320209836,18244.734873594396,oracle_ablation,7.590180538128926,0.7188330511168742
0,512,0.004494588148963493,9.391189104593026,1.1501033520435124,0,109800,{'qualification': 'offline exact-MAD oracle ablation'},6000,0.420445868,40,0,3.0,1.0,exact_mad_fd,6000,336000,200,0,4.0,10,0,1.5,in_subspace_leverage,520,weak,451200,completed,0.8031087646629167,14270.564790043316,oracle_ablation,6.626740740609583,0.671114287574322
0,512,0.004322142726105302,9.00450367066964,0.9975481467847528,0,109800,{'qualification': 'offline exact-MAD oracle ablation'},6000,0.253235811,10,0,3.0,0.9599635701275046,exact_mad_fd,6000,336000,200,0,4.0,10,0,1.5,mixed,520,weak,355200,completed,0.9531912979970766,23693.331430127,oracle_ablation,6.978924394435929,0.9659874294531767
0,512,0.004322142726105302,10.37043600177603,1.074432513035998,0,109800,{'qualification': 'offline exact-MAD oracle ablation'},6000,0.34696005,20,0,3.0,0.9599635701275046,exact_mad_fd,6000,336000,200,0,4.0,10,0,1.5,mixed,520,weak,387200,completed,0.9281462803882106,17293.0572266173,oracle_ablation,8.125991175646702,0.7994469180123683
0,512,0.004322142726105302,9.06067742419507,1.1557025367515839,0,109800,{'qualification': 'offline exact-MAD oracle ablation'},6000,0.458853866,40,0,3.0,0.9599635701275046,exact_mad_fd,6000,336000,200,0,4.0,10,0,1.5,mixed,520,weak,451200,completed,0.8216888566212817,13076.058511404151,oracle_ablation,7.01776523443444,0.7496497205162116
0,512,0.002714166666666667,3.3164167765369528,0.9977229488418206,0,0,{'qualification': 'offline exact-MAD oracle ablation'},6000,0.271653481,10,0,3.0,,exact_mad_fd,6000,336000,200,0,4.0,10,0,1.5,clean,521,strong,355200,completed,0.7897952030484316,22086.96158765586,oracle_ablation,3.31808772529931,0.9977058684487785
0,512,0.002714166666666667,3.130281830332034,0.8553510326258589,0,0,{'qualification': 'offline exact-MAD oracle ablation'},6000,0.319466992,20,0,3.0,,exact_mad_fd,6000,336000,200,0,4.0,10,0,1.5,clean,521,strong,387200,completed,0.4617236222558162,18781.28304410241,oracle_ablation,3.1328136379267995,0.8546027230099473
0,512,0.002714166666666667,2.1561918130342868,0.562005454068196,0,0,{'qualification': 'offline exact-MAD oracle ablation'},6000,0.424183641,40,0,3.0,,exact_mad_fd,6000,336000,200,0,4.0,10,0,1.5,clean,521,strong,451200,completed,0.16232003352214489,14144.8170557808,oracle_ablation,2.1579564662655444,0.5599833999508655
0,512,0.0009080902586681343,3.562083299002935,0.9972985582683214,0,109800,{'qualification': 'offline exact-MAD oracle ablation'},6000,0.287716484,10,0,3.0,0.23998178506375228,exact_mad_fd,6000,336000,200,0,4.0,10,0,1.5,casewise_cauchy,521,strong,355200,completed,0.9049352918816163,20853.862512792282,oracle_ablation,4.5894848662366075,0.9973623843328195
0,512,0.0009080902586681343,2.394479523459918,0.9901906732138244,0,109800,{'qualification': 'offline exact-MAD oracle ablation'},6000,0.336987244,20,0,3.0,0.23998178506375228,exact_mad_fd,6000,336000,200,0,4.0,10,0,1.5,casewise_cauchy,521,strong,387200,completed,0.9124327184115788,17804.828244478,oracle_ablation,3.0785799264627456,0.9916267404715925
0,512,0.0009080902586681343,1.8478617902585968,0.7933844713539208,0,109800,{'qualification': 'offline exact-MAD oracle ablation'},6000,0.44280066,40,0,3.0,0.23998178506375228,exact_mad_fd,6000,336000,200,0,4.0,10,0,1.5,casewise_cauchy,521,strong,451200,completed,0.541759511820785,13550.115304706185,oracle_ablation,2.781837588354555,0.8752740930742225
0,512,0.0009240525939934748,3.121100232197475,0.9990004053453646,0,109153,{'qualification': 'offline exact-MAD oracle ablation'},6000,0.274714259,10,0,3.0,0.23839931105878903,exact_mad_fd,6000,336000,200,0,4.0,10,0,1.5,cellwise_cauchy,521,strong,355200,completed,0.9091188378070062,21840.87575883711,oracle_ablation,4.2720053326498935,0.9991974767233606
0,512,0.0009240525939934748,2.2554756187559013,0.9954855190101856,0,109153,{'qualification': 'offline exact-MAD oracle ablation'},6000,0.309329289,20,0,3.0,0.23839931105878903,exact_mad_fd,6000,336000,200,0,4.0,10,0,1.5,cellwise_cauchy,521,strong,387200,completed,0.80881805642952,19396.805324826513,oracle_ablation,3.193736043967695,0.9967851554916993
0,512,0.0009240525939934748,2.498471212295809,0.8422800020668989,0,109153,{'qualification': 'offline exact-MAD oracle ablation'},6000,0.433455013,40,0,3.0,0.23839931105878903,exact_mad_fd,6000,336000,200,0,4.0,10,0,1.5,cellwise_cauchy,521,strong,451200,completed,0.456263823464481,13842.266948242677,oracle_ablation,3.8684665087171393,0.907144228486739
0,512,0.004725738396624472,6.525403904098599,1.0016577840232337,0,109800,{'qualification': 'offline exact-MAD oracle ablation'},6000,0.305853824,10,0,3.0,1.0,exact_mad_fd,6000,336000,200,0,4.0,10,0,1.5,bounded_out_of_subspace,521,strong,355200,completed,0.8542213167805418,19617.21426768887,oracle_ablation,5.5100029351285436,0.9405942047583927
0,512,0.004725738396624472,4.005089787801647,0.9611789284993757,0,109800,{'qualification': 'offline exact-MAD oracle ablation'},6000,0.316591872,20,0,3.0,1.0,exact_mad_fd,6000,336000,200,0,4.0,10,0,1.5,bounded_out_of_subspace,521,strong,387200,completed,0.5478361430836973,18951.84472708131,oracle_ablation,3.233735883046327,0.7602708634507436
0,512,0.004725738396624472,2.4567418332298785,0.7761541695048608,0,109800,{'qualification': 'offline exact-MAD oracle ablation'},6000,0.43907496,40,0,3.0,1.0,exact_mad_fd,6000,336000,200,0,4.0,10,0,1.5,bounded_out_of_subspace,521,strong,451200,completed,0.36246290484250987,13665.092630196903,oracle_ablation,1.8988851259912825,0.4801800082134628
0,512,0.0040845716382315175,7.48210630140547,0.9625266242582183,0,109800,{'qualification': 'offline exact-MAD oracle ablation'},6000,0.252638701,10,0,3.0,1.0,exact_mad_fd,6000,336000,200,0,4.0,10,0,1.5,in_subspace_leverage,521,strong,355200,completed,0.8478161175069252,23749.33047173956,oracle_ablation,5.198409144142466,0.6746239517328185
0,512,0.0040845716382315175,4.993554585486411,1.0002999137216126,0,109800,{'qualification': 'offline exact-MAD oracle ablation'},6000,0.342634748,20,0,3.0,1.0,exact_mad_fd,6000,336000,200,0,4.0,10,0,1.5,in_subspace_leverage,521,strong,387200,completed,0.5521356831717351,17511.358772053092,oracle_ablation,3.304612956953092,0.5446842911148173
0,512,0.0040845716382315175,3.082924826507808,0.900891379554413,0,109800,{'qualification': 'offline exact-MAD oracle ablation'},6000,0.511200422,40,0,3.0,1.0,exact_mad_fd,6000,336000,200,0,4.0,10,0,1.5,in_subspace_leverage,521,strong,451200,completed,0.22460163927034585,11737.079512817772,oracle_ablation,1.8947498748320377,0.35467463094240964
0,512,0.0043542469271693265,5.870421289425435,0.998092749547708,0,109800,{'qualification': 'offline exact-MAD oracle ablation'},6000,0.242585435,10,0,3.0,0.9613752276867031,exact_mad_fd,6000,336000,200,0,4.0,10,0,1.5,mixed,521,strong,355200,completed,0.8480846377516602,24733.5541806127,oracle_ablation,5.175200369828333,0.9719318294442924
0,512,0.0043542469271693265,3.944132918968835,0.9484690771523627,0,109800,{'qualification': 'offline exact-MAD oracle ablation'},6000,0.281283334,20,0,3.0,0.9613752276867031,exact_mad_fd,6000,336000,200,0,4.0,10,0,1.5,mixed,521,strong,387200,completed,0.5572697912751875,21330.805187341815,oracle_ablation,3.3825584813094993,0.7957226516553845
0,512,0.0043542469271693265,2.397990758980651,0.7457387581906494,0,109800,{'qualification': 'offline exact-MAD oracle ablation'},6000,0.351630146,40,0,3.0,0.9613752276867031,exact_mad_fd,6000,336000,200,0,4.0,10,0,1.5,mixed,521,strong,451200,completed,0.3609743637595802,17063.383410818253,oracle_ablation,2.0007070345668425,0.5123582392466255
0,512,0.0027316666666666665,4.665687588183565,0.9993452040219264,0,0,{'qualification': 'offline exact-MAD oracle ablation'},6000,0.298582146,10,0,3.0,,exact_mad_fd,6000,336000,200,0,4.0,10,0,1.5,clean,521,weak,355200,completed,0.9406304094380628,20094.972456926476,oracle_ablation,4.6729319584245,0.9993404541334651
0,512,0.0027316666666666665,3.434144357090764,0.9984049228818094,0,0,{'qualification': 'offline exact-MAD oracle ablation'},6000,0.36028599,20,0,3.0,,exact_mad_fd,6000,336000,200,0,4.0,10,0,1.5,clean,521,weak,387200,completed,0.9028259042441721,16653.43689883695,oracle_ablation,3.439856478861432,0.998396135857692
0,512,0.0027316666666666665,2.4721649204401928,0.9923937438832389,0,0,{'qualification': 'offline exact-MAD oracle ablation'},6000,0.484721328,40,0,3.0,,exact_mad_fd,6000,336000,200,0,4.0,10,0,1.5,clean,521,weak,451200,completed,0.7159289822436361,12378.246331261083,oracle_ablation,2.4776797055612336,0.9923640683768737
0,512,0.0008952485782425244,5.335489373187904,0.9952637925265706,0,109800,{'qualification': 'offline exact-MAD oracle ablation'},6000,0.279379687,10,0,3.0,0.2126775956284153,exact_mad_fd,6000,336000,200,0,4.0,10,0,1.5,casewise_cauchy,521,weak,355200,completed,0.9635679131752561,21476.14976746681,oracle_ablation,5.350473998103395,0.9966680465636732
0,512,0.0008952485782425244,3.699371772677504,0.9892665280620656,0,109800,{'qualification': 'offline exact-MAD oracle ablation'},6000,0.32663972,20,0,3.0,0.2126775956284153,exact_mad_fd,6000,336000,200,0,4.0,10,0,1.5,casewise_cauchy,521,weak,387200,completed,0.9712358024140932,18368.862182468194,oracle_ablation,3.6874278763836066,0.9923910103216135
0,512,0.0008952485782425244,2.5355508035604863,0.9745768469721985,0,109800,{'qualification': 'offline exact-MAD oracle ablation'},6000,0.410310359,40,0,3.0,0.2126775956284153,exact_mad_fd,6000,336000,200,0,4.0,10,0,1.5,casewise_cauchy,521,weak,451200,completed,0.9589451209171197,14623.077064452082,oracle_ablation,2.4909084585840726,0.9818356491528297
0,512,0.0008933861904875467,4.738637804586595,0.9989166859950309,0,109766,{'qualification': 'offline exact-MAD oracle ablation'},6000,0.264932556,10,0,3.0,0.21201464934497022,exact_mad_fd,6000,336000,200,0,4.0,10,0,1.5,cellwise_cauchy,521,weak,355200,completed,0.9609389142836111,22647.2732932075,oracle_ablation,4.917514393640834,0.9993363157698656
0,512,0.0008933861904875467,3.3416331323987487,0.9973623805992797,0,109766,{'qualification': 'offline exact-MAD oracle ablation'},6000,0.362533125,20,0,3.0,0.21201464934497022,exact_mad_fd,6000,336000,200,0,4.0,10,0,1.5,cellwise_cauchy,521,weak,387200,completed,0.9480120856032296,16550.21179099151,oracle_ablation,3.464519782961119,0.9983916025170203
0,512,0.0008933861904875467,2.291569805455031,0.991924465362427,0,109766,{'qualification': 'offline exact-MAD oracle ablation'},6000,0.475578457,40,0,3.0,0.21201464934497022,exact_mad_fd,6000,336000,200,0,4.0,10,0,1.5,cellwise_cauchy,521,weak,451200,completed,0.9148615556771909,12616.214867781531,oracle_ablation,2.3754845440572234,0.995140410768165
0,512,0.0046486883140708125,10.734391864948151,1.0073647793262415,0,109800,{'qualification': 'offline exact-MAD oracle ablation'},6000,0.239151218,10,0,3.0,1.0,exact_mad_fd,6000,336000,200,0,4.0,10,0,1.5,bounded_out_of_subspace,521,weak,355200,completed,0.9586773129731585,25088.728588453185,oracle_ablation,7.788249616587823,0.8949161337717443
0,512,0.0046486883140708125,10.708917172873333,1.127985208307573,0,109800,{'qualification': 'offline exact-MAD oracle ablation'},6000,0.315329318,20,0,3.0,1.0,exact_mad_fd,6000,336000,200,0,4.0,10,0,1.5,bounded_out_of_subspace,521,weak,387200,completed,0.9387403547465264,19027.72643551019,oracle_ablation,7.76675802897468,0.7371197871112335
0,512,0.0046486883140708125,9.37255463634211,1.2236501729471616,0,109800,{'qualification': 'offline exact-MAD oracle ablation'},6000,0.45966847,40,0,3.0,1.0,exact_mad_fd,6000,336000,200,0,4.0,10,0,1.5,bounded_out_of_subspace,521,weak,451200,completed,0.8281657137621982,13052.885702602138,oracle_ablation,6.706347705753703,0.6896798799060879
0,512,0.004490001834525775,10.802395742863771,0.9936033752945342,0,109800,{'qualification': 'offline exact-MAD oracle ablation'},6000,0.263142228,10,0,3.0,1.0,exact_mad_fd,6000,336000,200,0,4.0,10,0,1.5,in_subspace_leverage,521,weak,355200,completed,0.92288251695641,22801.357446893704,oracle_ablation,7.422055983842573,0.8191358634396376
0,512,0.004490001834525775,10.588535500828707,1.1211577007357787,0,109800,{'qualification': 'offline exact-MAD oracle ablation'},6000,0.335794805,20,0,3.0,1.0,exact_mad_fd,6000,336000,200,0,4.0,10,0,1.5,in_subspace_leverage,521,weak,387200,completed,0.9039724457775901,17868.054867614763,oracle_ablation,7.26029053995345,0.6727628193851823
0,512,0.004490001834525775,9.385005624528759,1.2207588712055863,0,109800,{'qualification': 'offline exact-MAD oracle ablation'},6000,0.397621891,40,0,3.0,1.0,exact_mad_fd,6000,336000,200,0,4.0,10,0,1.5,in_subspace_leverage,521,weak,451200,completed,0.7963744957952781,15089.712452476617,oracle_ablation,6.355493423036535,0.6279140246952639
0,512,0.0042496789579893595,9.957671013001177,0.9987228282328712,0,109800,{'qualification': 'offline exact-MAD oracle ablation'},6000,0.253323213,10,0,3.0,0.9601275045537341,exact_mad_fd,6000,336000,200,0,4.0,10,0,1.5,mixed,521,weak,355200,completed,0.9589920618236722,23685.15671716196,oracle_ablation,7.596953370613456,0.9450197590260522
0,512,0.0042496789579893595,10.477997619521874,1.0906701788345166,0,109800,{'qualification': 'offline exact-MAD oracle ablation'},6000,0.327417847,20,0,3.0,0.9601275045537341,exact_mad_fd,6000,336000,200,0,4.0,10,0,1.5,mixed,521,weak,387200,completed,0.938883714786366,18325.20754435234,oracle_ablation,8.024329732858499,0.7816615335393893
0,512,0.0042496789579893595,9.1436332657096,1.177377830755637,0,109800,{'qualification': 'offline exact-MAD oracle ablation'},6000,0.360421921,40,0,3.0,0.9601275045537341,exact_mad_fd,6000,336000,200,0,4.0,10,0,1.5,mixed,521,weak,451200,completed,0.8294013755397205,16647.15615341277,oracle_ablation,6.916363031479653,0.7329394043888013
0,512,0.0026883333333333334,3.2757366391101237,0.9985051482479967,0,0,{'qualification': 'offline exact-MAD oracle ablation'},6000,0.276897962,10,0,3.0,,exact_mad_fd,6000,336000,200,0,4.0,10,0,1.5,clean,522,strong,355200,completed,0.805224018002143,21668.63185508025,oracle_ablation,3.27688566307646,0.9984904663639508
0,512,0.0026883333333333334,3.124447091917305,0.8480302171897548,0,0,{'qualification': 'offline exact-MAD oracle ablation'},6000,0.322846222,20,0,3.0,,exact_mad_fd,6000,336000,200,0,4.0,10,0,1.5,clean,522,strong,387200,completed,0.4684793403311157,18584.699436253584,oracle_ablation,3.127090837917648,0.8471401383479279
0,512,0.0026883333333333334,2.151618999427582,0.5570259297322239,0,0,{'qualification': 'offline exact-MAD oracle ablation'},6000,0.413627885,40,0,3.0,,exact_mad_fd,6000,336000,200,0,4.0,10,0,1.5,clean,522,strong,451200,completed,0.14802403040057632,14505.791842346413,oracle_ablation,2.1537899820197857,0.5549853807001731
0,512,0.0009190974133186571,3.693616595181875,0.9976997273547393,0,109800,{'qualification': 'offline exact-MAD oracle ablation'},6000,0.265992625,10,0,3.0,0.23782331511839708,exact_mad_fd,6000,336000,200,0,4.0,10,0,1.5,casewise_cauchy,522,strong,355200,completed,0.9003852874008975,22557.016383442962,oracle_ablation,4.7738095242978025,0.9973082070247777
0,512,0.0009190974133186571,2.346255591972155,0.990954989715209,0,109800,{'qualification': 'offline exact-MAD oracle ablation'},6000,0.314745818,20,0,3.0,0.23782331511839708,exact_mad_fd,6000,336000,200,0,4.0,10,0,1.5,casewise_cauchy,522,strong,387200,completed,0.9261982317742957,19063.001497926176,oracle_ablation,3.0145985846670853,0.9918800295068784
0,512,0.0009190974133186571,1.8193956621260885,0.7909771421673486,0,109800,{'qualification': 'offline exact-MAD oracle ablation'},6000,0.445544908,40,0,3.0,0.23782331511839708,exact_mad_fd,6000,336000,200,0,4.0,10,0,1.5,casewise_cauchy,522,strong,451200,completed,0.5528560581793184,13466.655980725516,oracle_ablation,2.7775229489454802,0.8736983519281062
0,512,0.0009253773503575864,3.0634400590145052,0.999103017833873,0,109634,{'qualification': 'offline exact-MAD oracle ablation'},6000,0.249728615,10,0,3.0,0.2372530419395443,exact_mad_fd,6000,336000,200,0,4.0,10,0,1.5,cellwise_cauchy,522,strong,355200,completed,0.9122316211212452,24026.081272264295,oracle_ablation,4.212111478677146,0.9992427325084774
0,512,0.0009253773503575864,2.2788565711417723,0.9962348727861561,0,109634,{'qualification': 'offline exact-MAD oracle ablation'},6000,0.320899397,20,0,3.0,0.2372530419395443,exact_mad_fd,6000,336000,200,0,4.0,10,0,1.5,cellwise_cauchy,522,strong,387200,completed,0.8368815817956992,18697.448658652356,oracle_ablation,3.2234936546656328,0.9972638899897255
0,512,0.0009253773503575864,2.535630967720288,0.8404716510530416,0,109634,{'qualification': 'offline exact-MAD oracle ablation'},6000,0.364479474,40,0,3.0,0.2372530419395443,exact_mad_fd,6000,336000,200,0,4.0,10,0,1.5,cellwise_cauchy,522,strong,451200,completed,0.4688182805507964,16461.832360963075,oracle_ablation,3.9583689814973244,0.9061543185740817
0,512,0.004322142726105302,7.416310865062987,1.0480839176165206,0,109800,{'qualification': 'offline exact-MAD oracle ablation'},6000,0.246574901,10,0,3.0,1.0,exact_mad_fd,6000,336000,200,0,4.0,10,0,1.5,bounded_out_of_subspace,522,strong,355200,completed,0.8970603140597093,24333.376899540963,oracle_ablation,5.746215347155326,0.8317914003535797
0,512,0.004322142726105302,4.385349175483032,1.0591402470926656,0,109800,{'qualification': 'offline exact-MAD oracle ablation'},6000,0.317674697,20,0,3.0,1.0,exact_mad_fd,6000,336000,200,0,4.0,10,0,1.5,bounded_out_of_subspace,522,strong,387200,completed,0.5562409504872801,18887.24552714376,oracle_ablation,3.1617160424562005,0.6672437786435449
0,512,0.004322142726105302,2.7160351891664054,0.9295791284628704,0,109800,{'qualification': 'offline exact-MAD oracle ablation'},6000,0.46809722,40,0,3.0,1.0,exact_mad_fd,6000,336000,200,0,4.0,10,0,1.5,bounded_out_of_subspace,522,strong,451200,completed,0.36786174628300294,12817.850103873721,oracle_ablation,1.8207575959068973,0.4205678768115112
0,512,0.004138690148596588,7.504642665232596,0.9423191403749137,0,109800,{'qualification': 'offline exact-MAD oracle ablation'},6000,0.287513791,10,0,3.0,1.0,exact_mad_fd,6000,336000,200,0,4.0,10,0,1.5,in_subspace_leverage,522,strong,355200,completed,0.8587183968005832,20868.564179587476,oracle_ablation,5.422862881424652,0.7139337569390863
0,512,0.004138690148596588,4.717578839832956,0.945497373798545,0,109800,{'qualification': 'offline exact-MAD oracle ablation'},6000,0.316377362,20,0,3.0,1.0,exact_mad_fd,6000,336000,200,0,4.0,10,0,1.5,in_subspace_leverage,522,strong,387200,completed,0.5222843059803034,18964.69444612159,oracle_ablation,3.2353251663515605,0.570939270690929
0,512,0.004138690148596588,2.955879685900004,0.8263165549607628,0,109800,{'qualification': 'offline exact-MAD oracle ablation'},6000,0.454603043,40,0,3.0,1.0,exact_mad_fd,6000,336000,200,0,4.0,10,0,1.5,in_subspace_leverage,522,strong,451200,completed,0.20719395969703672,13198.327843133246,oracle_ablation,1.904010812174913,0.3717927417203808
0,512,0.003977251880388919,7.235960335930753,1.024345724334241,0,109800,{'qualification': 'offline exact-MAD oracle ablation'},6000,0.273364983,10,0,3.0,0.9607012750455374,exact_mad_fd,6000,336000,200,0,4.0,10,0,1.5,mixed,522,strong,355200,completed,0.8929013055597832,21948.678042644548,oracle_ablation,5.9728061229693346,0.8758165942014228
0,512,0.003977251880388919,4.354978519107694,1.0245082664024772,0,109800,{'qualification': 'offline exact-MAD oracle ablation'},6000,0.351366658,20,0,3.0,0.9607012750455374,exact_mad_fd,6000,336000,200,0,4.0,10,0,1.5,mixed,522,strong,387200,completed,0.5706383282576908,17076.179151864773,oracle_ablation,3.3936701719936324,0.7128631543063123
0,512,0.003977251880388919,2.638673533288406,0.8735832776008374,0,109800,{'qualification': 'offline exact-MAD oracle ablation'},6000,0.424538108,40,0,3.0,0.9607012750455374,exact_mad_fd,6000,336000,200,0,4.0,10,0,1.5,mixed,522,strong,451200,completed,0.36516136433330054,14133.006877205944,oracle_ablation,1.945011122550557,0.45821189277619306
0,512,0.0027008333333333333,4.628804137039768,0.9993151546584321,0,0,{'qualification': 'offline exact-MAD oracle ablation'},6000,0.269220794,10,0,3.0,,exact_mad_fd,6000,336000,200,0,4.0,10,0,1.5,clean,522,weak,355200,completed,0.9276673702368148,22286.54002112482,oracle_ablation,4.636906026614297,0.9993132261312049
0,512,0.0027008333333333333,3.253539947166439,0.9982259851557717,0,0,{'qualification': 'offline exact-MAD oracle ablation'},6000,0.298413737,20,0,3.0,,exact_mad_fd,6000,336000,200,0,4.0,10,0,1.5,clean,522,weak,387200,completed,0.9129650434230647,20106.313001267765,oracle_ablation,3.25987527593671,0.9982212851103205
0,512,0.0027008333333333333,2.463472817912116,0.9924910487411035,0,0,{'qualification': 'offline exact-MAD oracle ablation'},6000,0.447592047,40,0,3.0,,exact_mad_fd,6000,336000,200,0,4.0,10,0,1.5,clean,522,weak,451200,completed,0.7248564860008118,13405.063919734928,oracle_ablation,2.4692449078370102,0.9924700016002772
0,512,0.0009053384700055036,5.510800373696898,0.9949870846568226,0,109800,{'qualification': 'offline exact-MAD oracle ablation'},6000,0.299336744,10,0,3.0,0.21214025500910746,exact_mad_fd,6000,336000,200,0,4.0,10,0,1.5,casewise_cauchy,522,weak,355200,completed,0.955470010759844,20044.315040722166,oracle_ablation,5.519774472053572,0.9964103897462121
0,512,0.0009053384700055036,3.8897562371818126,0.9905031419768509,0,109800,{'qualification': 'offline exact-MAD oracle ablation'},6000,0.32710271,20,0,3.0,0.21214025500910746,exact_mad_fd,6000,336000,200,0,4.0,10,0,1.5,casewise_cauchy,522,weak,387200,completed,0.9756552438636308,18342.862399397425,oracle_ablation,3.87449828391633,0.9932149022629111
0,512,0.0009053384700055036,2.526806474991554,0.9747401041502343,0,109800,{'qualification': 'offline exact-MAD oracle ablation'},6000,0.423726366,40,0,3.0,0.21214025500910746,exact_mad_fd,6000,336000,200,0,4.0,10,0,1.5,casewise_cauchy,522,weak,451200,completed,0.9670263584750488,14160.08179203085,oracle_ablation,2.4725750291282544,0.9816019350591737
0,512,0.0009123309551600797,4.4677239856060105,0.9989071643650969,0,109387,{'qualification': 'offline exact-MAD oracle ablation'},6000,0.28193623,10,0,3.0,0.21217329298728368,exact_mad_fd,6000,336000,200,0,4.0,10,0,1.5,cellwise_cauchy,522,weak,355200,completed,0.9584000069973444,21281.408210643945,oracle_ablation,4.632944457589175,0.9993384186222052
0,512,0.0009123309551600797,3.265450076349149,0.9970441896734782,0,109387,{'qualification': 'offline exact-MAD oracle ablation'},6000,0.308514745,20,0,3.0,0.21217329298728368,exact_mad_fd,6000,336000,200,0,4.0,10,0,1.5,cellwise_cauchy,522,weak,387200,completed,0.9508319701988449,19448.016982138084,oracle_ablation,3.3819343932385886,0.9981974929562378
0,512,0.0009123309551600797,2.299199224199934,0.9919787914534313,0,109387,{'qualification': 'offline exact-MAD oracle ablation'},6000,0.488324817,40,0,3.0,0.21217329298728368,exact_mad_fd,6000,336000,200,0,4.0,10,0,1.5,cellwise_cauchy,522,weak,451200,completed,0.9179956867082077,12286.903698363541,oracle_ablation,2.382787924547005,0.9951985140910115
0,512,0.004710144927536232,8.938391892964663,0.9974699283029353,0,109800,{'qualification': 'offline exact-MAD oracle ablation'},6000,0.273806265,10,0,3.0,1.0,exact_mad_fd,6000,336000,200,0,4.0,10,0,1.5,bounded_out_of_subspace,522,weak,355200,completed,0.9400748387949219,21913.304284691952,oracle_ablation,6.80790013535769,0.9632214071740898
0,512,0.004710144927536232,10.358073291498721,1.0711894534901116,0,109800,{'qualification': 'offline exact-MAD oracle ablation'},6000,0.331031226,20,0,3.0,1.0,exact_mad_fd,6000,336000,200,0,4.0,10,0,1.5,bounded_out_of_subspace,522,weak,387200,completed,0.9376440273039189,18125.178317769936,oracle_ablation,7.984991544076286,0.7943119340238556
0,512,0.004710144927536232,9.176824953258317,1.1492584724865176,0,109800,{'qualification': 'offline exact-MAD oracle ablation'},6000,0.472027681,40,0,3.0,1.0,exact_mad_fd,6000,336000,200,0,4.0,10,0,1.5,bounded_out_of_subspace,522,weak,451200,completed,0.8182605623254441,12711.11894812796,oracle_ablation,6.999469378702322,0.7434036429175997
0,512,0.0052678407631627224,8.038878297653058,0.9917518306281621,0,109800,{'qualification': 'offline exact-MAD oracle ablation'},6000,0.283223354,10,0,3.0,1.0,exact_mad_fd,6000,336000,200,0,4.0,10,0,1.5,in_subspace_leverage,522,weak,355200,completed,0.8982302151765003,21184.69368878387,oracle_ablation,6.2623524951225376,0.9745455366673581
0,512,0.0052678407631627224,10.072244456736069,1.0072632857244477,0,109800,{'qualification': 'offline exact-MAD oracle ablation'},6000,0.364196167,20,0,3.0,1.0,exact_mad_fd,6000,336000,200,0,4.0,10,0,1.5,in_subspace_leverage,522,weak,387200,completed,0.8988384272309451,16474.637966192542,oracle_ablation,7.9621183731072485,0.8047152969433342
0,512,0.0052678407631627224,8.938467949948873,1.0620543048885525,0,109800,{'qualification': 'offline exact-MAD oracle ablation'},6000,0.443374339,40,0,3.0,1.0,exact_mad_fd,6000,336000,200,0,4.0,10,0,1.5,in_subspace_leverage,522,weak,451200,completed,0.7717753071268533,13532.582903946544,oracle_ablation,7.006028683509006,0.7515410629111543
0,512,0.004340487983856173,7.289368555693355,0.9981430750014694,0,109800,{'qualification': 'offline exact-MAD oracle ablation'},6000,0.274856305,10,0,3.0,0.9591256830601093,exact_mad_fd,6000,336000,200,0,4.0,10,0,1.5,mixed,522,weak,355200,completed,0.9383233132103154,21829.58837345936,oracle_ablation,5.784608519212157,0.9875316361418727
0,512,0.004340487983856173,10.020156637970123,1.0436481558578554,0,109800,{'qualification': 'offline exact-MAD oracle ablation'},6000,0.319942749,20,0,3.0,0.9591256830601093,exact_mad_fd,6000,336000,200,0,4.0,10,0,1.5,mixed,522,weak,387200,completed,0.9362011472124415,18753.355151049225,oracle_ablation,8.121726090717766,0.8386599831570142
0,512,0.004340487983856173,8.916522229964144,1.111346159176767,0,109800,{'qualification': 'offline exact-MAD oracle ablation'},6000,0.454540479,40,0,3.0,0.9591256830601093,exact_mad_fd,6000,336000,200,0,4.0,10,0,1.5,mixed,522,weak,451200,completed,0.8269491329198427,13200.144491421632,oracle_ablation,7.161464896584562,0.7867209383953059
0,512,0.0027383333333333335,3.1231059567422124,0.9977435945964431,0,0,{'qualification': 'offline exact-MAD oracle ablation'},6000,0.299597529,10,0,3.0,,exact_mad_fd,6000,336000,200,0,4.0,10,0,1.5,clean,523,strong,355200,completed,0.7698004097540235,20026.867444557596,oracle_ablation,3.130151330672519,0.9977272974704765
0,512,0.0027383333333333335,3.127283605749556,0.8501906347042111,0,0,{'qualification': 'offline exact-MAD oracle ablation'},6000,0.335559791,20,0,3.0,,exact_mad_fd,6000,336000,200,0,4.0,10,0,1.5,clean,523,strong,387200,completed,0.4745150376217566,17880.569010129107,oracle_ablation,3.1348578444527324,0.8492055459876726
0,512,0.0027383333333333335,2.1567690759503235,0.5579195531928763,0,0,{'qualification': 'offline exact-MAD oracle ablation'},6000,0.404840187,40,0,3.0,,exact_mad_fd,6000,336000,200,0,4.0,10,0,1.5,clean,523,strong,451200,completed,0.16108918097516642,14820.663048453735,oracle_ablation,2.162924724110805,0.5555671491315873
0,512,0.0009392771968446157,3.7628426261422434,0.9977863812976623,0,109800,{'qualification': 'offline exact-MAD oracle ablation'},6000,0.247053541,10,0,3.0,0.23608378870673952,exact_mad_fd,6000,336000,200,0,4.0,10,0,1.5,casewise_cauchy,523,strong,355200,completed,0.9064818940200159,24286.233565864983,oracle_ablation,4.852768668920874,0.997559931891426
0,512,0.0009392771968446157,2.4078447605714874,0.9918555020835332,0,109800,{'qualification': 'offline exact-MAD oracle ablation'},6000,0.299639392,20,0,3.0,0.23608378870673952,exact_mad_fd,6000,336000,200,0,4.0,10,0,1.5,casewise_cauchy,523,strong,387200,completed,0.936768413034069,20024.069465472683,oracle_ablation,3.078489096689197,0.9926197145496609
0,512,0.0009392771968446157,1.8498748012953423,0.7925856811166527,0,109800,{'qualification': 'offline exact-MAD oracle ablation'},6000,0.418034571,40,0,3.0,0.23608378870673952,exact_mad_fd,6000,336000,200,0,4.0,10,0,1.5,casewise_cauchy,523,strong,451200,completed,0.5343082293770575,14352.879920067662,oracle_ablation,2.7932925305632477,0.8747722099822672
0,512,0.000937781586814534,3.1043294725617803,0.9986116570061833,0,110194,{'qualification': 'offline exact-MAD oracle ablation'},6000,0.244649299,10,0,3.0,0.2378895402653502,exact_mad_fd,6000,336000,200,0,4.0,10,0,1.5,cellwise_cauchy,523,strong,355200,completed,0.892861340228583,24524.901663421486,oracle_ablation,4.285851316196301,0.9989514096434261
0,512,0.000937781586814534,2.207535380887244,0.9941291577720576,0,110194,{'qualification': 'offline exact-MAD oracle ablation'},6000,0.327481798,20,0,3.0,0.2378895402653502,exact_mad_fd,6000,336000,200,0,4.0,10,0,1.5,cellwise_cauchy,523,strong,387200,completed,0.7866026945121933,18321.62897798674,oracle_ablation,3.180409998966044,0.9959642326757792
0,512,0.000937781586814534,2.5411129550766374,0.8369512249644198,0,110194,{'qualification': 'offline exact-MAD oracle ablation'},6000,0.461761154,40,0,3.0,0.2378895402653502,exact_mad_fd,6000,336000,200,0,4.0,10,0,1.5,cellwise_cauchy,523,strong,451200,completed,0.4566439810809976,12993.730520692523,oracle_ablation,3.937049793750351,0.904055559456474
0,512,0.005090809025866814,5.3521144770611855,0.9977451596235213,0,109800,{'qualification': 'offline exact-MAD oracle ablation'},6000,0.263232553,10,0,3.0,1.0,exact_mad_fd,6000,336000,200,0,4.0,10,0,1.5,bounded_out_of_subspace,523,strong,355200,completed,0.8136829033530111,22793.533442651376,oracle_ablation,4.59305096392432,0.9794400340340093
0,512,0.005090809025866814,3.6780756628090026,0.9285816101461203,0,109800,{'qualification': 'offline exact-MAD oracle ablation'},6000,0.337918945,20,0,3.0,1.0,exact_mad_fd,6000,336000,200,0,4.0,10,0,1.5,bounded_out_of_subspace,523,strong,387200,completed,0.5385550980462067,17755.737252316525,oracle_ablation,3.0781690429235065,0.787405916965923
0,512,0.005090809025866814,2.3272238107127645,0.7220590026905588,0,109800,{'qualification': 'offline exact-MAD oracle ablation'},6000,0.467649122,40,0,3.0,1.0,exact_mad_fd,6000,336000,200,0,4.0,10,0,1.5,bounded_out_of_subspace,523,strong,451200,completed,0.3602094981599345,12830.132074961963,oracle_ablation,1.8935002652019728,0.4956933730067129
0,512,0.004490919097413319,7.436011129960334,0.9294576598964893,0,109800,{'qualification': 'offline exact-MAD oracle ablation'},6000,0.297946387,10,0,3.0,1.0,exact_mad_fd,6000,336000,200,0,4.0,10,0,1.5,in_subspace_leverage,523,strong,355200,completed,0.8456154326460235,20137.85117656084,oracle_ablation,5.480458573416429,0.7113898697317249
0,512,0.004490919097413319,4.7172354593251145,0.9352181464797652,0,109800,{'qualification': 'offline exact-MAD oracle ablation'},6000,0.299876489,20,0,3.0,1.0,exact_mad_fd,6000,336000,200,0,4.0,10,0,1.5,in_subspace_leverage,523,strong,387200,completed,0.5605491541719493,20008.237458055606,oracle_ablation,3.316936635497732,0.5745485489898595
0,512,0.004490919097413319,2.8928607089599567,0.8098543606328412,0,109800,{'qualification': 'offline exact-MAD oracle ablation'},6000,0.455642561,40,0,3.0,1.0,exact_mad_fd,6000,336000,200,0,4.0,10,0,1.5,in_subspace_leverage,523,strong,451200,completed,0.22329207813603485,13168.216741719174,oracle_ablation,1.9170840506922369,0.373518981775624
0,512,0.00470464135021097,3.836906000970916,0.9980082438697424,0,109800,{'qualification': 'offline exact-MAD oracle ablation'},6000,0.272559285,10,0,3.0,0.9602823315118397,exact_mad_fd,6000,336000,200,0,4.0,10,0,1.5,mixed,523,strong,355200,completed,0.7974374555512286,22013.559361956795,oracle_ablation,3.4019720226911736,0.9945851577104418
0,512,0.00470464135021097,3.6207829538969403,0.9220091150799109,0,109800,{'qualification': 'offline exact-MAD oracle ablation'},6000,0.325009166,20,0,3.0,0.9602823315118397,exact_mad_fd,6000,336000,200,0,4.0,10,0,1.5,mixed,523,strong,387200,completed,0.544929815247772,18461.017804033254,oracle_ablation,3.210366701508821,0.819732445149814
0,512,0.00470464135021097,2.28514651688292,0.6991153145925894,0,109800,{'qualification': 'offline exact-MAD oracle ablation'},6000,0.440583309,40,0,3.0,0.9602823315118397,exact_mad_fd,6000,336000,200,0,4.0,10,0,1.5,mixed,523,strong,451200,completed,0.35834884391929916,13618.309812095038,oracle_ablation,1.9977891937941115,0.5265789762552505
0,512,0.0027375,4.5435482835576,0.9993212850743025,0,0,{'qualification': 'offline exact-MAD oracle ablation'},6000,0.318594664,10,0,3.0,,exact_mad_fd,6000,336000,200,0,4.0,10,0,1.5,clean,523,weak,355200,completed,0.9384687411400641,18832.707129081107,oracle_ablation,4.54995850935216,0.9993178638918916
0,512,0.0027375,3.2811711396495142,0.998145068935324,0,0,{'qualification': 'offline exact-MAD oracle ablation'},6000,0.351587943,20,0,3.0,,exact_mad_fd,6000,336000,200,0,4.0,10,0,1.5,clean,523,weak,387200,completed,0.9026747284314365,17065.431620901745,oracle_ablation,3.286528057004541,0.9981388875831753
0,512,0.0027375,2.4877806649356593,0.9926924401702732,0,0,{'qualification': 'offline exact-MAD oracle ablation'},6000,0.449481442,40,0,3.0,,exact_mad_fd,6000,336000,200,0,4.0,10,0,1.5,clean,523,weak,451200,completed,0.707928263110583,13348.715740749092,oracle_ablation,2.493010196806617,0.9926707867962334
0,512,0.000870482480278848,5.6004256492127515,0.9962858752676479,0,109800,{'qualification': 'offline exact-MAD oracle ablation'},6000,0.28118184,10,0,3.0,0.21499089253187614,exact_mad_fd,6000,336000,200,0,4.0,10,0,1.5,casewise_cauchy,523,weak,355200,completed,0.9517628591363476,21338.504648806622,oracle_ablation,5.61797574347903,0.9974186718652022
0,512,0.000870482480278848,4.347128523851931,0.9923398334635559,0,109800,{'qualification': 'offline exact-MAD oracle ablation'},6000,0.369091049,20,0,3.0,0.21499089253187614,exact_mad_fd,6000,336000,200,0,4.0,10,0,1.5,casewise_cauchy,523,weak,387200,completed,0.9574087786361511,16256.151473345537,oracle_ablation,4.346216488649755,0.994610455871628
0,512,0.000870482480278848,2.598799321895355,0.975749642049153,0,109800,{'qualification': 'offline exact-MAD oracle ablation'},6000,0.441786625,40,0,3.0,0.21499089253187614,exact_mad_fd,6000,336000,200,0,4.0,10,0,1.5,casewise_cauchy,523,weak,451200,completed,0.9628027059097416,13581.216950603699,oracle_ablation,2.557045811722694,0.9828231388954357
0,512,0.0008927924880770038,4.627691115592428,0.9989887791968386,0,109041,{'qualification': 'offline exact-MAD oracle ablation'},6000,0.297743863,10,0,3.0,0.2116543318568245,exact_mad_fd,6000,336000,200,0,4.0,10,0,1.5,cellwise_cauchy,523,weak,355200,completed,0.9565711845236586,20151.548849891828,oracle_ablation,4.802365734756914,0.9993767436752369
0,512,0.0008927924880770038,3.27271325493778,0.9970922077544068,0,109041,{'qualification': 'offline exact-MAD oracle ablation'},6000,0.334112402,20,0,3.0,0.2116543318568245,exact_mad_fd,6000,336000,200,0,4.0,10,0,1.5,cellwise_cauchy,523,weak,387200,completed,0.946995366658138,17958.02838830269,oracle_ablation,3.390869211926056,0.998212968079363
0,512,0.0008927924880770038,2.3545675750895705,0.9920667557731303,0,109041,{'qualification': 'offline exact-MAD oracle ablation'},6000,0.473658539,40,0,3.0,0.2116543318568245,exact_mad_fd,6000,336000,200,0,4.0,10,0,1.5,cellwise_cauchy,523,weak,451200,completed,0.9111057196767085,12667.353179502164,oracle_ablation,2.4432602610543506,0.9952348075637014
0,512,0.004078150798018712,10.998257508493587,1.0111926110195502,0,109800,{'qualification': 'offline exact-MAD oracle ablation'},6000,0.238107096,10,0,3.0,1.0,exact_mad_fd,6000,336000,200,0,4.0,10,0,1.5,bounded_out_of_subspace,523,weak,355200,completed,0.9510273758684161,25198.745021861927,oracle_ablation,7.821885374042194,0.8823055822762527
0,512,0.004078150798018712,11.156560959290898,1.1414651730330456,0,109800,{'qualification': 'offline exact-MAD oracle ablation'},6000,0.312199526,20,0,3.0,1.0,exact_mad_fd,6000,336000,200,0,4.0,10,0,1.5,bounded_out_of_subspace,523,weak,387200,completed,0.9364211005576096,19218.47889032349,oracle_ablation,7.944674167288367,0.7261290454349937
0,512,0.004078150798018712,9.897168292549694,1.2400731332461123,0,109800,{'qualification': 'offline exact-MAD oracle ablation'},6000,0.423592562,40,0,3.0,1.0,exact_mad_fd,6000,336000,200,0,4.0,10,0,1.5,bounded_out_of_subspace,523,weak,451200,completed,0.8280238174442406,14164.554664677988,oracle_ablation,6.960040324185166,0.6799029366008232
0,512,0.004386351128233352,11.532605829511544,1.047123847091122,0,109800,{'qualification': 'offline exact-MAD oracle ablation'},6000,0.272992678,10,0,3.0,1.0,exact_mad_fd,6000,336000,200,0,4.0,10,0,1.5,in_subspace_leverage,523,weak,355200,completed,0.9206404085217549,21978.611455652303,oracle_ablation,7.315517930545546,0.738259519111994
0,512,0.004386351128233352,11.13899092195918,1.2355863979236594,0,109800,{'qualification': 'offline exact-MAD oracle ablation'},6000,0.339647281,20,0,3.0,1.0,exact_mad_fd,6000,336000,200,0,4.0,10,0,1.5,in_subspace_leverage,523,weak,387200,completed,0.904374130575654,17665.38504985117,oracle_ablation,7.039416288683918,0.6054528400372212
0,512,0.004386351128233352,10.027290860068529,1.3553876196366923,0,109800,{'qualification': 'offline exact-MAD oracle ablation'},6000,0.42645639,40,0,3.0,1.0,exact_mad_fd,6000,336000,200,0,4.0,10,0,1.5,in_subspace_leverage,523,weak,451200,completed,0.8132965837947748,14069.433922657367,oracle_ablation,6.261531026033518,0.5656562376922357
0,512,0.0037809576224545954,10.331870288245195,0.9999758808864718,0,109800,{'qualification': 'offline exact-MAD oracle ablation'},6000,0.25807886,10,0,3.0,0.960327868852459,exact_mad_fd,6000,336000,200,0,4.0,10,0,1.5,mixed,523,weak,355200,completed,0.9501040438513251,23248.70777869989,oracle_ablation,7.749890943922776,0.9333069732517489
0,512,0.0037809576224545954,10.960821937351387,1.1009784643009874,0,109800,{'qualification': 'offline exact-MAD oracle ablation'},6000,0.290578439,20,0,3.0,0.960327868852459,exact_mad_fd,6000,336000,200,0,4.0,10,0,1.5,mixed,523,weak,387200,completed,0.9362259942918492,20648.469379381586,oracle_ablation,8.26268114576526,0.7715964824020556
0,512,0.0037809576224545954,9.755222882025556,1.1917103646912974,0,109800,{'qualification': 'offline exact-MAD oracle ablation'},6000,0.478273778,40,0,3.0,0.960327868852459,exact_mad_fd,6000,336000,200,0,4.0,10,0,1.5,mixed,523,weak,451200,completed,0.8270094770141925,12545.115948213243,oracle_ablation,7.274991065738793,0.7237168811384026
0,512,0.0026725,3.4627385569450038,0.9978198346145828,0,0,{'qualification': 'offline exact-MAD oracle ablation'},6000,0.262666607,10,0,3.0,,exact_mad_fd,6000,336000,200,0,4.0,10,0,1.5,clean,524,strong,355200,completed,0.7819930964058212,22842.64478278352,oracle_ablation,3.460665540534128,0.9978058650964775
0,512,0.0026725,3.1827607570925323,0.8532458996691002,0,0,{'qualification': 'offline exact-MAD oracle ablation'},6000,0.344121306,20,0,3.0,,exact_mad_fd,6000,336000,200,0,4.0,10,0,1.5,clean,524,strong,387200,completed,0.45376615274564336,17435.712045100747,oracle_ablation,3.1818783710560643,0.8525986333759837
0,512,0.0026725,2.184784446482007,0.5603020061736939,0,0,{'qualification': 'offline exact-MAD oracle ablation'},6000,0.443789899,40,0,3.0,,exact_mad_fd,6000,336000,200,0,4.0,10,0,1.5,clean,524,strong,451200,completed,0.1807570616590122,13519.911141555747,oracle_ablation,2.1838460909269757,0.5585007339134258
0,512,0.0009071729957805907,3.6082182527891806,0.9974065172658532,0,109800,{'qualification': 'offline exact-MAD oracle ablation'},6000,0.270849225,10,0,3.0,0.2370127504553734,exact_mad_fd,6000,336000,200,0,4.0,10,0,1.5,casewise_cauchy,524,strong,355200,completed,0.9065803664369874,22152.546310590325,oracle_ablation,4.620585360216022,0.9970724406312018
0,512,0.0009071729957805907,2.439799751649991,0.9922338852549277,0,109800,{'qualification': 'offline exact-MAD oracle ablation'},6000,0.292855924,20,0,3.0,0.2370127504553734,exact_mad_fd,6000,336000,200,0,4.0,10,0,1.5,casewise_cauchy,524,strong,387200,completed,0.9389536012435643,20487.890147648166,oracle_ablation,3.0873120995321903,0.9925689851934003
0,512,0.0009071729957805907,1.8455496722522697,0.7953206850132425,0,109800,{'qualification': 'offline exact-MAD oracle ablation'},6000,0.384606401,40,0,3.0,0.2370127504553734,exact_mad_fd,6000,336000,200,0,4.0,10,0,1.5,casewise_cauchy,524,strong,451200,completed,0.575557760850277,15600.364383951062,oracle_ablation,2.7584562584561767,0.8762124627293513
0,512,0.0009164952633983534,3.106048368124309,0.9984036611928694,0,109978,{'qualification': 'offline exact-MAD oracle ablation'},6000,0.275455339,10,0,3.0,0.23903871683427594,exact_mad_fd,6000,336000,200,0,4.0,10,0,1.5,cellwise_cauchy,524,strong,355200,completed,0.8893308255325201,21782.11546663831,oracle_ablation,4.271108282834037,0.9988045662826174
0,512,0.0009164952633983534,2.2447074204455024,0.9954007725472125,0,109978,{'qualification': 'offline exact-MAD oracle ablation'},6000,0.333757719,20,0,3.0,0.23903871683427594,exact_mad_fd,6000,336000,200,0,4.0,10,0,1.5,cellwise_cauchy,524,strong,387200,completed,0.797249530493443,17977.11231361813,oracle_ablation,3.17849619797361,0.9967596173749765
0,512,0.0009164952633983534,2.538927201635491,0.83769991304587,0,109978,{'qualification': 'offline exact-MAD oracle ablation'},6000,0.416322026,40,0,3.0,0.23903871683427594,exact_mad_fd,6000,336000,200,0,4.0,10,0,1.5,cellwise_cauchy,524,strong,451200,completed,0.48009336933629077,14411.920641450759,oracle_ablation,3.9016843681997666,0.9049877985805335
0,512,0.004365254081819849,7.045112291239412,1.0085466150209288,0,109800,{'qualification': 'offline exact-MAD oracle ablation'},6000,0.255721167,10,0,3.0,1.0,exact_mad_fd,6000,336000,200,0,4.0,10,0,1.5,bounded_out_of_subspace,524,strong,355200,completed,0.8632562857643223,23463.055758696733,oracle_ablation,5.827579823536337,0.91208305399224
0,512,0.004365254081819849,4.2200535784758575,0.9800501171598391,0,109800,{'qualification': 'offline exact-MAD oracle ablation'},6000,0.345295583,20,0,3.0,1.0,exact_mad_fd,6000,336000,200,0,4.0,10,0,1.5,bounded_out_of_subspace,524,strong,387200,completed,0.5515807629684907,17376.41688859947,oracle_ablation,3.3144129048324746,0.7350714423763538
0,512,0.004365254081819849,2.5587856690943194,0.8100558404922164,0,109800,{'qualification': 'offline exact-MAD oracle ablation'},6000,0.43909568,40,0,3.0,1.0,exact_mad_fd,6000,336000,200,0,4.0,10,0,1.5,bounded_out_of_subspace,524,strong,451200,completed,0.37148758773922075,13664.447803266932,oracle_ablation,1.9060364204899016,0.4637797206220042
0,512,0.004258851586864796,7.739520533703514,0.9628258453266686,0,109800,{'qualification': 'offline exact-MAD oracle ablation'},6000,0.281000113,10,0,3.0,1.0,exact_mad_fd,6000,336000,200,0,4.0,10,0,1.5,in_subspace_leverage,524,strong,355200,completed,0.8387565398945153,21352.304580745844,oracle_ablation,5.433306596396642,0.6760286180021049
0,512,0.004258851586864796,5.01590372730583,0.9955312963402512,0,109800,{'qualification': 'offline exact-MAD oracle ablation'},6000,0.313278853,20,0,3.0,1.0,exact_mad_fd,6000,336000,200,0,4.0,10,0,1.5,in_subspace_leverage,524,strong,387200,completed,0.5471969686479883,19152.266239943106,oracle_ablation,3.3499230481458477,0.5441972953831953
0,512,0.004258851586864796,3.0677313465956897,0.8964160075144924,0,109800,{'qualification': 'offline exact-MAD oracle ablation'},6000,0.406994603,40,0,3.0,1.0,exact_mad_fd,6000,336000,200,0,4.0,10,0,1.5,in_subspace_leverage,524,strong,451200,completed,0.24320784194224493,14742.210230242292,oracle_ablation,1.9076007890775277,0.35435941518284847
0,512,0.003989176297926986,6.633429330671291,1.0005859920346016,0,109800,{'qualification': 'offline exact-MAD oracle ablation'},6000,0.298916703,10,0,3.0,0.959936247723133,exact_mad_fd,6000,336000,200,0,4.0,10,0,1.5,mixed,524,strong,355200,completed,0.8681866593647724,20072.481530080306,oracle_ablation,5.783945686346193,0.9484138302434074
0,512,0.003989176297926986,4.159272430962891,0.9615674293230688,0,109800,{'qualification': 'offline exact-MAD oracle ablation'},6000,0.313312343,20,0,3.0,0.959936247723133,exact_mad_fd,6000,336000,200,0,4.0,10,0,1.5,mixed,524,strong,387200,completed,0.5596086809589593,19150.21905153606,oracle_ablation,3.493928367025883,0.7752195585100864
0,512,0.003989176297926986,2.4907341503007507,0.7719792917106968,0,109800,{'qualification': 'offline exact-MAD oracle ablation'},6000,0.403070426,40,0,3.0,0.959936247723133,exact_mad_fd,6000,336000,200,0,4.0,10,0,1.5,mixed,524,strong,451200,completed,0.36998013325384094,14885.736121955026,oracle_ablation,2.018499677176719,0.49983461771869997
0,512,0.002734166666666667,4.996449841294483,0.9995101282223776,0,0,{'qualification': 'offline exact-MAD oracle ablation'},6000,0.291880511,10,0,3.0,,exact_mad_fd,6000,336000,200,0,4.0,10,0,1.5,clean,524,weak,355200,completed,0.9375233559669656,20556.357049820293,oracle_ablation,5.00534894340727,0.9995082807393808
0,512,0.002734166666666667,3.3246092009790296,0.9981220773615509,0,0,{'qualification': 'offline exact-MAD oracle ablation'},6000,0.304467551,20,0,3.0,,exact_mad_fd,6000,336000,200,0,4.0,10,0,1.5,clean,524,weak,387200,completed,0.8893010788997414,19706.533521531168,oracle_ablation,3.331462681144792,0.9981162190514644
0,512,0.002734166666666667,2.4310266752486083,0.992409242931268,0,0,{'qualification': 'offline exact-MAD oracle ablation'},6000,0.463816632,40,0,3.0,,exact_mad_fd,6000,336000,200,0,4.0,10,0,1.5,clean,524,weak,451200,completed,0.7185797307396085,12936.146714117833,oracle_ablation,2.4372178020848647,0.9923856561123625
0,512,0.0008796551091542836,5.866423912562353,0.9959590705484853,0,109800,{'qualification': 'offline exact-MAD oracle ablation'},6000,0.289242918,10,0,3.0,0.21117486338797814,exact_mad_fd,6000,336000,200,0,4.0,10,0,1.5,casewise_cauchy,524,weak,355200,completed,0.9576647391945794,20743.80953382582,oracle_ablation,5.876543788117459,0.9971498234510412
0,512,0.0008796551091542836,3.652800272904767,0.988938270839878,0,109800,{'qualification': 'offline exact-MAD oracle ablation'},6000,0.340197066,20,0,3.0,0.21117486338797814,exact_mad_fd,6000,336000,200,0,4.0,10,0,1.5,casewise_cauchy,524,weak,387200,completed,0.9624579701717033,17636.83640940043,oracle_ablation,3.6321936386075087,0.9921869227864535
0,512,0.0008796551091542836,2.4891187405510187,0.9727118275179544,0,109800,{'qualification': 'offline exact-MAD oracle ablation'},6000,0.454362438,40,0,3.0,0.21117486338797814,exact_mad_fd,6000,336000,200,0,4.0,10,0,1.5,casewise_cauchy,524,weak,451200,completed,0.9582190666316215,13205.316941274094,oracle_ablation,2.434040927301737,0.9803029613796927
0,512,0.0008748697782929585,4.46681934003298,0.9987153864645197,0,109552,{'qualification': 'offline exact-MAD oracle ablation'},6000,0.292616303,10,0,3.0,0.2121640864612239,exact_mad_fd,6000,336000,200,0,4.0,10,0,1.5,cellwise_cauchy,524,weak,355200,completed,0.9547040669792741,20504.667506512786,oracle_ablation,4.6285134882984975,0.9992154113124656
0,512,0.0008748697782929585,3.327822189725385,0.9971668837431197,0,109552,{'qualification': 'offline exact-MAD oracle ablation'},6000,0.334696854,20,0,3.0,0.2121640864612239,exact_mad_fd,6000,336000,200,0,4.0,10,0,1.5,cellwise_cauchy,524,weak,387200,completed,0.936013243601532,17926.669845543274,oracle_ablation,3.448672366934879,0.9982933845864587
0,512,0.0008748697782929585,2.3565970352130012,0.9918157311592419,0,109552,{'qualification': 'offline exact-MAD oracle ablation'},6000,0.481894299,40,0,3.0,0.2121640864612239,exact_mad_fd,6000,336000,200,0,4.0,10,0,1.5,cellwise_cauchy,524,weak,451200,completed,0.9068569367745674,12450.863213054943,oracle_ablation,2.441308512128142,0.9950919994310501
0,512,0.004790864061640066,10.336253572459603,0.9983371268634094,0,109800,{'qualification': 'offline exact-MAD oracle ablation'},6000,0.290664798,10,0,3.0,1.0,exact_mad_fd,6000,336000,200,0,4.0,10,0,1.5,bounded_out_of_subspace,524,weak,355200,completed,0.9518157948052797,20642.334542347988,oracle_ablation,7.862249373345131,0.9498932222697589
0,512,0.004790864061640066,10.572558300796311,1.0804350962936249,0,109800,{'qualification': 'offline exact-MAD oracle ablation'},6000,0.368233739,20,0,3.0,1.0,exact_mad_fd,6000,336000,200,0,4.0,10,0,1.5,bounded_out_of_subspace,524,weak,387200,completed,0.9292792377912266,16293.998524670766,oracle_ablation,8.055889960631754,0.7836501056985538
0,512,0.004790864061640066,9.32567629958461,1.1621748562230545,0,109800,{'qualification': 'offline exact-MAD oracle ablation'},6000,0.451250432,40,0,3.0,1.0,exact_mad_fd,6000,336000,200,0,4.0,10,0,1.5,bounded_out_of_subspace,524,weak,451200,completed,0.8187325864302855,13296.386162794854,oracle_ablation,7.026340803253149,0.7333920206788522
0,512,0.003993762612364704,11.576190265311071,1.0512811986351784,0,109800,{'qualification': 'offline exact-MAD oracle ablation'},6000,0.271381115,10,0,3.0,1.0,exact_mad_fd,6000,336000,200,0,4.0,10,0,1.5,in_subspace_leverage,524,weak,355200,completed,0.9263619904692455,22109.128706321368,oracle_ablation,7.176558647807673,0.7356093452120844
0,512,0.003993762612364704,10.836826570855695,1.239912426062207,0,109800,{'qualification': 'offline exact-MAD oracle ablation'},6000,0.351120034,20,0,3.0,1.0,exact_mad_fd,6000,336000,200,0,4.0,10,0,1.5,in_subspace_leverage,524,weak,387200,completed,0.9111313405703159,17088.17332821288,oracle_ablation,6.663318074791208,0.6045081807749422
0,512,0.003993762612364704,9.68276491027202,1.3606467199759376,0,109800,{'qualification': 'offline exact-MAD oracle ablation'},6000,0.393788099,40,0,3.0,1.0,exact_mad_fd,6000,336000,200,0,4.0,10,0,1.5,in_subspace_leverage,524,weak,451200,completed,0.8112665840378287,15236.620952325937,oracle_ablation,5.865705132876148,0.5645028248678948
0,512,0.004453311319024033,8.385944902096336,0.9983045536894687,0,109800,{'qualification': 'offline exact-MAD oracle ablation'},6000,0.279588882,10,0,3.0,0.9599271402550091,exact_mad_fd,6000,336000,200,0,4.0,10,0,1.5,mixed,524,weak,355200,completed,0.9466348712310215,21460.080805359063,oracle_ablation,6.632528523302257,0.9854418992702296
0,512,0.004453311319024033,10.355114171165642,1.0519920315322777,0,109800,{'qualification': 'offline exact-MAD oracle ablation'},6000,0.361627506,20,0,3.0,0.9599271402550091,exact_mad_fd,6000,336000,200,0,4.0,10,0,1.5,mixed,524,weak,387200,completed,0.9275672881993186,16591.658268384042,oracle_ablation,8.309400546918964,0.8270542407528283
0,512,0.004453311319024033,9.179173722054456,1.1234856796254769,0,109800,{'qualification': 'offline exact-MAD oracle ablation'},6000,0.452264661,40,0,3.0,0.9599271402550091,exact_mad_fd,6000,336000,200,0,4.0,10,0,1.5,mixed,524,weak,451200,completed,0.8190327490624463,13266.56826720317,oracle_ablation,7.296337326082873,0.7762589969426165
0,512,0.0026275,3.099507296183333,0.9975957386485468,0,0,{'qualification': 'offline exact-MAD oracle ablation'},6000,0.254796443,10,0,3.0,,exact_mad_fd,6000,336000,200,0,4.0,10,0,1.5,clean,525,strong,355200,completed,0.7609333012682621,23548.209423002034,oracle_ablation,3.1035518173769083,0.9975780832200859
0,512,0.0026275,3.1671876892349484,0.8536376837080996,0,0,{'qualification': 'offline exact-MAD oracle ablation'},6000,0.297919276,20,0,3.0,,exact_mad_fd,6000,336000,200,0,4.0,10,0,1.5,clean,525,strong,387200,completed,0.4772091553901166,20139.683744397928,oracle_ablation,3.1723258820898455,0.8527267776508356
0,512,0.0026275,2.1757317056762346,0.5615753225519919,0,0,{'qualification': 'offline exact-MAD oracle ablation'},6000,0.395464857,40,0,3.0,,exact_mad_fd,6000,336000,200,0,4.0,10,0,1.5,clean,525,strong,451200,completed,0.15969600141036164,15172.018180113537,oracle_ablation,2.179909082064035,0.559405296347176
0,512,0.0008842414235920014,3.3582936129192658,0.9971384651131681,0,109800,{'qualification': 'offline exact-MAD oracle ablation'},6000,0.260913292,10,0,3.0,0.23702185792349728,exact_mad_fd,6000,336000,200,0,4.0,10,0,1.5,casewise_cauchy,525,strong,355200,completed,0.8986451958102294,22996.145401438574,oracle_ablation,4.324779297665277,0.9970987507002574
0,512,0.0008842414235920014,2.4537086755126896,0.9928749427352601,0,109800,{'qualification': 'offline exact-MAD oracle ablation'},6000,0.324242685,20,0,3.0,0.23702185792349728,exact_mad_fd,6000,336000,200,0,4.0,10,0,1.5,casewise_cauchy,525,strong,387200,completed,0.9320349003611323,18504.658015646524,oracle_ablation,3.133374923154707,0.9933656593157428
0,512,0.0008842414235920014,1.8805375770673667,0.7985786050938539,0,109800,{'qualification': 'offline exact-MAD oracle ablation'},6000,0.455182237,40,0,3.0,0.23702185792349728,exact_mad_fd,6000,336000,200,0,4.0,10,0,1.5,casewise_cauchy,525,strong,451200,completed,0.6023644165896769,13181.53370734456,oracle_ablation,2.8269571914929714,0.8780743335536022
0,512,0.0009144456734887799,3.0974528584801133,0.9987322467455274,0,109722,{'qualification': 'offline exact-MAD oracle ablation'},6000,0.262681278,10,0,3.0,0.23864858460472832,exact_mad_fd,6000,336000,200,0,4.0,10,0,1.5,cellwise_cauchy,525,strong,355200,completed,0.8850172020753918,22841.36899927828,oracle_ablation,4.262880100705497,0.9990033323448904
0,512,0.0009144456734887799,2.1477394976435806,0.9954421321529229,0,109722,{'qualification': 'offline exact-MAD oracle ablation'},6000,0.346473388,20,0,3.0,0.23864858460472832,exact_mad_fd,6000,336000,200,0,4.0,10,0,1.5,cellwise_cauchy,525,strong,387200,completed,0.7812197719854448,17317.34732827446,oracle_ablation,3.055640315525703,0.996722700377197
0,512,0.0009144456734887799,2.5594583678860627,0.8397365525289245,0,109722,{'qualification': 'offline exact-MAD oracle ablation'},6000,0.487721099,40,0,3.0,0.23864858460472832,exact_mad_fd,6000,336000,200,0,4.0,10,0,1.5,cellwise_cauchy,525,strong,451200,completed,0.4811909194003598,12302.112851591028,oracle_ablation,3.953722667414898,0.9058056557517257
0,512,0.0055421023665382495,3.121302069922041,0.9980445298195828,0,109800,{'qualification': 'offline exact-MAD oracle ablation'},6000,0.255134078,10,0,3.0,1.0,exact_mad_fd,6000,336000,200,0,4.0,10,0,1.5,bounded_out_of_subspace,525,strong,355200,completed,0.7784068721366935,23517.04659383056,oracle_ablation,3.090290453351715,0.9980395472952245
0,512,0.0055421023665382495,3.1015392960067962,0.8944452115465805,0,109800,{'qualification': 'offline exact-MAD oracle ablation'},6000,0.345027277,20,0,3.0,1.0,exact_mad_fd,6000,336000,200,0,4.0,10,0,1.5,bounded_out_of_subspace,525,strong,387200,completed,0.529213759798415,17389.929434477726,oracle_ablation,2.937631311660627,0.8690467940776273
0,512,0.0055421023665382495,2.1131731751354166,0.6316875228760664,0,109800,{'qualification': 'offline exact-MAD oracle ablation'},6000,0.44015586,40,0,3.0,1.0,exact_mad_fd,6000,336000,200,0,4.0,10,0,1.5,bounded_out_of_subspace,525,strong,451200,completed,0.3503283148154054,13631.534974906388,oracle_ablation,1.9812774302387026,0.5495188114853562
0,512,0.0037112456430012843,7.520443782619695,0.9615085943450926,0,109800,{'qualification': 'offline exact-MAD oracle ablation'},6000,0.236311763,10,0,3.0,1.0,exact_mad_fd,6000,336000,200,0,4.0,10,0,1.5,in_subspace_leverage,525,strong,355200,completed,0.8482152294298615,25390.187622611065,oracle_ablation,5.223042571996711,0.6717719861917505
0,512,0.0037112456430012843,5.051283815904842,0.9971384855303461,0,109800,{'qualification': 'offline exact-MAD oracle ablation'},6000,0.31958681,20,0,3.0,1.0,exact_mad_fd,6000,336000,200,0,4.0,10,0,1.5,in_subspace_leverage,525,strong,387200,completed,0.5489864165951562,18774.241652839177,oracle_ablation,3.3463944963684273,0.5425197608513636
0,512,0.0037112456430012843,3.1108271086554673,0.8984076668833768,0,109800,{'qualification': 'offline exact-MAD oracle ablation'},6000,0.421859801,40,0,3.0,1.0,exact_mad_fd,6000,336000,200,0,4.0,10,0,1.5,in_subspace_leverage,525,strong,451200,completed,0.22267777117962592,14222.734628370055,oracle_ablation,1.9212070659146576,0.35427198625075207
0,512,0.005068794716565767,3.1315497192789166,0.9981073786452732,0,109800,{'qualification': 'offline exact-MAD oracle ablation'},6000,0.242932449,10,0,3.0,0.9593715846994536,exact_mad_fd,6000,336000,200,0,4.0,10,0,1.5,mixed,525,strong,355200,completed,0.7813676511219817,24698.223825998644,oracle_ablation,3.1902790936064878,0.9981018287303348
0,512,0.005068794716565767,3.1122668082736302,0.9009913041706659,0,109800,{'qualification': 'offline exact-MAD oracle ablation'},6000,0.32527611,20,0,3.0,0.9593715846994536,exact_mad_fd,6000,336000,200,0,4.0,10,0,1.5,mixed,525,strong,387200,completed,0.5432101098673091,18445.86742014346,oracle_ablation,3.0928600119052954,0.8876066228747391
0,512,0.005068794716565767,2.1020437102396765,0.6293842848699956,0,109800,{'qualification': 'offline exact-MAD oracle ablation'},6000,0.329487737,40,0,3.0,0.9593715846994536,exact_mad_fd,6000,336000,200,0,4.0,10,0,1.5,mixed,525,strong,451200,completed,0.35017720700189076,18210.085918918434,oracle_ablation,2.0746566337414936,0.5725300272685
0,512,0.0027316666666666665,4.407198469689833,0.9992230028717941,0,0,{'qualification': 'offline exact-MAD oracle ablation'},6000,0.279500365,10,0,3.0,,exact_mad_fd,6000,336000,200,0,4.0,10,0,1.5,clean,525,weak,355200,completed,0.923117261976546,21466.87715416758,oracle_ablation,4.415419621007769,0.999224355573742
0,512,0.0027316666666666665,3.3504486266577267,0.9981012419870995,0,0,{'qualification': 'offline exact-MAD oracle ablation'},6000,0.369284225,20,0,3.0,,exact_mad_fd,6000,336000,200,0,4.0,10,0,1.5,clean,525,weak,387200,completed,0.896216052282263,16247.647729875272,oracle_ablation,3.3570083323241713,0.9980992773182693
0,512,0.0027316666666666665,2.4289758179269842,0.9926918624958918,0,0,{'qualification': 'offline exact-MAD oracle ablation'},6000,0.475517109,40,0,3.0,,exact_mad_fd,6000,336000,200,0,4.0,10,0,1.5,clean,525,weak,451200,completed,0.7064464504040364,12617.84252646102,oracle_ablation,2.4347596906105116,0.9926729505294278
0,512,0.0008686479545037608,4.587037948592062,0.9936169360535643,0,109800,{'qualification': 'offline exact-MAD oracle ablation'},6000,0.291898153,10,0,3.0,0.2104280510018215,exact_mad_fd,6000,336000,200,0,4.0,10,0,1.5,casewise_cauchy,525,weak,355200,completed,0.9802166357918458,20555.114646443137,oracle_ablation,4.5724652169348,0.9952762327061547
0,512,0.0008686479545037608,3.6042848588183403,0.9882696374924113,0,109800,{'qualification': 'offline exact-MAD oracle ablation'},6000,0.290791037,20,0,3.0,0.2104280510018215,exact_mad_fd,6000,336000,200,0,4.0,10,0,1.5,casewise_cauchy,525,weak,387200,completed,0.9785033186638604,20633.373235640687,oracle_ablation,3.572853949132272,0.9913183972931113
0,512,0.0008686479545037608,2.5305083898314167,0.9735638741445654,0,109800,{'qualification': 'offline exact-MAD oracle ablation'},6000,0.429748265,40,0,3.0,0.2104280510018215,exact_mad_fd,6000,336000,200,0,4.0,10,0,1.5,casewise_cauchy,525,weak,451200,completed,0.9677845995242764,13961.661951095952,oracle_ablation,2.476631009608304,0.9808725988722506
0,512,0.0008769757180468026,4.509526452621977,0.9987700293754906,0,109890,{'qualification': 'offline exact-MAD oracle ablation'},6000,0.253497476,10,0,3.0,0.21223951223951223,exact_mad_fd,6000,336000,200,0,4.0,10,0,1.5,cellwise_cauchy,525,weak,355200,completed,0.9518366394073463,23668.874714949823,oracle_ablation,4.6779749046090195,0.9992487211630456
0,512,0.0008769757180468026,3.2429498884323467,0.9969235023690466,0,109890,{'qualification': 'offline exact-MAD oracle ablation'},6000,0.320224993,20,0,3.0,0.21223951223951223,exact_mad_fd,6000,336000,200,0,4.0,10,0,1.5,cellwise_cauchy,525,weak,387200,completed,0.9514907368023849,18736.826079031252,oracle_ablation,3.3572359068100615,0.9981119996861918
0,512,0.0008769757180468026,2.313643502865443,0.9916186475266744,0,109890,{'qualification': 'offline exact-MAD oracle ablation'},6000,0.488936348,40,0,3.0,0.21223951223951223,exact_mad_fd,6000,336000,200,0,4.0,10,0,1.5,cellwise_cauchy,525,weak,451200,completed,0.9099512880467079,12271.536007791345,oracle_ablation,2.392910617552533,0.9949191755986615
0,512,0.004500091726288754,10.336430173447514,1.0013812159498587,0,109800,{'qualification': 'offline exact-MAD oracle ablation'},6000,0.262905226,10,0,3.0,1.0,exact_mad_fd,6000,336000,200,0,4.0,10,0,1.5,bounded_out_of_subspace,525,weak,355200,completed,0.9418549985110305,22821.912258221906,oracle_ablation,7.655601900959535,0.9209032529872179
0,512,0.004500091726288754,10.698972103283015,1.104757131221478,0,109800,{'qualification': 'offline exact-MAD oracle ablation'},6000,0.334288219,20,0,3.0,1.0,exact_mad_fd,6000,336000,200,0,4.0,10,0,1.5,bounded_out_of_subspace,525,weak,387200,completed,0.9186191164440988,17948.583464737654,oracle_ablation,7.946685677600038,0.758311416461078
0,512,0.004500091726288754,9.479941529400403,1.1940784487536535,0,109800,{'qualification': 'offline exact-MAD oracle ablation'},6000,0.526862079,40,0,3.0,1.0,exact_mad_fd,6000,336000,200,0,4.0,10,0,1.5,bounded_out_of_subspace,525,weak,451200,completed,0.821905744720083,11388.17963780612,oracle_ablation,6.961968018213857,0.7098145335174821
0,512,0.004913777288570904,10.088916104582964,0.9810020020263995,0,109800,{'qualification': 'offline exact-MAD oracle ablation'},6000,0.266054695,10,0,3.0,1.0,exact_mad_fd,6000,336000,200,0,4.0,10,0,1.5,in_subspace_leverage,525,weak,355200,completed,0.9060495814807061,22551.75387902852,oracle_ablation,7.413210135790804,0.9080738969983415
0,512,0.004913777288570904,10.519091143951945,1.044509528071698,0,109800,{'qualification': 'offline exact-MAD oracle ablation'},6000,0.360863729,20,0,3.0,1.0,exact_mad_fd,6000,336000,200,0,4.0,10,0,1.5,in_subspace_leverage,525,weak,387200,completed,0.8913807773792805,16626.77492311786,oracle_ablation,7.754739891899442,0.7461387107476187
0,512,0.004913777288570904,9.235048356195154,1.1200749891436763,0,109800,{'qualification': 'offline exact-MAD oracle ablation'},6000,0.487259202,40,0,3.0,1.0,exact_mad_fd,6000,336000,200,0,4.0,10,0,1.5,in_subspace_leverage,525,weak,451200,completed,0.7834509170566879,12313.774630366037,oracle_ablation,6.731754071900409,0.696617199203522
0,512,0.004142359200146762,9.044656001086368,0.9976898435440491,0,109800,{'qualification': 'offline exact-MAD oracle ablation'},6000,0.288116968,10,0,3.0,0.9598907103825136,exact_mad_fd,6000,336000,200,0,4.0,10,0,1.5,mixed,525,weak,355200,completed,0.9394328946001194,20824.875541519654,oracle_ablation,7.030036939745986,0.9740670555396851
0,512,0.004142359200146762,10.467343457793518,1.0678278488245145,0,109800,{'qualification': 'offline exact-MAD oracle ablation'},6000,0.356597908,20,0,3.0,0.9598907103825136,exact_mad_fd,6000,336000,200,0,4.0,10,0,1.5,mixed,525,weak,387200,completed,0.9233240369390536,16825.673581910076,oracle_ablation,8.22361170129607,0.8066341757407033
0,512,0.004142359200146762,9.34848060553796,1.1475052283416343,0,109800,{'qualification': 'offline exact-MAD oracle ablation'},6000,0.48958319,40,0,3.0,0.9598907103825136,exact_mad_fd,6000,336000,200,0,4.0,10,0,1.5,mixed,525,weak,451200,completed,0.827493404745014,12255.322736877464,oracle_ablation,7.277014049194895,0.7563502326909612
0,512,0.002714166666666667,3.0756250390318165,0.9982910927325295,0,0,{'qualification': 'offline exact-MAD oracle ablation'},6000,0.278282282,10,0,3.0,,exact_mad_fd,6000,336000,200,0,4.0,10,0,1.5,clean,526,strong,355200,completed,0.8106234588619666,21560.840873081528,oracle_ablation,3.07843428198064,0.9982850404257159
0,512,0.002714166666666667,3.179453490335802,0.856717639781781,0,0,{'qualification': 'offline exact-MAD oracle ablation'},6000,0.311516293,20,0,3.0,,exact_mad_fd,6000,336000,200,0,4.0,10,0,1.5,clean,526,strong,387200,completed,0.4718717572058377,19260.62981238673,oracle_ablation,3.1826477199950878,0.8561063552905561
0,512,0.002714166666666667,2.1893936627877486,0.5646641803607825,0,0,{'qualification': 'offline exact-MAD oracle ablation'},6000,0.459715125,40,0,3.0,,exact_mad_fd,6000,336000,200,0,4.0,10,0,1.5,clean,526,strong,451200,completed,0.16165049948191978,13051.561007482624,oracle_ablation,2.1917350947889025,0.5626977374535509
0,512,0.0009007521555677858,3.6042749559921803,0.9972517967902509,0,109800,{'qualification': 'offline exact-MAD oracle ablation'},6000,0.257776619,10,0,3.0,0.23931693989071037,exact_mad_fd,6000,336000,200,0,4.0,10,0,1.5,casewise_cauchy,526,strong,355200,completed,0.9208668367539361,23275.966700455483,oracle_ablation,4.635566727163349,0.9971202880675022
0,512,0.0009007521555677858,2.4412155226570835,0.9919622730653682,0,109800,{'qualification': 'offline exact-MAD oracle ablation'},6000,0.320551464,20,0,3.0,0.23931693989071037,exact_mad_fd,6000,336000,200,0,4.0,10,0,1.5,casewise_cauchy,526,strong,387200,completed,0.9356784817646893,18717.7432451221,oracle_ablation,3.111394270596146,0.9926830640967182
0,512,0.0009007521555677858,1.8579970086346747,0.7981302104056541,0,109800,{'qualification': 'offline exact-MAD oracle ablation'},6000,0.405326345,40,0,3.0,0.23931693989071037,exact_mad_fd,6000,336000,200,0,4.0,10,0,1.5,casewise_cauchy,526,strong,451200,completed,0.5552169637530138,14802.886794836888,oracle_ablation,2.7954325794284456,0.8785117139741773
0,512,0.0009212804790291812,3.206631559515079,0.9992040581464589,0,109127,{'qualification': 'offline exact-MAD oracle ablation'},6000,0.298295283,10,0,3.0,0.23612854747221126,exact_mad_fd,6000,336000,200,0,4.0,10,0,1.5,cellwise_cauchy,526,strong,355200,completed,0.9240873368355778,20114.29728173073,oracle_ablation,4.340218581796556,0.9993221231052251
0,512,0.0009212804790291812,2.224219805252699,0.9963917346768325,0,109127,{'qualification': 'offline exact-MAD oracle ablation'},6000,0.390471988,20,0,3.0,0.23612854747221126,exact_mad_fd,6000,336000,200,0,4.0,10,0,1.5,cellwise_cauchy,526,strong,387200,completed,0.8493037995863197,15366.019034379491,oracle_ablation,3.099187975246698,0.9973653300589219
0,512,0.0009212804790291812,2.6050155722584734,0.840588762034684,0,109127,{'qualification': 'offline exact-MAD oracle ablation'},6000,0.455944013,40,0,3.0,0.23612854747221126,exact_mad_fd,6000,336000,200,0,4.0,10,0,1.5,cellwise_cauchy,526,strong,451200,completed,0.4924037796602792,13159.510441910332,oracle_ablation,3.9879092030419576,0.9064161554867778
0,512,0.0047339937626123645,6.7312512186387545,1.0037456610753368,0,109800,{'qualification': 'offline exact-MAD oracle ablation'},6000,0.327126614,10,0,3.0,1.0,exact_mad_fd,6000,336000,200,0,4.0,10,0,1.5,bounded_out_of_subspace,526,strong,355200,completed,0.8741495227074454,18341.522038313888,oracle_ablation,5.697268728783852,0.9324510857331612
0,512,0.0047339937626123645,4.045498964306892,0.9667246947748998,0,109800,{'qualification': 'offline exact-MAD oracle ablation'},6000,0.453309941,20,0,3.0,1.0,exact_mad_fd,6000,336000,200,0,4.0,10,0,1.5,bounded_out_of_subspace,526,strong,387200,completed,0.5660001696116305,13235.977103797952,oracle_ablation,3.2713637171713654,0.7552424436305861
0,512,0.0047339937626123645,2.4594050552367954,0.7854109574965356,0,109800,{'qualification': 'offline exact-MAD oracle ablation'},6000,0.446723014,40,0,3.0,1.0,exact_mad_fd,6000,336000,200,0,4.0,10,0,1.5,bounded_out_of_subspace,526,strong,451200,completed,0.363881709103949,13431.141472375542,oracle_ablation,1.9067310966725517,0.4775310115964136
0,512,0.004502843514951385,7.28947451611231,0.9192131912122035,0,109800,{'qualification': 'offline exact-MAD oracle ablation'},6000,0.275757628,10,0,3.0,1.0,exact_mad_fd,6000,336000,200,0,4.0,10,0,1.5,in_subspace_leverage,526,strong,355200,completed,0.8649970352743651,21758.237636131686,oracle_ablation,5.575513157032959,0.7517664208164511
0,512,0.004502843514951385,4.780054690784288,0.9037276020899304,0,109800,{'qualification': 'offline exact-MAD oracle ablation'},6000,0.356250569,20,0,3.0,1.0,exact_mad_fd,6000,336000,200,0,4.0,10,0,1.5,in_subspace_leverage,526,strong,387200,completed,0.5515010213668008,16842.07836310852,oracle_ablation,3.5237036490083287,0.6108427701742334
0,512,0.004502843514951385,2.8579351354204627,0.7572960147310765,0,109800,{'qualification': 'offline exact-MAD oracle ablation'},6000,0.425387193,40,0,3.0,1.0,exact_mad_fd,6000,336000,200,0,4.0,10,0,1.5,in_subspace_leverage,526,strong,451200,completed,0.21221885435226479,14104.796991384741,oracle_ablation,2.0022467020599266,0.39896582091176214
0,512,0.004398275545771418,6.290998678798521,0.9991995507242262,0,109800,{'qualification': 'offline exact-MAD oracle ablation'},6000,0.268062444,10,0,3.0,0.9616029143897996,exact_mad_fd,6000,336000,200,0,4.0,10,0,1.5,mixed,526,strong,355200,completed,0.8685454730728727,22382.844498724335,oracle_ablation,5.56906019350567,0.9633856725982116
0,512,0.004398275545771418,4.019866116317076,0.9530277004372708,0,109800,{'qualification': 'offline exact-MAD oracle ablation'},6000,0.345434373,20,0,3.0,0.9616029143897996,exact_mad_fd,6000,336000,200,0,4.0,10,0,1.5,mixed,526,strong,387200,completed,0.5744552942045504,17369.43532252362,oracle_ablation,3.4519467408577515,0.79031047328532
0,512,0.004398275545771418,2.4080695251180666,0.7543893033099872,0,109800,{'qualification': 'offline exact-MAD oracle ablation'},6000,0.393893213,40,0,3.0,0.9616029143897996,exact_mad_fd,6000,336000,200,0,4.0,10,0,1.5,mixed,526,strong,451200,completed,0.36189400121382276,15232.554920919645,oracle_ablation,2.0115128725157785,0.509888072253421
0,512,0.0026458333333333334,4.737053445479671,0.9993365217301519,0,0,{'qualification': 'offline exact-MAD oracle ablation'},6000,0.273009142,10,0,3.0,,exact_mad_fd,6000,336000,200,0,4.0,10,0,1.5,clean,526,weak,355200,completed,0.9328240967408647,21977.28602070036,oracle_ablation,4.745818009436079,0.9993326360022932
0,512,0.0026458333333333334,3.305869709586557,0.997968372002321,0,0,{'qualification': 'offline exact-MAD oracle ablation'},6000,0.336202318,20,0,3.0,,exact_mad_fd,6000,336000,200,0,4.0,10,0,1.5,clean,526,weak,387200,completed,0.9087101888577728,17846.3968829626,oracle_ablation,3.3126232747950666,0.9979591053184071
0,512,0.0026458333333333334,2.541875571889493,0.9929269658259449,0,0,{'qualification': 'offline exact-MAD oracle ablation'},6000,0.443519338,40,0,3.0,,exact_mad_fd,6000,336000,200,0,4.0,10,0,1.5,clean,526,weak,451200,completed,0.7395497244531285,13528.158720330703,oracle_ablation,2.5484391703341256,0.9929092377608841
0,512,0.0008457163823151715,5.237717134629702,0.9946922592871282,0,109800,{'qualification': 'offline exact-MAD oracle ablation'},6000,0.299983787,10,0,3.0,0.21283242258652094,exact_mad_fd,6000,336000,200,0,4.0,10,0,1.5,casewise_cauchy,526,weak,355200,completed,0.9547752553672264,20001.08092508346,oracle_ablation,5.250471039191849,0.9961813074142604
0,512,0.0008457163823151715,3.7215713508538677,0.9894442652754634,0,109800,{'qualification': 'offline exact-MAD oracle ablation'},6000,0.317816287,20,0,3.0,0.21283242258652094,exact_mad_fd,6000,336000,200,0,4.0,10,0,1.5,casewise_cauchy,526,weak,387200,completed,0.9680261548820331,18878.83109023925,oracle_ablation,3.7096111437828516,0.9924597871709113
0,512,0.0008457163823151715,2.5264382926283924,0.9740979238238663,0,109800,{'qualification': 'offline exact-MAD oracle ablation'},6000,0.502835808,40,0,3.0,0.21283242258652094,exact_mad_fd,6000,336000,200,0,4.0,10,0,1.5,casewise_cauchy,526,weak,451200,completed,0.959491091336896,11932.324437801373,oracle_ablation,2.481699956942593,0.9813997578044973
0,512,0.0008625633731733615,4.628226164890127,0.9988241146648732,0,110225,{'qualification': 'offline exact-MAD oracle ablation'},6000,0.286769126,10,0,3.0,0.2119573599455659,exact_mad_fd,6000,336000,200,0,4.0,10,0,1.5,cellwise_cauchy,526,weak,355200,completed,0.9547416660223359,20922.754425105024,oracle_ablation,4.800429216717257,0.9992844918458824
0,512,0.0008625633731733615,3.34222696613284,0.9971107504690977,0,110225,{'qualification': 'offline exact-MAD oracle ablation'},6000,0.298852189,20,0,3.0,0.2119573599455659,exact_mad_fd,6000,336000,200,0,4.0,10,0,1.5,cellwise_cauchy,526,weak,387200,completed,0.9489123725441728,20076.814628920118,oracle_ablation,3.461794721967219,0.9982406661428301
0,512,0.0008625633731733615,2.31825825382519,0.9918241429594274,0,110225,{'qualification': 'offline exact-MAD oracle ablation'},6000,0.462966698,40,0,3.0,0.2119573599455659,exact_mad_fd,6000,336000,200,0,4.0,10,0,1.5,cellwise_cauchy,526,weak,451200,completed,0.9190111287789559,12959.895443710726,oracle_ablation,2.397768806306835,0.9950526547545223
0,512,0.0042542652724270776,10.34123967129584,1.004673768258797,0,109800,{'qualification': 'offline exact-MAD oracle ablation'},6000,0.263821683,10,0,3.0,1.0,exact_mad_fd,6000,336000,200,0,4.0,10,0,1.5,bounded_out_of_subspace,526,weak,355200,completed,0.947585887907649,22742.634084401623,oracle_ablation,7.52989585547109,0.9038154107885343
0,512,0.0042542652724270776,10.586648373828243,1.1189239334155487,0,109800,{'qualification': 'offline exact-MAD oracle ablation'},6000,0.317462747,20,0,3.0,1.0,exact_mad_fd,6000,336000,200,0,4.0,10,0,1.5,bounded_out_of_subspace,526,weak,387200,completed,0.9363839597211815,18899.85535846195,oracle_ablation,7.725313471844247,0.7444429506601898
0,512,0.0042542652724270776,9.605368586712022,1.212646698312303,0,109800,{'qualification': 'offline exact-MAD oracle ablation'},6000,0.432166645,40,0,3.0,1.0,exact_mad_fd,6000,336000,200,0,4.0,10,0,1.5,bounded_out_of_subspace,526,weak,451200,completed,0.850852444928486,13883.53328378686,oracle_ablation,6.9428000631343805,0.6974199163340653
0,512,0.0043542469271693265,10.956536922917206,0.9854504380441288,0,109800,{'qualification': 'offline exact-MAD oracle ablation'},6000,0.27779698,10,0,3.0,1.0,exact_mad_fd,6000,336000,200,0,4.0,10,0,1.5,in_subspace_leverage,526,weak,355200,completed,0.9141209567491183,21598.50693841236,oracle_ablation,7.602209450938457,0.8489406388470591
0,512,0.0043542469271693265,10.853068972273034,1.0919906711863172,0,109800,{'qualification': 'offline exact-MAD oracle ablation'},6000,0.366344201,20,0,3.0,1.0,exact_mad_fd,6000,336000,200,0,4.0,10,0,1.5,in_subspace_leverage,526,weak,387200,completed,0.902534773124852,16378.040060746041,oracle_ablation,7.521903299652619,0.6975782443684851
0,512,0.0043542469271693265,9.78368194074463,1.183462223860006,0,109800,{'qualification': 'offline exact-MAD oracle ablation'},6000,0.429125034,40,0,3.0,1.0,exact_mad_fd,6000,336000,200,0,4.0,10,0,1.5,in_subspace_leverage,526,weak,451200,completed,0.8192754946810061,13981.938886371285,oracle_ablation,6.712407538236287,0.6522086237590559
0,512,0.00391304347826087,9.47512235983781,0.9979130242037664,0,109800,{'qualification': 'offline exact-MAD oracle ablation'},6000,0.292025049,10,0,3.0,0.9590983606557377,exact_mad_fd,6000,336000,200,0,4.0,10,0,1.5,mixed,526,weak,355200,completed,0.9446995837993902,20546.182666679393,oracle_ablation,7.270721843083793,0.9517284820792314
0,512,0.00391304347826087,10.40605396995224,1.0804774555284382,0,109800,{'qualification': 'offline exact-MAD oracle ablation'},6000,0.323872753,20,0,3.0,0.9590983606557377,exact_mad_fd,6000,336000,200,0,4.0,10,0,1.5,mixed,526,weak,387200,completed,0.933109590715532,18525.79429551457,oracle_ablation,8.045361239941142,0.7919808875563843
0,512,0.00391304347826087,9.45900433894838,1.1646196365952286,0,109800,{'qualification': 'offline exact-MAD oracle ablation'},6000,0.428241322,40,0,3.0,0.9590983606557377,exact_mad_fd,6000,336000,200,0,4.0,10,0,1.5,mixed,526,weak,451200,completed,0.8530867677638434,14010.791793698041,oracle_ablation,7.253069197070041,0.7436577223017111
0,512,0.0027725,3.083224692800926,0.9974801473782307,0,0,{'qualification': 'offline exact-MAD oracle ablation'},6000,0.319067402,10,0,3.0,,exact_mad_fd,6000,336000,200,0,4.0,10,0,1.5,clean,527,strong,355200,completed,0.7269619903030086,18804.80413351659,oracle_ablation,3.084558424872658,0.9974721631267894
0,512,0.0027725,3.111747592402421,0.851396266753336,0,0,{'qualification': 'offline exact-MAD oracle ablation'},6000,0.383358901,20,0,3.0,,exact_mad_fd,6000,336000,200,0,4.0,10,0,1.5,clean,527,strong,387200,completed,0.4816573103577244,15651.130009891176,oracle_ablation,3.112662121267904,0.8508796323893245
0,512,0.0027725,2.170055989269681,0.5588868267100351,0,0,{'qualification': 'offline exact-MAD oracle ablation'},6000,0.455868958,40,0,3.0,,exact_mad_fd,6000,336000,200,0,4.0,10,0,1.5,clean,527,strong,451200,completed,0.1648265009713995,13161.677044919563,oracle_ablation,2.170420117772734,0.5572427040261967
0,512,0.0009181801504311135,3.4819589884272313,0.9975024670900171,0,109800,{'qualification': 'offline exact-MAD oracle ablation'},6000,0.264341032,10,0,3.0,0.23782331511839708,exact_mad_fd,6000,336000,200,0,4.0,10,0,1.5,casewise_cauchy,527,strong,355200,completed,0.9191091940917467,22697.95178827932,oracle_ablation,4.460578612915166,0.9969552852842724
0,512,0.0009181801504311135,2.3251964713172937,0.991013200443877,0,109800,{'qualification': 'offline exact-MAD oracle ablation'},6000,0.339648473,20,0,3.0,0.23782331511839708,exact_mad_fd,6000,336000,200,0,4.0,10,0,1.5,casewise_cauchy,527,strong,387200,completed,0.9283568484571819,17665.32305299073,oracle_ablation,2.965537240621599,0.9918650960420695
0,512,0.0009181801504311135,1.7658663932609076,0.7934261950921865,0,109800,{'qualification': 'offline exact-MAD oracle ablation'},6000,0.514110511,40,0,3.0,0.23782331511839708,exact_mad_fd,6000,336000,200,0,4.0,10,0,1.5,casewise_cauchy,527,strong,451200,completed,0.5701187145176428,11670.642540121105,oracle_ablation,2.6764958775845002,0.8747341440657272
0,512,0.000914539620571546,3.015129703913438,0.9989695985437991,0,109834,{'qualification': 'offline exact-MAD oracle ablation'},6000,0.281612713,10,0,3.0,0.2382231367336162,exact_mad_fd,6000,336000,200,0,4.0,10,0,1.5,cellwise_cauchy,527,strong,355200,completed,0.8952105284455332,21305.856316223904,oracle_ablation,4.135648928931815,0.999155076955741
0,512,0.000914539620571546,2.197179776265273,0.9948285582399194,0,109834,{'qualification': 'offline exact-MAD oracle ablation'},6000,0.345282945,20,0,3.0,0.2382231367336162,exact_mad_fd,6000,336000,200,0,4.0,10,0,1.5,cellwise_cauchy,527,strong,387200,completed,0.7789855286935718,17377.05289787771,oracle_ablation,3.1464648934128054,0.9963839201040057
0,512,0.000914539620571546,2.5414448994874577,0.8411245281603965,0,109834,{'qualification': 'offline exact-MAD oracle ablation'},6000,0.461516727,40,0,3.0,0.2382231367336162,exact_mad_fd,6000,336000,200,0,4.0,10,0,1.5,cellwise_cauchy,527,strong,451200,completed,0.49380778991700947,13000.61221833028,oracle_ablation,3.9297358035763255,0.9068018123660712
0,512,0.005210053201247477,4.760783349505207,0.9978067653520951,0,109800,{'qualification': 'offline exact-MAD oracle ablation'},6000,0.298769172,10,0,3.0,1.0,exact_mad_fd,6000,336000,200,0,4.0,10,0,1.5,bounded_out_of_subspace,527,strong,355200,completed,0.8101954337540364,20082.39323968806,oracle_ablation,4.121123080077947,0.9874195498775964
0,512,0.005210053201247477,3.5954806968709967,0.9252608845933231,0,109800,{'qualification': 'offline exact-MAD oracle ablation'},6000,0.370292823,20,0,3.0,1.0,exact_mad_fd,6000,336000,200,0,4.0,10,0,1.5,bounded_out_of_subspace,527,strong,387200,completed,0.5460953384755994,16203.392632322231,oracle_ablation,3.070752203735089,0.8025894199055048
0,512,0.005210053201247477,2.289967391322645,0.7096226436287095,0,109800,{'qualification': 'offline exact-MAD oracle ablation'},6000,0.484991336,40,0,3.0,1.0,exact_mad_fd,6000,336000,200,0,4.0,10,0,1.5,bounded_out_of_subspace,527,strong,451200,completed,0.36306154505162586,12371.355021484344,oracle_ablation,1.9169933091470437,0.5050717346280014
0,512,0.004202898550724638,7.211301088161513,0.9324416313538557,0,109800,{'qualification': 'offline exact-MAD oracle ablation'},6000,0.288035265,10,0,3.0,1.0,exact_mad_fd,6000,336000,200,0,4.0,10,0,1.5,in_subspace_leverage,527,strong,355200,completed,0.8384055605008479,20830.782647395623,oracle_ablation,5.259416241505275,0.7092249225230607
0,512,0.004202898550724638,4.8040869939791255,0.9435515417677669,0,109800,{'qualification': 'offline exact-MAD oracle ablation'},6000,0.326392725,20,0,3.0,1.0,exact_mad_fd,6000,336000,200,0,4.0,10,0,1.5,in_subspace_leverage,527,strong,387200,completed,0.5500489435202942,18382.762667274525,oracle_ablation,3.3555226263394027,0.5750427806231495
0,512,0.004202898550724638,2.9295894560806612,0.8195644482473768,0,109800,{'qualification': 'offline exact-MAD oracle ablation'},6000,0.380346832,40,0,3.0,1.0,exact_mad_fd,6000,336000,200,0,4.0,10,0,1.5,in_subspace_leverage,527,strong,451200,completed,0.22496296560097268,15775.075523699905,oracle_ablation,1.926216691802922,0.3737198312979613
0,512,0.004772518803889195,3.6074878524568788,0.9980946672417418,0,109800,{'qualification': 'offline exact-MAD oracle ablation'},6000,0.282061618,10,0,3.0,0.9605373406193078,exact_mad_fd,6000,336000,200,0,4.0,10,0,1.5,mixed,527,strong,355200,completed,0.7953565249192077,21271.947748665327,oracle_ablation,3.2548206391833747,0.9956502292325675
0,512,0.004772518803889195,3.5377160872453044,0.9219983436767036,0,109800,{'qualification': 'offline exact-MAD oracle ablation'},6000,0.352650967,20,0,3.0,0.9605373406193078,exact_mad_fd,6000,336000,200,0,4.0,10,0,1.5,mixed,527,strong,387200,completed,0.5577458066948192,17013.98992619238,oracle_ablation,3.1878954475411994,0.832000713152888
0,512,0.004772518803889195,2.2510398052214238,0.6914983941765865,0,109800,{'qualification': 'offline exact-MAD oracle ablation'},6000,0.426112003,40,0,3.0,0.9605373406193078,exact_mad_fd,6000,336000,200,0,4.0,10,0,1.5,mixed,527,strong,451200,completed,0.36173960467301985,14080.804947425993,oracle_ablation,2.0134241211215276,0.5337023464732824
0,512,0.002681666666666667,4.60745179506092,0.9994121255966398,0,0,{'qualification': 'offline exact-MAD oracle ablation'},6000,0.256172398,10,0,3.0,,exact_mad_fd,6000,336000,200,0,4.0,10,0,1.5,clean,527,weak,355200,completed,0.9359284490574765,23421.727113629157,oracle_ablation,4.614383996012318,0.9994090546790806
0,512,0.002681666666666667,3.2446581236456065,0.998164706166482,0,0,{'qualification': 'offline exact-MAD oracle ablation'},6000,0.301005728,20,0,3.0,,exact_mad_fd,6000,336000,200,0,4.0,10,0,1.5,clean,527,weak,387200,completed,0.8855248073842572,19933.175490932852,oracle_ablation,3.2499270884715186,0.9981559262529393
0,512,0.002681666666666667,2.5132619502324363,0.9930452256951234,0,0,{'qualification': 'offline exact-MAD oracle ablation'},6000,0.457493294,40,0,3.0,,exact_mad_fd,6000,336000,200,0,4.0,10,0,1.5,clean,527,weak,451200,completed,0.7174682222842534,13114.946336240724,oracle_ablation,2.5185936240849762,0.9930276494489138
0,512,0.0008475509080902587,5.789969227651653,0.9951887543026111,0,109800,{'qualification': 'offline exact-MAD oracle ablation'},6000,0.301040784,10,0,3.0,0.21234061930783243,exact_mad_fd,6000,336000,200,0,4.0,10,0,1.5,casewise_cauchy,527,weak,355200,completed,0.9505818787832881,19930.85428584321,oracle_ablation,5.810212557828391,0.9965849600124783
0,512,0.0008475509080902587,3.8654114099941843,0.9899390818037151,0,109800,{'qualification': 'offline exact-MAD oracle ablation'},6000,0.325205401,20,0,3.0,0.21234061930783243,exact_mad_fd,6000,336000,200,0,4.0,10,0,1.5,casewise_cauchy,527,weak,387200,completed,0.9648309360026524,18449.878081821895,oracle_ablation,3.8532170698494856,0.992792917487758
0,512,0.0008475509080902587,2.5319896176700865,0.9743385365681367,0,109800,{'qualification': 'offline exact-MAD oracle ablation'},6000,0.448867163,40,0,3.0,0.21234061930783243,exact_mad_fd,6000,336000,200,0,4.0,10,0,1.5,casewise_cauchy,527,weak,451200,completed,0.965297307618645,13366.983585742939,oracle_ablation,2.48055042907472,0.9812987467877892
0,512,0.0008734145278561435,4.53608477822574,0.9989861641313528,0,110025,{'qualification': 'offline exact-MAD oracle ablation'},6000,0.30410377,10,0,3.0,0.21415132924335378,exact_mad_fd,6000,336000,200,0,4.0,10,0,1.5,cellwise_cauchy,527,weak,355200,completed,0.954780060904849,19730.10725911093,oracle_ablation,4.708898618895341,0.9993786031369148
0,512,0.0008734145278561435,3.2941028020420577,0.9974947896308093,0,110025,{'qualification': 'offline exact-MAD oracle ablation'},6000,0.332832923,20,0,3.0,0.21415132924335378,exact_mad_fd,6000,336000,200,0,4.0,10,0,1.5,cellwise_cauchy,527,weak,387200,completed,0.9426771449828095,18027.062785492526,oracle_ablation,3.417781564384341,0.99848157876635
0,512,0.0008734145278561435,2.3157821084277868,0.9922105776054422,0,110025,{'qualification': 'offline exact-MAD oracle ablation'},6000,0.465831951,40,0,3.0,0.21415132924335378,exact_mad_fd,6000,336000,200,0,4.0,10,0,1.5,cellwise_cauchy,527,weak,451200,completed,0.922560613876462,12880.181333890512,oracle_ablation,2.402043629880034,0.9953186704125504
0,512,0.004806457530728307,9.402768520789555,0.9975431708861595,0,109800,{'qualification': 'offline exact-MAD oracle ablation'},6000,0.291993786,10,0,3.0,1.0,exact_mad_fd,6000,336000,200,0,4.0,10,0,1.5,bounded_out_of_subspace,527,weak,355200,completed,0.9415725706991629,20548.382491947963,oracle_ablation,7.195936441911536,0.9647360866550346
0,512,0.004806457530728307,10.587658526311706,1.06670421006566,0,109800,{'qualification': 'offline exact-MAD oracle ablation'},6000,0.336316739,20,0,3.0,1.0,exact_mad_fd,6000,336000,200,0,4.0,10,0,1.5,bounded_out_of_subspace,527,weak,387200,completed,0.9192633415459152,17840.325217948786,oracle_ablation,8.179508923362512,0.7996905438439447
0,512,0.004806457530728307,9.353186782336964,1.1427329275782372,0,109800,{'qualification': 'offline exact-MAD oracle ablation'},6000,0.48828073,40,0,3.0,1.0,exact_mad_fd,6000,336000,200,0,4.0,10,0,1.5,bounded_out_of_subspace,527,weak,451200,completed,0.8243405631434098,12288.013086242416,oracle_ablation,7.14956417489492,0.7494602823649508
0,512,0.0035076132819666117,11.863993961482526,1.1558855385861482,0,109800,{'qualification': 'offline exact-MAD oracle ablation'},6000,0.218920272,10,0,3.0,1.0,exact_mad_fd,6000,336000,200,0,4.0,10,0,1.5,in_subspace_leverage,527,weak,355200,completed,0.9176635537796338,27407.238010374847,oracle_ablation,6.700178965707542,0.6517805789848503
0,512,0.0035076132819666117,11.36047816974451,1.3977923484019852,0,109800,{'qualification': 'offline exact-MAD oracle ablation'},6000,0.33642574,20,0,3.0,1.0,exact_mad_fd,6000,336000,200,0,4.0,10,0,1.5,in_subspace_leverage,527,weak,387200,completed,0.8942798948789087,17834.545002412717,oracle_ablation,6.376279636494343,0.5353831231972677
0,512,0.0035076132819666117,10.403079121257736,1.5348375990521153,0,109800,{'qualification': 'offline exact-MAD oracle ablation'},6000,0.485652799,40,0,3.0,1.0,exact_mad_fd,6000,336000,200,0,4.0,10,0,1.5,in_subspace_leverage,527,weak,451200,completed,0.8140948063398766,12354.505136909547,oracle_ablation,5.7655096676180175,0.5003752271592486
0,512,0.004441386901485966,6.503940323586235,0.9989177556710864,0,109800,{'qualification': 'offline exact-MAD oracle ablation'},6000,0.245558486,10,0,3.0,0.9593624772313297,exact_mad_fd,6000,336000,200,0,4.0,10,0,1.5,mixed,527,weak,355200,completed,0.9416701815255321,24434.09754529925,oracle_ablation,5.14945780669674,0.9944218077352275
0,512,0.004441386901485966,10.366270362215936,1.0388896680446305,0,109800,{'qualification': 'offline exact-MAD oracle ablation'},6000,0.274828912,20,0,3.0,0.9593624772313297,exact_mad_fd,6000,336000,200,0,4.0,10,0,1.5,mixed,527,weak,387200,completed,0.9162277135144892,21831.76419226228,oracle_ablation,8.443661482756264,0.845647042695946
0,512,0.004441386901485966,9.143877748825549,1.1038480905242505,0,109800,{'qualification': 'offline exact-MAD oracle ablation'},6000,0.470641798,40,0,3.0,0.9593624772313297,exact_mad_fd,6000,336000,200,0,4.0,10,0,1.5,mixed,527,weak,451200,completed,0.8289628791986413,12748.54895059703,oracle_ablation,7.378345148244468,0.794070406421344
0,512,0.0026475,3.1569724889049557,0.9976104305793416,0,0,{'qualification': 'offline exact-MAD oracle ablation'},6000,0.240306266,10,0,3.0,,exact_mad_fd,6000,336000,200,0,4.0,10,0,1.5,clean,528,strong,355200,completed,0.7589852196413125,24968.137951092795,oracle_ablation,3.1524344062758822,0.997600969810342
0,512,0.0026475,3.2363169157947507,0.8529857979707701,0,0,{'qualification': 'offline exact-MAD oracle ablation'},6000,0.332133636,20,0,3.0,,exact_mad_fd,6000,336000,200,0,4.0,10,0,1.5,clean,528,strong,387200,completed,0.4756580961338275,18065.017660541915,oracle_ablation,3.2314400017545384,0.8526422886088245
0,512,0.0026475,2.198363455258349,0.5620550633485205,0,0,{'qualification': 'offline exact-MAD oracle ablation'},6000,0.49854777,40,0,3.0,,exact_mad_fd,6000,336000,200,0,4.0,10,0,1.5,clean,528,strong,451200,completed,0.17148942338886286,12034.955045531544,oracle_ablation,2.1938702898914175,0.5605512086972615
0,512,0.000870482480278848,3.5310451129668103,0.9973748798151074,0,109800,{'qualification': 'offline exact-MAD oracle ablation'},6000,0.286964813,10,0,3.0,0.23759562841530055,exact_mad_fd,6000,336000,200,0,4.0,10,0,1.5,casewise_cauchy,528,strong,355200,completed,0.9073276596640465,20908.486783708915,oracle_ablation,4.534755701752229,0.9973097365584815
0,512,0.000870482480278848,2.395452550396664,0.9914509215847478,0,109800,{'qualification': 'offline exact-MAD oracle ablation'},6000,0.328377191,20,0,3.0,0.23759562841530055,exact_mad_fd,6000,336000,200,0,4.0,10,0,1.5,casewise_cauchy,528,strong,387200,completed,0.928602016286992,18271.671006528588,oracle_ablation,3.0481154042280245,0.9922379173366996
0,512,0.000870482480278848,1.879634409516872,0.7958882443663663,0,109800,{'qualification': 'offline exact-MAD oracle ablation'},6000,0.4467738,40,0,3.0,0.23759562841530055,exact_mad_fd,6000,336000,200,0,4.0,10,0,1.5,casewise_cauchy,528,strong,451200,completed,0.5787694771335342,13429.61471778336,oracle_ablation,2.814083542754089,0.8769240835423363
0,512,0.0008796212217104093,3.3310092360421404,0.9986031005755674,0,109758,{'qualification': 'offline exact-MAD oracle ablation'},6000,0.268235761,10,0,3.0,0.2379598753621604,exact_mad_fd,6000,336000,200,0,4.0,10,0,1.5,cellwise_cauchy,528,strong,355200,completed,0.8857753985069731,22368.382118892787,oracle_ablation,4.590277504510863,0.9989714682363674
0,512,0.0008796212217104093,2.297095322651893,0.9947700545523246,0,109758,{'qualification': 'offline exact-MAD oracle ablation'},6000,0.389331394,20,0,3.0,0.2379598753621604,exact_mad_fd,6000,336000,200,0,4.0,10,0,1.5,cellwise_cauchy,528,strong,387200,completed,0.7887991469147507,15411.035669011577,oracle_ablation,3.281998360691157,0.9964131763590963
0,512,0.0008796212217104093,2.661090118560917,0.8417453052418762,0,109758,{'qualification': 'offline exact-MAD oracle ablation'},6000,0.456952326,40,0,3.0,0.2379598753621604,exact_mad_fd,6000,336000,200,0,4.0,10,0,1.5,cellwise_cauchy,528,strong,451200,completed,0.4676138259074305,13130.47260864583,oracle_ablation,4.064631101545923,0.9077617179116507
0,512,0.004661529994496423,6.3018282436218085,0.9994216332022712,0,109800,{'qualification': 'offline exact-MAD oracle ablation'},6000,0.262812567,10,0,3.0,1.0,exact_mad_fd,6000,336000,200,0,4.0,10,0,1.5,bounded_out_of_subspace,528,strong,355200,completed,0.8409988093958596,22829.95850803436,oracle_ablation,5.367772577966767,0.9546103973133304
0,512,0.004661529994496423,3.926689277057261,0.946180935454303,0,109800,{'qualification': 'offline exact-MAD oracle ablation'},6000,0.334673195,20,0,3.0,1.0,exact_mad_fd,6000,336000,200,0,4.0,10,0,1.5,bounded_out_of_subspace,528,strong,387200,completed,0.5619812140737612,17927.937132819974,oracle_ablation,3.2164173306303234,0.7697823259346903
0,512,0.004661529994496423,2.437590087482383,0.755552710828285,0,109800,{'qualification': 'offline exact-MAD oracle ablation'},6000,0.398199369,40,0,3.0,1.0,exact_mad_fd,6000,336000,200,0,4.0,10,0,1.5,bounded_out_of_subspace,528,strong,451200,completed,0.36780793270536316,15067.829000000247,oracle_ablation,1.9289263922563245,0.4877160055249966
0,512,0.004101999633094845,7.369545631615317,0.9385079931643632,0,109800,{'qualification': 'offline exact-MAD oracle ablation'},6000,0.291781239,10,0,3.0,1.0,exact_mad_fd,6000,336000,200,0,4.0,10,0,1.5,in_subspace_leverage,528,strong,355200,completed,0.8202731132665004,20563.350887683355,oracle_ablation,5.336681377590197,0.6998776477900746
0,512,0.004101999633094845,4.926276196659485,0.9558297120802517,0,109800,{'qualification': 'offline exact-MAD oracle ablation'},6000,0.326836114,20,0,3.0,1.0,exact_mad_fd,6000,336000,200,0,4.0,10,0,1.5,in_subspace_leverage,528,strong,387200,completed,0.5569221359461541,18357.824435521223,oracle_ablation,3.4186247528722107,0.5664992477413278
0,512,0.004101999633094845,3.0133026206882034,0.8415079696451792,0,109800,{'qualification': 'offline exact-MAD oracle ablation'},6000,0.450843699,40,0,3.0,1.0,exact_mad_fd,6000,336000,200,0,4.0,10,0,1.5,in_subspace_leverage,528,strong,451200,completed,0.22627809753550385,13308.381626067709,oracle_ablation,1.9669782428043336,0.3706794795468577
0,512,0.004328563566318107,5.339516514647069,0.9978075707400785,0,109800,{'qualification': 'offline exact-MAD oracle ablation'},6000,0.326244345,10,0,3.0,0.9606648451730418,exact_mad_fd,6000,336000,200,0,4.0,10,0,1.5,mixed,528,strong,355200,completed,0.8314048131724253,18391.123377173022,oracle_ablation,4.722628519431423,0.9826732857559783
0,512,0.004328563566318107,3.8591553376608676,0.9363200725484273,0,109800,{'qualification': 'offline exact-MAD oracle ablation'},6000,0.384757642,20,0,3.0,0.9606648451730418,exact_mad_fd,6000,336000,200,0,4.0,10,0,1.5,mixed,528,strong,387200,completed,0.5710767497628051,15594.232173821254,oracle_ablation,3.3557031043439993,0.8030997560026911
0,512,0.004328563566318107,2.383511464884458,0.729190826321544,0,109800,{'qualification': 'offline exact-MAD oracle ablation'},6000,0.46053088,40,0,3.0,0.9606648451730418,exact_mad_fd,6000,336000,200,0,4.0,10,0,1.5,mixed,528,strong,451200,completed,0.3665773289867495,13028.442305540944,oracle_ablation,2.032868106765905,0.5193939034012894
0,512,0.0027366666666666668,4.8779296232085825,0.9992332689462972,0,0,{'qualification': 'offline exact-MAD oracle ablation'},6000,0.274909396,10,0,3.0,,exact_mad_fd,6000,336000,200,0,4.0,10,0,1.5,clean,528,weak,355200,completed,0.9317233838884162,21825.372603852364,oracle_ablation,4.883764644456464,0.9992269952472992
0,512,0.0027366666666666668,3.4013198306703796,0.9980732425775076,0,0,{'qualification': 'offline exact-MAD oracle ablation'},6000,0.347732057,20,0,3.0,,exact_mad_fd,6000,336000,200,0,4.0,10,0,1.5,clean,528,weak,387200,completed,0.8923273703776808,17254.6645591551,oracle_ablation,3.405458510586491,0.99806013641299
0,512,0.0027366666666666668,2.424046074990645,0.9924915303697736,0,0,{'qualification': 'offline exact-MAD oracle ablation'},6000,0.467457202,40,0,3.0,,exact_mad_fd,6000,336000,200,0,4.0,10,0,1.5,clean,528,weak,451200,completed,0.6938109711694264,12835.399635152053,oracle_ablation,2.427825947148359,0.9924502152931233
0,512,0.0009053384700055036,4.8095892420642175,0.9932753736985318,0,109800,{'qualification': 'offline exact-MAD oracle ablation'},6000,0.275151796,10,0,3.0,0.21228597449908926,exact_mad_fd,6000,336000,200,0,4.0,10,0,1.5,casewise_cauchy,528,weak,355200,completed,0.9663707650224634,21806.14514324304,oracle_ablation,4.815697289494153,0.995235980344631
0,512,0.0009053384700055036,3.518280574647929,0.9877321869807324,0,109800,{'qualification': 'offline exact-MAD oracle ablation'},6000,0.36036085,20,0,3.0,0.21228597449908926,exact_mad_fd,6000,336000,200,0,4.0,10,0,1.5,casewise_cauchy,528,weak,387200,completed,0.9674496901085915,16649.97737684324,oracle_ablation,3.5001160052349967,0.9912641654425097
0,512,0.0009053384700055036,2.4228538499119017,0.9719677472172029,0,109800,{'qualification': 'offline exact-MAD oracle ablation'},6000,0.480328875,40,0,3.0,0.21228597449908926,exact_mad_fd,6000,336000,200,0,4.0,10,0,1.5,casewise_cauchy,528,weak,451200,completed,0.9672070650989338,12491.441410845851,oracle_ablation,2.3665001534982215,0.9795435303599546
0,512,0.0008749098952859415,4.475982679793425,0.9986471046514467,0,109602,{'qualification': 'offline exact-MAD oracle ablation'},6000,0.269214838,10,0,3.0,0.2090199083958322,exact_mad_fd,6000,336000,200,0,4.0,10,0,1.5,cellwise_cauchy,528,weak,355200,completed,0.9602915517122944,22287.03307950656,oracle_ablation,4.642756720970901,0.999165721907775
0,512,0.0008749098952859415,3.39401902301436,0.9973510953158894,0,109602,{'qualification': 'offline exact-MAD oracle ablation'},6000,0.338245279,20,0,3.0,0.2090199083958322,exact_mad_fd,6000,336000,200,0,4.0,10,0,1.5,cellwise_cauchy,528,weak,387200,completed,0.938763948532997,17738.606781855484,oracle_ablation,3.523453125463021,0.9984091986074789
0,512,0.0008749098952859415,2.3408805772978116,0.9919248911885256,0,109602,{'qualification': 'offline exact-MAD oracle ablation'},6000,0.407172333,40,0,3.0,0.2090199083958322,exact_mad_fd,6000,336000,200,0,4.0,10,0,1.5,cellwise_cauchy,528,weak,451200,completed,0.9135735453288403,14735.775281666793,oracle_ablation,2.4294073735559825,0.9951691817628627
0,512,0.0048431480462300495,5.835601723183373,0.9984839593544277,0,109800,{'qualification': 'offline exact-MAD oracle ablation'},6000,0.327856482,10,0,3.0,1.0,exact_mad_fd,6000,336000,200,0,4.0,10,0,1.5,bounded_out_of_subspace,528,weak,355200,completed,0.9357418151847858,18300.690483221864,oracle_ablation,4.495641527586865,0.9930063019312185
0,512,0.0048431480462300495,9.961012605816245,1.038850294289233,0,109800,{'qualification': 'offline exact-MAD oracle ablation'},6000,0.341594026,20,0,3.0,1.0,exact_mad_fd,6000,336000,200,0,4.0,10,0,1.5,bounded_out_of_subspace,528,weak,387200,completed,0.9279072560749899,17564.709987053462,oracle_ablation,7.962787430825464,0.8384156717318274
0,512,0.0048431480462300495,8.815583529711665,1.1023284266738531,0,109800,{'qualification': 'offline exact-MAD oracle ablation'},6000,0.477175539,40,0,3.0,1.0,exact_mad_fd,6000,336000,200,0,4.0,10,0,1.5,bounded_out_of_subspace,528,weak,451200,completed,0.821246541033146,12573.989045150951,oracle_ablation,6.9761128000467645,0.7853821104855366
0,512,0.004687213355347643,10.42025455950299,0.9886248420528491,0,109800,{'qualification': 'offline exact-MAD oracle ablation'},6000,0.272361132,10,0,3.0,1.0,exact_mad_fd,6000,336000,200,0,4.0,10,0,1.5,in_subspace_leverage,528,weak,355200,completed,0.921575255616231,22029.575056987207,oracle_ablation,7.289029044276876,0.8367110163495541
0,512,0.004687213355347643,10.52067993326006,1.1020168100487056,0,109800,{'qualification': 'offline exact-MAD oracle ablation'},6000,0.367114104,20,0,3.0,1.0,exact_mad_fd,6000,336000,200,0,4.0,10,0,1.5,in_subspace_leverage,528,weak,387200,completed,0.8949860055401895,16343.692423214554,oracle_ablation,7.364266828654667,0.6893928880686021
0,512,0.004687213355347643,9.284907378476026,1.196368034872916,0,109800,{'qualification': 'offline exact-MAD oracle ablation'},6000,0.435104087,40,0,3.0,1.0,exact_mad_fd,6000,336000,200,0,4.0,10,0,1.5,in_subspace_leverage,528,weak,451200,completed,0.8089683769637821,13789.803817678228,oracle_ablation,6.420150810016144,0.6438051034351439
0,512,0.004490001834525775,5.546997719240905,0.9988789707506915,0,109800,{'qualification': 'offline exact-MAD oracle ablation'},6000,0.275474091,10,0,3.0,0.9601639344262295,exact_mad_fd,6000,336000,200,0,4.0,10,0,1.5,mixed,528,weak,355200,completed,0.9408663298363051,21780.632720192916,oracle_ablation,4.543530589446426,0.9963776352078253
0,512,0.004490001834525775,9.633663626925268,1.0220259865483508,0,109800,{'qualification': 'offline exact-MAD oracle ablation'},6000,0.326846112,20,0,3.0,0.9601639344262295,exact_mad_fd,6000,336000,200,0,4.0,10,0,1.5,mixed,528,weak,387200,completed,0.9292551760132599,18357.262882172512,oracle_ablation,8.027146489133244,0.87470265170856
0,512,0.004490001834525775,8.567338258297987,1.0759677057291266,0,109800,{'qualification': 'offline exact-MAD oracle ablation'},6000,0.439834147,40,0,3.0,0.9601639344262295,exact_mad_fd,6000,336000,200,0,4.0,10,0,1.5,mixed,528,weak,451200,completed,0.8269587922361213,13641.505646900125,oracle_ablation,7.07673130570432,0.8212348049437355
0,512,0.002629166666666667,3.0428084218794313,0.9977522422612188,0,0,{'qualification': 'offline exact-MAD oracle ablation'},6000,0.287176258,10,0,3.0,,exact_mad_fd,6000,336000,200,0,4.0,10,0,1.5,clean,529,strong,355200,completed,0.7599898846417402,20893.09207448479,oracle_ablation,3.048715660455133,0.9977433838904881
0,512,0.002629166666666667,3.164951311712632,0.853479996360333,0,0,{'qualification': 'offline exact-MAD oracle ablation'},6000,0.355461203,20,0,3.0,,exact_mad_fd,6000,336000,200,0,4.0,10,0,1.5,clean,529,strong,387200,completed,0.4566984866518336,16879.4792493852,oracle_ablation,3.170935182360746,0.8527846778461655
0,512,0.002629166666666667,2.1413241641370164,0.5600748181719881,0,0,{'qualification': 'offline exact-MAD oracle ablation'},6000,0.421263118,40,0,3.0,,exact_mad_fd,6000,336000,200,0,4.0,10,0,1.5,clean,529,strong,451200,completed,0.15897535901501333,14242.879909558093,oracle_ablation,2.1455989615057978,0.5581230327980874
0,512,0.0009163456246560264,3.3211420827351015,0.9973397846780858,0,109800,{'qualification': 'offline exact-MAD oracle ablation'},6000,0.263240691,10,0,3.0,0.23928051001821493,exact_mad_fd,6000,336000,200,0,4.0,10,0,1.5,casewise_cauchy,529,strong,355200,completed,0.962261322877912,22792.828788008308,oracle_ablation,4.25535937724966,0.9969424290330231
0,512,0.0009163456246560264,2.2722439417052915,0.9919086216952588,0,109800,{'qualification': 'offline exact-MAD oracle ablation'},6000,0.341327061,20,0,3.0,0.23928051001821493,exact_mad_fd,6000,336000,200,0,4.0,10,0,1.5,casewise_cauchy,529,strong,387200,completed,0.942818839528133,17578.44802114884,oracle_ablation,2.8651924214772557,0.9919942622450949
0,512,0.0009163456246560264,1.815060926512147,0.7933113277944919,0,109800,{'qualification': 'offline exact-MAD oracle ablation'},6000,0.402667836,40,0,3.0,0.23928051001821493,exact_mad_fd,6000,336000,200,0,4.0,10,0,1.5,casewise_cauchy,529,strong,451200,completed,0.5763688863020611,14900.618980652827,oracle_ablation,2.7361644443178132,0.8740528341726596
0,512,0.0009316451239014657,3.0164555087338605,0.9987502028503196,0,109456,{'qualification': 'offline exact-MAD oracle ablation'},6000,0.280122193,10,0,3.0,0.2386164303464406,exact_mad_fd,6000,336000,200,0,4.0,10,0,1.5,cellwise_cauchy,529,strong,355200,completed,0.8917002006502284,21419.224002719413,oracle_ablation,4.16295560442422,0.9990349752114125
0,512,0.0009316451239014657,2.2484047531013442,0.9957123153017692,0,109456,{'qualification': 'offline exact-MAD oracle ablation'},6000,0.340758362,20,0,3.0,0.2386164303464406,exact_mad_fd,6000,336000,200,0,4.0,10,0,1.5,cellwise_cauchy,529,strong,387200,completed,0.801616608900205,17607.78507322441,oracle_ablation,3.1969693981431133,0.9969470776586425
0,512,0.0009316451239014657,2.5387805966936257,0.8421956482981674,0,109456,{'qualification': 'offline exact-MAD oracle ablation'},6000,0.437293662,40,0,3.0,0.2386164303464406,exact_mad_fd,6000,336000,200,0,4.0,10,0,1.5,cellwise_cauchy,529,strong,451200,completed,0.44053474446991325,13720.756830909659,oracle_ablation,3.942117910291521,0.9075632161018085
0,512,0.004482663731425427,6.72752977753497,1.0062545680330954,0,109800,{'qualification': 'offline exact-MAD oracle ablation'},6000,0.254542322,10,0,3.0,1.0,exact_mad_fd,6000,336000,200,0,4.0,10,0,1.5,bounded_out_of_subspace,529,strong,355200,completed,0.8541720730184992,23571.718655100507,oracle_ablation,5.619675077673289,0.9202290208939923
0,512,0.004482663731425427,4.011507468189863,0.9725300639627562,0,109800,{'qualification': 'offline exact-MAD oracle ablation'},6000,0.34306121,20,0,3.0,1.0,exact_mad_fd,6000,336000,200,0,4.0,10,0,1.5,bounded_out_of_subspace,529,strong,387200,completed,0.5583575997798372,17489.590268745334,oracle_ablation,3.1853339861980428,0.7422267137120704
0,512,0.004482663731425427,2.4575880736327806,0.7972434525103538,0,109800,{'qualification': 'offline exact-MAD oracle ablation'},6000,0.389283689,40,0,3.0,1.0,exact_mad_fd,6000,336000,200,0,4.0,10,0,1.5,bounded_out_of_subspace,529,strong,451200,completed,0.36711861055161127,15412.924223496044,oracle_ablation,1.862320571132375,0.4683360809365314
0,512,0.004098330581544671,7.438592690426314,0.9273905205086788,0,109800,{'qualification': 'offline exact-MAD oracle ablation'},6000,0.288441525,10,0,3.0,1.0,exact_mad_fd,6000,336000,200,0,4.0,10,0,1.5,in_subspace_leverage,529,strong,355200,completed,0.8402944878257735,20801.443204129504,oracle_ablation,5.456366708470687,0.7229622566926572
0,512,0.004098330581544671,4.863615517360271,0.9277723593415479,0,109800,{'qualification': 'offline exact-MAD oracle ablation'},6000,0.300490527,20,0,3.0,1.0,exact_mad_fd,6000,336000,200,0,4.0,10,0,1.5,in_subspace_leverage,529,strong,387200,completed,0.5613908492635937,19967.35158309999,oracle_ablation,3.4138392668405055,0.5858350211877932
0,512,0.004098330581544671,2.9306713718359663,0.7964689457282815,0,109800,{'qualification': 'offline exact-MAD oracle ablation'},6000,0.419078805,40,0,3.0,1.0,exact_mad_fd,6000,336000,200,0,4.0,10,0,1.5,in_subspace_leverage,529,strong,451200,completed,0.21700741846344943,14317.1163237425,oracle_ablation,1.9323403689563967,0.3811141774683361
0,512,0.004152449091909741,6.303176340382936,1.0000790681271274,0,109800,{'qualification': 'offline exact-MAD oracle ablation'},6000,0.297210219,10,0,3.0,0.9601912568306011,exact_mad_fd,6000,336000,200,0,4.0,10,0,1.5,mixed,529,strong,355200,completed,0.8491500522968647,20187.73116277001,oracle_ablation,5.527685589457796,0.9526869253006366
0,512,0.004152449091909741,3.9446556332620832,0.956132233956517,0,109800,{'qualification': 'offline exact-MAD oracle ablation'},6000,0.294218671,20,0,3.0,0.9601912568306011,exact_mad_fd,6000,336000,200,0,4.0,10,0,1.5,mixed,529,strong,387200,completed,0.572357452052971,20392.995385394832,oracle_ablation,3.3376404128871804,0.7795783922259467
0,512,0.004152449091909741,2.3990830047646217,0.7625343848742103,0,109800,{'qualification': 'offline exact-MAD oracle ablation'},6000,0.495495505,40,0,3.0,0.9601912568306011,exact_mad_fd,6000,336000,200,0,4.0,10,0,1.5,mixed,529,strong,451200,completed,0.36491920493808927,12109.090676816533,oracle_ablation,1.9708174544398442,0.5022298519565646
0,512,0.002755,4.5961347187784645,0.9994314887627992,0,0,{'qualification': 'offline exact-MAD oracle ablation'},6000,0.262727382,10,0,3.0,,exact_mad_fd,6000,336000,200,0,4.0,10,0,1.5,clean,529,weak,355200,completed,0.9477005121011312,22837.36074376899,oracle_ablation,4.602814389073504,0.9994258531633352
0,512,0.002755,3.2876157618297683,0.9983110225364812,0,0,{'qualification': 'offline exact-MAD oracle ablation'},6000,0.346188327,20,0,3.0,,exact_mad_fd,6000,336000,200,0,4.0,10,0,1.5,clean,529,weak,387200,completed,0.9061521331437028,17331.606908860333,oracle_ablation,3.2930169192914636,0.9983014058905351
0,512,0.002755,2.4843395199514946,0.9925359542344013,0,0,{'qualification': 'offline exact-MAD oracle ablation'},6000,0.475383745,40,0,3.0,,exact_mad_fd,6000,336000,200,0,4.0,10,0,1.5,clean,529,weak,451200,completed,0.727088866792634,12621.38233186749,oracle_ablation,2.4906690094784345,0.9925179834525502
0,512,0.0008980003669051551,4.7370792904425665,0.9940447678869603,0,109800,{'qualification': 'offline exact-MAD oracle ablation'},6000,0.314648943,10,0,3.0,0.2129417122040073,exact_mad_fd,6000,336000,200,0,4.0,10,0,1.5,casewise_cauchy,529,weak,355200,completed,0.9678228809619449,19068.8706683499,oracle_ablation,4.738662608636146,0.995673228029118
0,512,0.0008980003669051551,3.3457210574933636,0.9867933818258908,0,109800,{'qualification': 'offline exact-MAD oracle ablation'},6000,0.386793003,20,0,3.0,0.2129417122040073,exact_mad_fd,6000,336000,200,0,4.0,10,0,1.5,casewise_cauchy,529,weak,387200,completed,0.9686390473502818,15512.173057587599,oracle_ablation,3.3211962245594036,0.990433501645659
0,512,0.0008980003669051551,2.396468671347693,0.9705175158917736,0,109800,{'qualification': 'offline exact-MAD oracle ablation'},6000,0.464342068,40,0,3.0,0.2129417122040073,exact_mad_fd,6000,336000,200,0,4.0,10,0,1.5,casewise_cauchy,529,weak,451200,completed,0.9695304561116427,12921.50854615223,oracle_ablation,2.341727449346369,0.9785052804830551
0,512,0.000914516970848281,4.508148846201479,0.9990762082860282,0,109807,{'qualification': 'offline exact-MAD oracle ablation'},6000,0.305406465,10,0,3.0,0.2111614013678545,exact_mad_fd,6000,336000,200,0,4.0,10,0,1.5,cellwise_cauchy,529,weak,355200,completed,0.9613759463989348,19645.949538101624,oracle_ablation,4.6766748278847,0.9994393416541357
0,512,0.000914516970848281,3.4185192841941285,0.9975589872441298,0,109807,{'qualification': 'offline exact-MAD oracle ablation'},6000,0.379952138,20,0,3.0,0.2111614013678545,exact_mad_fd,6000,336000,200,0,4.0,10,0,1.5,cellwise_cauchy,529,weak,387200,completed,0.9502494263747892,15791.462660489096,oracle_ablation,3.5452484998760636,0.9985274919413679
0,512,0.000914516970848281,2.338307431178636,0.991820056541722,0,109807,{'qualification': 'offline exact-MAD oracle ablation'},6000,0.41760627,40,0,3.0,0.2111614013678545,exact_mad_fd,6000,336000,200,0,4.0,10,0,1.5,cellwise_cauchy,529,weak,451200,completed,0.9161757380753851,14367.60037151741,oracle_ablation,2.4263351424536763,0.9951315282287463
0,512,0.004926618968996515,9.585353002424469,0.9988964970925086,0,109800,{'qualification': 'offline exact-MAD oracle ablation'},6000,0.326724299,10,0,3.0,1.0,exact_mad_fd,6000,336000,200,0,4.0,10,0,1.5,bounded_out_of_subspace,529,weak,355200,completed,0.9558200846399739,18364.107041821215,oracle_ablation,7.27476697301852,0.9426834764990205
0,512,0.004926618968996515,10.145021949546585,1.0842998556555212,0,109800,{'qualification': 'offline exact-MAD oracle ablation'},6000,0.360533553,20,0,3.0,1.0,exact_mad_fd,6000,336000,200,0,4.0,10,0,1.5,bounded_out_of_subspace,529,weak,387200,completed,0.9318249773648706,16642.00169463839,oracle_ablation,7.737042720353287,0.780516076648443
0,512,0.004926618968996515,8.802997517501886,1.1666628844708828,0,109800,{'qualification': 'offline exact-MAD oracle ablation'},6000,0.479313807,40,0,3.0,1.0,exact_mad_fd,6000,336000,200,0,4.0,10,0,1.5,bounded_out_of_subspace,529,weak,451200,completed,0.8240169496434864,12517.895191781947,oracle_ablation,6.624090247181146,0.7308780940711609
0,512,0.00508989176297927,10.508475250994024,0.9816175304482672,0,109800,{'qualification': 'offline exact-MAD oracle ablation'},6000,0.280789067,10,0,3.0,1.0,exact_mad_fd,6000,336000,200,0,4.0,10,0,1.5,in_subspace_leverage,529,weak,355200,completed,0.9178955615986438,21368.353348316086,oracle_ablation,7.8004718245830595,0.8981187928767441
0,512,0.00508989176297927,10.5790845010844,1.0533420040843828,0,109800,{'qualification': 'offline exact-MAD oracle ablation'},6000,0.36343234,20,0,3.0,1.0,exact_mad_fd,6000,336000,200,0,4.0,10,0,1.5,in_subspace_leverage,529,weak,387200,completed,0.9023677989464078,16509.26276951578,oracle_ablation,7.856363845573743,0.7383122234400723
0,512,0.00508989176297927,9.236838992237802,1.1319362453388904,0,109800,{'qualification': 'offline exact-MAD oracle ablation'},6000,0.451542968,40,0,3.0,1.0,exact_mad_fd,6000,336000,200,0,4.0,10,0,1.5,in_subspace_leverage,529,weak,451200,completed,0.8074413433319219,13287.771984525734,oracle_ablation,6.783207486799431,0.6894297106525135
0,512,0.004477160154100165,8.316325032473305,0.997955951131762,0,109800,{'qualification': 'offline exact-MAD oracle ablation'},6000,0.297648194,10,0,3.0,0.9587978142076503,exact_mad_fd,6000,336000,200,0,4.0,10,0,1.5,mixed,529,weak,355200,completed,0.953337148576762,20158.025887434076,oracle_ablation,6.5844492430638795,0.9780701220389274
0,512,0.004477160154100165,9.905547497567701,1.0547312083429223,0,109800,{'qualification': 'offline exact-MAD oracle ablation'},6000,0.350106029,20,0,3.0,0.9587978142076503,exact_mad_fd,6000,336000,200,0,4.0,10,0,1.5,mixed,529,weak,387200,completed,0.9301030073363885,17137.665458483152,oracle_ablation,7.948133916775721,0.8245208817863333
0,512,0.004477160154100165,8.680398050550142,1.1276142892190406,0,109800,{'qualification': 'offline exact-MAD oracle ablation'},6000,0.474438193,40,0,3.0,0.9587978142076503,exact_mad_fd,6000,336000,200,0,4.0,10,0,1.5,mixed,529,weak,451200,completed,0.8267603055279532,12646.53665856956,oracle_ablation,6.889449271491806,0.7738705085321566
