calibration_peak_state_bytes,calibration_size,clean_marginal_attenuation_rate,clean_target_correlation_error,clean_target_scale_scatter_error,contaminated_calibration_rows,contaminated_cells,diagnostics,effective_n,elapsed_seconds,k,marginal_clipped_coordinates,marginal_lambda,marginal_retained_contamination_rate,method,n,output_bytes,p,parallel_clipped_rows,parallel_lambda,rank,residual_clipped_rows,residual_lambda,scenario,seed,spectrum,state_bytes,status,subspace_error,throughput_rows_per_second,tier,transformed_target_compression_error,transformed_target_scatter_compression_error
0,512,0.0033141666666666666,3.244910095066277,0.85677530964653,0,0,"{'effective_n': 6000, 'trim_mode': 'iqr'}",6000,10.14728986,20,0,3.0,,sketch_iqr,6000,336000,200,0,4.0,10,0,1.5,clean,500,strong,184024,completed,0.46423496686192695,591.2908848353327,retention_audit,3.2515049419167967,0.8560723293437321
0,512,0.0028758333333333335,3.2446477709955004,0.8566868836868313,0,0,"{'effective_n': 6000, 'trim_mode': 'mad'}",6000,1.234793504,20,0,3.0,,sketch_mad,6000,336000,200,0,4.0,10,0,1.5,clean,500,strong,184024,completed,0.4642123534519421,4859.112054415214,retention_audit,3.251317589819647,0.856066375229616
5208512,512,0.0029537172011661807,3.2732202292279076,0.8790581053343354,0,0,"{'phase': 'estimating', 'ready': True, 'total_seen': 6000, 'epoch_index': 0, 'epoch_seen': 6000, 'calibration_count': 512, 'effective_n': 5488, 'serving_epoch': 0, 'serving_n': 5488, 'basis_rank': 20, 'parallel_radius': 14.765220916334496, 'residual_radius': 12.646500587941045, 'marginal_clipped_coordinates': 3242, 'parallel_clipped_rows': 1, 'residual_clipped_rows': 497, 'state_bytes': 100800, 'calibration_peak_state_bytes_bound': 5208512, 'epoch_history': []}",5488,0.62688807,20,3242,3.0,,dual_bound,6000,336000,200,1,4.0,10,497,1.5,clean,500,strong,100800,completed,0.5047742447625492,9571.086589668232,retention_audit,3.2691072590796724,0.8812977158149198
0,512,0.001807007888460833,2.4123093459508373,0.9915661088450584,0,109800,"{'effective_n': 6000, 'trim_mode': 'iqr'}",6000,10.576976482,20,0,3.0,0.237896174863388,sketch_iqr,6000,336000,200,0,4.0,10,0,1.5,casewise_cauchy,500,strong,184024,completed,0.9286123932580277,567.2698630096094,retention_audit,3.0598896516454612,0.9920962309842554
0,512,0.0014373509447807742,2.4097021506848435,0.9915600011837683,0,109800,"{'effective_n': 6000, 'trim_mode': 'mad'}",6000,1.263391564,20,0,3.0,0.23677595628415302,sketch_mad,6000,336000,200,0,4.0,10,0,1.5,casewise_cauchy,500,strong,184024,completed,0.927753210579129,4749.121468726223,retention_audit,3.054494019614347,0.9921034947851771
5208512,512,0.0029408787203887427,3.288230792862618,0.9039036416162957,0,109800,"{'phase': 'estimating', 'ready': True, 'total_seen': 6000, 'epoch_index': 0, 'epoch_seen': 6000, 'calibration_count': 512, 'effective_n': 5488, 'serving_epoch': 0, 'serving_n': 5488, 'basis_rank': 20, 'parallel_radius': 14.765220916334496, 'residual_radius': 12.646500587941045, 'marginal_clipped_coordinates': 88702, 'parallel_clipped_rows': 43, 'residual_clipped_rows': 993, 'state_bytes': 100800, 'calibration_peak_state_bytes_bound': 5208512, 'epoch_history': []}",5488,0.624823533,20,88702,3.0,0.21860655737704918,dual_bound,6000,336000,200,43,4.0,10,993,1.5,casewise_cauchy,500,strong,100800,completed,0.5714772608496601,9602.71129864758,retention_audit,3.430985727014193,0.9102059707865122
0,512,0.0018271323652833845,2.1973348238280934,0.99586177069952,0,109767,"{'effective_n': 6000, 'trim_mode': 'iqr'}",6000,10.07918412,20,0,3.0,0.2370931154172019,sketch_iqr,6000,336000,200,0,4.0,10,0,1.5,cellwise_cauchy,500,strong,184024,completed,0.8196990659024161,595.2862779929056,retention_audit,3.107364954218893,0.9970302599986717
0,512,0.001461155551152827,2.198704307488192,0.9958444872029527,0,109767,"{'effective_n': 6000, 'trim_mode': 'mad'}",6000,1.186640395,20,0,3.0,0.23585412737890257,sketch_mad,6000,336000,200,0,4.0,10,0,1.5,cellwise_cauchy,500,strong,184024,completed,0.818630268516527,5056.291716750466,retention_audit,3.106626292521453,0.9970092853534709
5208512,512,0.0029428051097705786,2.74944136480604,0.9705122552181729,0,109767,"{'phase': 'estimating', 'ready': True, 'total_seen': 6000, 'epoch_index': 0, 'epoch_seen': 6000, 'calibration_count': 512, 'effective_n': 5488, 'serving_epoch': 0, 'serving_n': 5488, 'basis_rank': 20, 'parallel_radius': 14.765220916334496, 'residual_radius': 12.646500587941045, 'marginal_clipped_coordinates': 88902, 'parallel_clipped_rows': 1, 'residual_clipped_rows': 5488, 'state_bytes': 100800, 'calibration_peak_state_bytes_bound': 5208512, 'epoch_history': []}",5488,0.783567319,20,88902,3.0,0.21656782092978763,dual_bound,6000,336000,200,1,4.0,10,5488,1.5,cellwise_cauchy,500,strong,100800,completed,0.6431289608638862,7657.287197298233,retention_audit,3.3330153026365164,0.9723595642652583
0,512,0.0051577692166574944,3.564148184951574,0.9120220745012405,0,109800,"{'effective_n': 6000, 'trim_mode': 'iqr'}",6000,10.524204524,20,0,3.0,1.0,sketch_iqr,6000,336000,200,0,4.0,10,0,1.5,bounded_out_of_subspace,500,strong,184024,completed,0.5391142992812195,570.1143479601956,retention_audit,3.134727889875196,0.8250065804590112
0,512,0.004561548339754174,3.562994235138064,0.9118884282602239,0,109800,"{'effective_n': 6000, 'trim_mode': 'mad'}",6000,1.298709789,20,0,3.0,1.0,sketch_mad,6000,336000,200,0,4.0,10,0,1.5,bounded_out_of_subspace,500,strong,184024,completed,0.5390723723510394,4619.969796808855,retention_audit,3.134123762202931,0.8250903042995462
5208512,512,0.0029408787203887427,3.7207528922934228,0.9322530721886655,0,109800,"{'phase': 'estimating', 'ready': True, 'total_seen': 6000, 'epoch_index': 0, 'epoch_seen': 6000, 'calibration_count': 512, 'effective_n': 5488, 'serving_epoch': 0, 'serving_n': 5488, 'basis_rank': 20, 'parallel_radius': 14.765220916334496, 'residual_radius': 12.646500587941045, 'marginal_clipped_coordinates': 2905, 'parallel_clipped_rows': 1, 'residual_clipped_rows': 444, 'state_bytes': 100800, 'calibration_peak_state_bytes_bound': 5208512, 'epoch_history': []}",5488,0.6544688,20,2905,3.0,1.0,dual_bound,6000,336000,200,1,4.0,10,444,1.5,bounded_out_of_subspace,500,strong,100800,completed,0.5984460369534206,9167.740310920857,retention_audit,3.192490252569211,0.8370138443781489
0,512,0.004350577875619152,5.076629430408025,0.9497512318838922,0,109800,"{'effective_n': 6000, 'trim_mode': 'iqr'}",6000,1.243540344,20,0,3.0,1.0,sketch_iqr,6000,336000,200,0,4.0,10,0,1.5,in_subspace_leverage,500,strong,184024,completed,0.562195608529022,4824.933930732207,retention_audit,3.514535212712733,0.5746377832981631
0,512,0.003801137405980554,5.075800289421859,0.9497755199091035,0,109800,"{'effective_n': 6000, 'trim_mode': 'mad'}",6000,1.121481365,20,0,3.0,1.0,sketch_mad,6000,336000,200,0,4.0,10,0,1.5,in_subspace_leverage,500,strong,184024,completed,0.5621463945162058,5350.066605877129,retention_audit,3.5145567708915753,0.5748115982929121
5208512,512,0.0029408787203887427,5.319196971273848,0.9829586279819943,0,109800,"{'phase': 'estimating', 'ready': True, 'total_seen': 6000, 'epoch_index': 0, 'epoch_seen': 6000, 'calibration_count': 512, 'effective_n': 5488, 'serving_epoch': 0, 'serving_n': 5488, 'basis_rank': 20, 'parallel_radius': 14.765220916334496, 'residual_radius': 12.646500587941045, 'marginal_clipped_coordinates': 2905, 'parallel_clipped_rows': 1, 'residual_clipped_rows': 444, 'state_bytes': 100800, 'calibration_peak_state_bytes_bound': 5208512, 'epoch_history': []}",5488,0.638233656,20,2905,3.0,1.0,dual_bound,6000,336000,200,1,4.0,10,444,1.5,in_subspace_leverage,500,strong,100800,completed,0.619450617614957,9400.945787791548,retention_audit,3.559775290580693,0.5805061947454988
0,512,0.004729407448174647,3.5037322257085335,0.9118052321130955,0,109800,"{'effective_n': 6000, 'trim_mode': 'iqr'}",6000,1.209538324,20,0,3.0,0.9602185792349727,sketch_iqr,6000,336000,200,0,4.0,10,0,1.5,mixed,500,strong,184024,completed,0.5475608638350915,4960.570393633927,retention_audit,3.2375624834087766,0.8506400203763061
0,512,0.004281783159053385,3.502725405645621,0.9116858489310918,0,109800,"{'effective_n': 6000, 'trim_mode': 'mad'}",6000,1.13446364,20,0,3.0,0.9601912568306011,sketch_mad,6000,336000,200,0,4.0,10,0,1.5,mixed,500,strong,184024,completed,0.5473490560185761,5288.842928452074,retention_audit,3.2367619309066407,0.8506064506883758
5208512,512,0.0029408787203887427,3.386620232562016,0.9200969944417364,0,109800,"{'phase': 'estimating', 'ready': True, 'total_seen': 6000, 'epoch_index': 0, 'epoch_seen': 6000, 'calibration_count': 512, 'effective_n': 5488, 'serving_epoch': 0, 'serving_n': 5488, 'basis_rank': 20, 'parallel_radius': 14.765220916334496, 'residual_radius': 12.646500587941045, 'marginal_clipped_coordinates': 7250, 'parallel_clipped_rows': 1, 'residual_clipped_rows': 717, 'state_bytes': 100800, 'calibration_peak_state_bytes_bound': 5208512, 'epoch_history': []}",5488,0.667165608,20,7250,3.0,0.9604280510018215,dual_bound,6000,336000,200,1,4.0,10,717,1.5,mixed,500,strong,100800,completed,0.5935460310694428,8993.26932931471,retention_audit,3.1194376241297905,0.8783240598475673
0,512,0.0036016666666666666,3.2720578956844815,0.998245919052987,0,0,"{'effective_n': 6000, 'trim_mode': 'iqr'}",6000,1.235332621,20,0,3.0,,sketch_iqr,6000,336000,200,0,4.0,10,0,1.5,clean,500,weak,184024,completed,0.9220750268286689,4856.991467725517,retention_audit,3.2792231972707926,0.9982402728893564
0,512,0.0030808333333333334,3.271659568619229,0.9982450224043637,0,0,"{'effective_n': 6000, 'trim_mode': 'mad'}",6000,1.172044048,20,0,3.0,,sketch_mad,6000,336000,200,0,4.0,10,0,1.5,clean,500,weak,184024,completed,0.9220981906352522,5119.261524546388,retention_audit,3.2788231809429447,0.9982402108327484
5208512,512,0.003317237609329446,2.750358848389413,0.9968527931147253,0,0,"{'phase': 'estimating', 'ready': True, 'total_seen': 6000, 'epoch_index': 0, 'epoch_seen': 6000, 'calibration_count': 512, 'effective_n': 5488, 'serving_epoch': 0, 'serving_n': 5488, 'basis_rank': 20, 'parallel_radius': 8.27399924511429, 'residual_radius': 14.356676328863644, 'marginal_clipped_coordinates': 3641, 'parallel_clipped_rows': 0, 'residual_clipped_rows': 496, 'state_bytes': 100800, 'calibration_peak_state_bytes_bound': 5208512, 'epoch_history': []}",5488,0.669019671,20,3641,3.0,,dual_bound,6000,336000,200,0,4.0,10,496,1.5,clean,500,weak,100800,completed,0.9249821314298297,8968.346163920192,retention_audit,2.7484175218566773,0.996818614106673
0,512,0.001969363419556045,3.4523975111621885,0.9869613409685537,0,109800,"{'effective_n': 6000, 'trim_mode': 'iqr'}",6000,1.295317997,20,0,3.0,0.2116120218579235,sketch_iqr,6000,336000,200,0,4.0,10,0,1.5,casewise_cauchy,500,weak,184024,completed,0.9683318817068005,4632.0671942304525,retention_audit,3.4304487562194077,0.99053663921144
0,512,0.001514401027334434,3.4579887452592954,0.9870948964887705,0,109800,"{'effective_n': 6000, 'trim_mode': 'mad'}",6000,1.198009004,20,0,3.0,0.21030054644808743,sketch_mad,6000,336000,200,0,4.0,10,0,1.5,casewise_cauchy,500,weak,184024,completed,0.9682533054812861,5008.3096036563675,retention_audit,3.437145545407265,0.9905972268871424
5208512,512,0.0033468313423769993,2.729868650861928,0.9964539487299703,0,109800,"{'phase': 'estimating', 'ready': True, 'total_seen': 6000, 'epoch_index': 0, 'epoch_seen': 6000, 'calibration_count': 512, 'effective_n': 5488, 'serving_epoch': 0, 'serving_n': 5488, 'basis_rank': 20, 'parallel_radius': 8.27399924511429, 'residual_radius': 14.356676328863644, 'marginal_clipped_coordinates': 92076, 'parallel_clipped_rows': 540, 'residual_clipped_rows': 1008, 'state_bytes': 100800, 'calibration_peak_state_bytes_bound': 5208512, 'epoch_history': []}",5488,0.655260405,20,92076,3.0,0.19153005464480874,dual_bound,6000,336000,200,540,4.0,10,1008,1.5,casewise_cauchy,500,weak,100800,completed,0.926489125387836,9156.664975049118,retention_audit,2.7406742641733155,0.9964709364156644
0,512,0.001991721192060271,3.2484363387762993,0.9970392908751392,0,109988,"{'effective_n': 6000, 'trim_mode': 'iqr'}",6000,1.238155093,20,0,3.0,0.21158671855111466,sketch_iqr,6000,336000,200,0,4.0,10,0,1.5,cellwise_cauchy,500,weak,184024,completed,0.9488046886919985,4845.919573340559,retention_audit,3.3667493332635012,0.9981828874072154
0,512,0.0015421848566804768,3.2491645462500593,0.997053488456432,0,109988,"{'effective_n': 6000, 'trim_mode': 'mad'}",6000,1.177052972,20,0,3.0,0.21052296614176091,sketch_mad,6000,336000,200,0,4.0,10,0,1.5,cellwise_cauchy,500,weak,184024,completed,0.9486225933897995,5097.476615521429,retention_audit,3.367149322296282,0.998183102990889
5208512,512,0.0033312677448228654,2.8044747057231065,0.9964641846791068,0,109988,"{'phase': 'estimating', 'ready': True, 'total_seen': 6000, 'epoch_index': 0, 'epoch_seen': 6000, 'calibration_count': 512, 'effective_n': 5488, 'serving_epoch': 0, 'serving_n': 5488, 'basis_rank': 20, 'parallel_radius': 8.27399924511429, 'residual_radius': 14.356676328863644, 'marginal_clipped_coordinates': 92128, 'parallel_clipped_rows': 52, 'residual_clipped_rows': 5483, 'state_bytes': 100800, 'calibration_peak_state_bytes_bound': 5208512, 'epoch_history': []}",5488,0.660430763,20,92128,3.0,0.19229370476779284,dual_bound,6000,336000,200,52,4.0,10,5483,1.5,cellwise_cauchy,500,weak,100800,completed,0.9467364225922972,9084.979586270423,retention_audit,2.853508786361214,0.9968233598404878
0,512,0.004837644468904788,10.55717100423066,1.1761913727345097,0,109800,"{'effective_n': 6000, 'trim_mode': 'iqr'}",6000,1.248190721,20,0,3.0,1.0,sketch_iqr,6000,336000,200,0,4.0,10,0,1.5,bounded_out_of_subspace,500,weak,184024,completed,0.9493072118682176,4806.9577020994375,retention_audit,7.284019460629158,0.6992121414935603
0,512,0.004195560447624289,10.556541743808491,1.1761422569151112,0,109800,"{'effective_n': 6000, 'trim_mode': 'mad'}",6000,1.207496213,20,0,3.0,1.0,sketch_mad,6000,336000,200,0,4.0,10,0,1.5,bounded_out_of_subspace,500,weak,184024,completed,0.9493168615920607,4968.959683188671,retention_audit,7.286042017811227,0.6994930578226692
5208512,512,0.0033468313423769993,10.033129860224163,1.2094699441638141,0,109800,"{'phase': 'estimating', 'ready': True, 'total_seen': 6000, 'epoch_index': 0, 'epoch_seen': 6000, 'calibration_count': 512, 'effective_n': 5488, 'serving_epoch': 0, 'serving_n': 5488, 'basis_rank': 20, 'parallel_radius': 8.27399924511429, 'residual_radius': 14.356676328863644, 'marginal_clipped_coordinates': 3306, 'parallel_clipped_rows': 0, 'residual_clipped_rows': 459, 'state_bytes': 100800, 'calibration_peak_state_bytes_bound': 5208512, 'epoch_history': []}",5488,0.677041747,20,3306,3.0,1.0,dual_bound,6000,336000,200,0,4.0,10,459,1.5,bounded_out_of_subspace,500,weak,100800,completed,0.9470801512734819,8862.08276902606,retention_audit,6.553553866582222,0.6742458238919525
0,512,0.005394423041643735,10.186782875238467,1.0371379953196498,0,109800,"{'effective_n': 6000, 'trim_mode': 'iqr'}",6000,1.190269916,20,0,3.0,1.0,sketch_iqr,6000,336000,200,0,4.0,10,0,1.5,in_subspace_leverage,500,weak,184024,completed,0.9063840137606061,5040.873434962965,retention_audit,7.672795440733066,0.7566117684194359
0,512,0.004751421757475693,10.186181441004294,1.0371174923509043,0,109800,"{'effective_n': 6000, 'trim_mode': 'mad'}",6000,1.219342819,20,0,3.0,1.0,sketch_mad,6000,336000,200,0,4.0,10,0,1.5,in_subspace_leverage,500,weak,184024,completed,0.9063653484371426,4920.68342594635,retention_audit,7.674320202639028,0.7568519208437449
5208512,512,0.0033468313423769993,9.49432530292145,1.0490187092537404,0,109800,"{'phase': 'estimating', 'ready': True, 'total_seen': 6000, 'epoch_index': 0, 'epoch_seen': 6000, 'calibration_count': 512, 'effective_n': 5488, 'serving_epoch': 0, 'serving_n': 5488, 'basis_rank': 20, 'parallel_radius': 8.27399924511429, 'residual_radius': 14.356676328863644, 'marginal_clipped_coordinates': 3306, 'parallel_clipped_rows': 0, 'residual_clipped_rows': 459, 'state_bytes': 100800, 'calibration_peak_state_bytes_bound': 5208512, 'epoch_history': []}",5488,0.621687021,20,3306,3.0,1.0,dual_bound,6000,336000,200,0,4.0,10,459,1.5,in_subspace_leverage,500,weak,100800,completed,0.9048159623160561,9651.15853689344,retention_audit,6.842048683212899,0.7443891500037029
0,512,0.004478077416987709,10.527646496582475,1.1243827089516145,0,109800,"{'effective_n': 6000, 'trim_mode': 'iqr'}",6000,1.250955982,20,0,3.0,0.9602003642987249,sketch_iqr,6000,336000,200,0,4.0,10,0,1.5,mixed,500,weak,184024,completed,0.946939151960461,4796.331834480168,retention_audit,7.764853898775165,0.7504918792887637
0,512,0.003975417354613832,10.524939488979204,1.1244129793356592,0,109800,"{'effective_n': 6000, 'trim_mode': 'mad'}",6000,1.286340522,20,0,3.0,0.9601730418943534,sketch_mad,6000,336000,200,0,4.0,10,0,1.5,mixed,500,weak,184024,completed,0.9469505825210318,4664.39476746889,retention_audit,7.764101673748071,0.7506103060008669
5208512,512,0.0033468313423769993,9.658623868063355,1.1060644957985795,0,109800,"{'phase': 'estimating', 'ready': True, 'total_seen': 6000, 'epoch_index': 0, 'epoch_seen': 6000, 'calibration_count': 512, 'effective_n': 5488, 'serving_epoch': 0, 'serving_n': 5488, 'basis_rank': 20, 'parallel_radius': 8.27399924511429, 'residual_radius': 14.356676328863644, 'marginal_clipped_coordinates': 7693, 'parallel_clipped_rows': 0, 'residual_clipped_rows': 730, 'state_bytes': 100800, 'calibration_peak_state_bytes_bound': 5208512, 'epoch_history': []}",5488,0.737299753,20,7693,3.0,0.9600455373406193,dual_bound,6000,336000,200,0,4.0,10,730,1.5,mixed,500,weak,100800,completed,0.9433759235343967,8137.80280759161,retention_audit,7.00268985270372,0.7612929460948721
0,512,0.0033783333333333334,3.1817335259160995,0.8538812278278032,0,0,"{'effective_n': 6000, 'trim_mode': 'iqr'}",6000,1.24388095,20,0,3.0,,sketch_iqr,6000,336000,200,0,4.0,10,0,1.5,clean,501,strong,184024,completed,0.47045694307666147,4823.61274203934,retention_audit,3.178226839798516,0.8529172491998424
0,512,0.002936666666666667,3.181708304978647,0.8537615863181787,0,0,"{'effective_n': 6000, 'trim_mode': 'mad'}",6000,1.338761881,20,0,3.0,,sketch_mad,6000,336000,200,0,4.0,10,0,1.5,clean,501,strong,184024,completed,0.47046530853602114,4481.752942889476,retention_audit,3.1780550067663436,0.8528709892202997
5208512,512,0.002967383381924198,3.084375983887396,0.878393201658653,0,0,"{'phase': 'estimating', 'ready': True, 'total_seen': 6000, 'epoch_index': 0, 'epoch_seen': 6000, 'calibration_count': 512, 'effective_n': 5488, 'serving_epoch': 0, 'serving_n': 5488, 'basis_rank': 20, 'parallel_radius': 15.291119312629386, 'residual_radius': 12.611933943021127, 'marginal_clipped_coordinates': 3257, 'parallel_clipped_rows': 0, 'residual_clipped_rows': 594, 'state_bytes': 100800, 'calibration_peak_state_bytes_bound': 5208512, 'epoch_history': []}",5488,0.644944317,20,3257,3.0,,dual_bound,6000,336000,200,0,4.0,10,594,1.5,clean,501,strong,100800,completed,0.5089127473094561,9303.128722661495,retention_audit,3.073331010130572,0.8826899717037274
0,512,0.0018180150431113557,2.4182575874005763,0.9907472317382886,0,109800,"{'effective_n': 6000, 'trim_mode': 'iqr'}",6000,1.33317967,20,0,3.0,0.23855191256830602,sketch_iqr,6000,336000,200,0,4.0,10,0,1.5,casewise_cauchy,501,strong,184024,completed,0.92157711421666,4500.518673525827,retention_audit,3.088908781453827,0.9918931740966153
0,512,0.0014731241973949733,2.4166467524395046,0.9907477180215781,0,109800,"{'effective_n': 6000, 'trim_mode': 'mad'}",6000,1.231880185,20,0,3.0,0.23719489981785064,sketch_mad,6000,336000,200,0,4.0,10,0,1.5,casewise_cauchy,501,strong,184024,completed,0.9207677808249805,4870.603548185167,retention_audit,3.0842576401501343,0.99189556301671
5208512,512,0.0029621380846325167,3.105513376114987,0.907991979471703,0,109800,"{'phase': 'estimating', 'ready': True, 'total_seen': 6000, 'epoch_index': 0, 'epoch_seen': 6000, 'calibration_count': 512, 'effective_n': 5488, 'serving_epoch': 0, 'serving_n': 5488, 'basis_rank': 20, 'parallel_radius': 15.291119312629386, 'residual_radius': 12.611933943021127, 'marginal_clipped_coordinates': 88694, 'parallel_clipped_rows': 28, 'residual_clipped_rows': 1086, 'state_bytes': 100800, 'calibration_peak_state_bytes_bound': 5208512, 'epoch_history': []}",5488,0.729423948,20,88694,3.0,0.21887067395264118,dual_bound,6000,336000,200,28,4.0,10,1086,1.5,casewise_cauchy,501,strong,100800,completed,0.5844354370798353,8225.669059058642,retention_audit,3.2399793925329727,0.915601901483511
0,512,0.0018494462669807789,2.3492432178159386,0.9953236317276055,0,109944,"{'effective_n': 6000, 'trim_mode': 'iqr'}",6000,1.351673197,20,0,3.0,0.23744815542457978,sketch_iqr,6000,336000,200,0,4.0,10,0,1.5,cellwise_cauchy,501,strong,184024,completed,0.789587469279358,4438.942795726681,retention_audit,3.338477850456188,0.9967758775967283
0,512,0.001490749099128852,2.3505916696083937,0.9952917929510947,0,109944,"{'effective_n': 6000, 'trim_mode': 'mad'}",6000,1.284236862,20,0,3.0,0.23604744233427927,sketch_mad,6000,336000,200,0,4.0,10,0,1.5,cellwise_cauchy,501,strong,184024,completed,0.7884055055170416,4672.0353367337,retention_audit,3.3365345572940224,0.9967411299958175
5208512,512,0.002963582461909815,2.732966729343368,0.9711579465109396,0,109944,"{'phase': 'estimating', 'ready': True, 'total_seen': 6000, 'epoch_index': 0, 'epoch_seen': 6000, 'calibration_count': 512, 'effective_n': 5488, 'serving_epoch': 0, 'serving_n': 5488, 'basis_rank': 20, 'parallel_radius': 15.291119312629386, 'residual_radius': 12.611933943021127, 'marginal_clipped_coordinates': 88917, 'parallel_clipped_rows': 0, 'residual_clipped_rows': 5487, 'state_bytes': 100800, 'calibration_peak_state_bytes_bound': 5208512, 'epoch_history': []}",5488,0.671791737,20,88917,3.0,0.21787455431856217,dual_bound,6000,336000,200,0,4.0,10,5487,1.5,cellwise_cauchy,501,strong,100800,completed,0.6345335013818432,8931.339386212188,retention_audit,3.271838451331701,0.9731449215320958
0,512,0.004716565767749037,4.185541515106249,0.9885961322659376,0,109800,"{'effective_n': 6000, 'trim_mode': 'iqr'}",6000,1.428322212,20,0,3.0,1.0,sketch_iqr,6000,336000,200,0,4.0,10,0,1.5,bounded_out_of_subspace,501,strong,184024,completed,0.5717043935969965,4200.732824562418,retention_audit,3.2523816320575656,0.7313623294058659
0,512,0.004155200880572372,4.183918685656452,0.9884429433813493,0,109800,"{'effective_n': 6000, 'trim_mode': 'mad'}",6000,1.27374768,20,0,3.0,1.0,sketch_mad,6000,336000,200,0,4.0,10,0,1.5,bounded_out_of_subspace,501,strong,184024,completed,0.5716776294855817,4710.509070367845,retention_audit,3.251582063175203,0.7314760396811988
5208512,512,0.0029621380846325167,4.429576961010703,1.0259119526950375,0,109800,"{'phase': 'estimating', 'ready': True, 'total_seen': 6000, 'epoch_index': 0, 'epoch_seen': 6000, 'calibration_count': 512, 'effective_n': 5488, 'serving_epoch': 0, 'serving_n': 5488, 'basis_rank': 20, 'parallel_radius': 15.291119312629386, 'residual_radius': 12.611933943021127, 'marginal_clipped_coordinates': 2926, 'parallel_clipped_rows': 0, 'residual_clipped_rows': 537, 'state_bytes': 100800, 'calibration_peak_state_bytes_bound': 5208512, 'epoch_history': []}",5488,0.770765489,20,2926,3.0,1.0,dual_bound,6000,336000,200,0,4.0,10,537,1.5,bounded_out_of_subspace,501,strong,100800,completed,0.6335347443676383,7784.468928135935,retention_audit,3.325156555362155,0.7290344705765058
0,512,0.0040845716382315175,5.165035149511003,0.9738453297711518,0,109800,"{'effective_n': 6000, 'trim_mode': 'iqr'}",6000,1.305356782,20,0,3.0,1.0,sketch_iqr,6000,336000,200,0,4.0,10,0,1.5,in_subspace_leverage,501,strong,184024,completed,0.5629718791488335,4596.444499110129,retention_audit,3.4777098471053334,0.5604221251178344
0,512,0.003572738946982205,5.163069088076232,0.9737616951941341,0,109800,"{'effective_n': 6000, 'trim_mode': 'mad'}",6000,1.18388707,20,0,3.0,1.0,sketch_mad,6000,336000,200,0,4.0,10,0,1.5,in_subspace_leverage,501,strong,184024,completed,0.5629197956111076,5068.050958610436,retention_audit,3.4769516756568155,0.5605801334091146
5208512,512,0.0029621380846325167,5.383160804158569,1.0144248200917176,0,109800,"{'phase': 'estimating', 'ready': True, 'total_seen': 6000, 'epoch_index': 0, 'epoch_seen': 6000, 'calibration_count': 512, 'effective_n': 5488, 'serving_epoch': 0, 'serving_n': 5488, 'basis_rank': 20, 'parallel_radius': 15.291119312629386, 'residual_radius': 12.611933943021127, 'marginal_clipped_coordinates': 2926, 'parallel_clipped_rows': 0, 'residual_clipped_rows': 537, 'state_bytes': 100800, 'calibration_peak_state_bytes_bound': 5208512, 'epoch_history': []}",5488,0.581148693,20,2926,3.0,1.0,dual_bound,6000,336000,200,0,4.0,10,537,1.5,in_subspace_leverage,501,strong,100800,completed,0.5998853927123085,10324.3800980208,retention_audit,3.4951044454108944,0.5633835823225
0,512,0.004317556411667584,4.1395797677722355,0.9692856106044995,0,109800,"{'effective_n': 6000, 'trim_mode': 'iqr'}",6000,1.305440692,20,0,3.0,0.9591803278688524,sketch_iqr,6000,336000,200,0,4.0,10,0,1.5,mixed,501,strong,184024,completed,0.5797990539069421,4596.149052782859,retention_audit,3.44843627493447,0.7731588900480949
0,512,0.0039011190607228033,4.137440206683038,0.9691200372886365,0,109800,"{'effective_n': 6000, 'trim_mode': 'mad'}",6000,1.154152353,20,0,3.0,0.9591347905282331,sketch_mad,6000,336000,200,0,4.0,10,0,1.5,mixed,501,strong,184024,completed,0.5796191375476252,5198.620428580454,retention_audit,3.446497999347461,0.7731101404027327
5208512,512,0.0029621380846325167,3.933503085460455,0.9580261251086637,0,109800,"{'phase': 'estimating', 'ready': True, 'total_seen': 6000, 'epoch_index': 0, 'epoch_seen': 6000, 'calibration_count': 512, 'effective_n': 5488, 'serving_epoch': 0, 'serving_n': 5488, 'basis_rank': 20, 'parallel_radius': 15.291119312629386, 'residual_radius': 12.611933943021127, 'marginal_clipped_coordinates': 7398, 'parallel_clipped_rows': 0, 'residual_clipped_rows': 812, 'state_bytes': 100800, 'calibration_peak_state_bytes_bound': 5208512, 'epoch_history': []}",5488,0.78252578,20,7398,3.0,0.959271402550091,dual_bound,6000,336000,200,0,4.0,10,812,1.5,mixed,501,strong,100800,completed,0.6209592171606493,7667.479019029891,retention_audit,3.2848706795706866,0.8126816188543429
0,512,0.003448333333333333,3.337021536623561,0.9981932422358002,0,0,"{'effective_n': 6000, 'trim_mode': 'iqr'}",6000,1.286010417,20,0,3.0,,sketch_iqr,6000,336000,200,0,4.0,10,0,1.5,clean,501,weak,184024,completed,0.8848271631849733,4665.592067284164,retention_audit,3.3431974584338366,0.9981846078928848
0,512,0.003,3.337051177803194,0.9981935304768205,0,0,"{'effective_n': 6000, 'trim_mode': 'mad'}",6000,1.177163592,20,0,3.0,,sketch_mad,6000,336000,200,0,4.0,10,0,1.5,clean,501,weak,184024,completed,0.8848131110365332,5096.997597254945,retention_audit,3.34327521070901,0.998186207547364
5208512,512,0.0032206632653061225,2.7187223293377576,0.9964525108992032,0,0,"{'phase': 'estimating', 'ready': True, 'total_seen': 6000, 'epoch_index': 0, 'epoch_seen': 6000, 'calibration_count': 512, 'effective_n': 5488, 'serving_epoch': 0, 'serving_n': 5488, 'basis_rank': 20, 'parallel_radius': 8.137895367974837, 'residual_radius': 14.39184192732909, 'marginal_clipped_coordinates': 3535, 'parallel_clipped_rows': 0, 'residual_clipped_rows': 472, 'state_bytes': 100800, 'calibration_peak_state_bytes_bound': 5208512, 'epoch_history': []}",5488,0.706680723,20,3535,3.0,,dual_bound,6000,336000,200,0,4.0,10,472,1.5,clean,501,weak,100800,completed,0.8992992733323614,8490.39715492565,retention_audit,2.716937091344077,0.996401759741261
0,512,0.0019345074298293891,3.6890724218079263,0.9889895053347901,0,109800,"{'effective_n': 6000, 'trim_mode': 'iqr'}",6000,1.223907348,20,0,3.0,0.21138433515482696,sketch_iqr,6000,336000,200,0,4.0,10,0,1.5,casewise_cauchy,501,weak,184024,completed,0.9693015162860669,4902.3318716115755,retention_audit,3.669386184035607,0.9921144858979685
0,512,0.0015327462850853054,3.694685551099585,0.9891176984201295,0,109800,"{'effective_n': 6000, 'trim_mode': 'mad'}",6000,1.298981107,20,0,3.0,0.21,sketch_mad,6000,336000,200,0,4.0,10,0,1.5,casewise_cauchy,501,weak,184024,completed,0.9692293118141235,4619.004824371168,retention_audit,3.6763938247819374,0.9921720349633011
5208512,512,0.0032212998582709053,2.7327687511663785,0.9964472784465911,0,109800,"{'phase': 'estimating', 'ready': True, 'total_seen': 6000, 'epoch_index': 0, 'epoch_seen': 6000, 'calibration_count': 512, 'effective_n': 5488, 'serving_epoch': 0, 'serving_n': 5488, 'basis_rank': 20, 'parallel_radius': 8.137895367974837, 'residual_radius': 14.39184192732909, 'marginal_clipped_coordinates': 91923, 'parallel_clipped_rows': 544, 'residual_clipped_rows': 979, 'state_bytes': 100800, 'calibration_peak_state_bytes_bound': 5208512, 'epoch_history': []}",5488,0.700349685,20,91923,3.0,0.19179417122040074,dual_bound,6000,336000,200,544,4.0,10,979,1.5,casewise_cauchy,501,weak,100800,completed,0.9067069330828603,8567.148852219445,retention_audit,2.750083574930886,0.996483960934591
0,512,0.0018982609214226406,3.4279992222093303,0.9971226724240319,0,110055,"{'effective_n': 6000, 'trim_mode': 'iqr'}",6000,1.244594996,20,0,3.0,0.2121666439507519,sketch_iqr,6000,336000,200,0,4.0,10,0,1.5,cellwise_cauchy,501,weak,184024,completed,0.9358446919844611,4820.8453507232325,retention_audit,3.5546479805908526,0.9982610736037109
0,512,0.0014771387547078063,3.4279276961613907,0.9971335736004212,0,110055,"{'effective_n': 6000, 'trim_mode': 'mad'}",6000,1.159500614,20,0,3.0,0.21096724365090183,sketch_mad,6000,336000,200,0,4.0,10,0,1.5,cellwise_cauchy,501,weak,184024,completed,0.9356988466395187,5174.641503035893,retention_audit,3.5541946421736315,0.998258366175756
5208512,512,0.0032099803046949757,2.7178052675860456,0.9960171041208706,0,110055,"{'phase': 'estimating', 'ready': True, 'total_seen': 6000, 'epoch_index': 0, 'epoch_seen': 6000, 'calibration_count': 512, 'effective_n': 5488, 'serving_epoch': 0, 'serving_n': 5488, 'basis_rank': 20, 'parallel_radius': 8.137895367974837, 'residual_radius': 14.39184192732909, 'marginal_clipped_coordinates': 92061, 'parallel_clipped_rows': 62, 'residual_clipped_rows': 5476, 'state_bytes': 100800, 'calibration_peak_state_bytes_bound': 5208512, 'epoch_history': []}",5488,0.709380963,20,92061,3.0,0.19230384807596201,dual_bound,6000,336000,200,62,4.0,10,5476,1.5,cellwise_cauchy,501,weak,100800,completed,0.9295860545585545,8458.07868120081,retention_audit,2.7711589454466945,0.9964446962566994
0,512,0.005780590717299578,8.559306085585083,1.0007377661249022,0,109800,"{'effective_n': 6000, 'trim_mode': 'iqr'}",6000,1.240051926,20,0,3.0,1.0,sketch_iqr,6000,336000,200,0,4.0,10,0,1.5,bounded_out_of_subspace,501,weak,184024,completed,0.9112571675951313,4838.507061034152,retention_audit,7.46152492329326,0.9309956723201891
0,512,0.005152265639332233,8.556855903392824,1.0007242721075276,0,109800,"{'effective_n': 6000, 'trim_mode': 'mad'}",6000,1.183468418,20,0,3.0,1.0,sketch_mad,6000,336000,200,0,4.0,10,0,1.5,bounded_out_of_subspace,501,weak,184024,completed,0.9112128988937825,5069.843781838883,retention_audit,7.460715743445139,0.9311381913829252
5208512,512,0.0032212998582709053,7.4030366482843,1.0004766669948355,0,109800,"{'phase': 'estimating', 'ready': True, 'total_seen': 6000, 'epoch_index': 0, 'epoch_seen': 6000, 'calibration_count': 512, 'effective_n': 5488, 'serving_epoch': 0, 'serving_n': 5488, 'basis_rank': 20, 'parallel_radius': 8.137895367974837, 'residual_radius': 14.39184192732909, 'marginal_clipped_coordinates': 3182, 'parallel_clipped_rows': 0, 'residual_clipped_rows': 430, 'state_bytes': 100800, 'calibration_peak_state_bytes_bound': 5208512, 'epoch_history': []}",5488,0.724651574,20,3182,3.0,1.0,dual_bound,6000,336000,200,0,4.0,10,430,1.5,bounded_out_of_subspace,501,weak,100800,completed,0.9173840407862582,8279.841257889822,retention_audit,6.243003282756388,0.9214358769025478
0,512,0.004665199046046597,10.488581355745113,1.1680951574432048,0,109800,"{'effective_n': 6000, 'trim_mode': 'iqr'}",6000,1.252382956,20,0,3.0,1.0,sketch_iqr,6000,336000,200,0,4.0,10,0,1.5,in_subspace_leverage,501,weak,184024,completed,0.9038162683587267,4790.866860056502,retention_audit,6.8804881526017745,0.6409385269229843
0,512,0.004089157952669235,10.488151479014025,1.1680431101995998,0,109800,"{'effective_n': 6000, 'trim_mode': 'mad'}",6000,1.167057702,20,0,3.0,1.0,sketch_mad,6000,336000,200,0,4.0,10,0,1.5,in_subspace_leverage,501,weak,184024,completed,0.9038100185471265,5141.133972825622,retention_audit,6.882556824960754,0.6412245177004661
5208512,512,0.0032212998582709053,9.898008999554168,1.2020226635394988,0,109800,"{'phase': 'estimating', 'ready': True, 'total_seen': 6000, 'epoch_index': 0, 'epoch_seen': 6000, 'calibration_count': 512, 'effective_n': 5488, 'serving_epoch': 0, 'serving_n': 5488, 'basis_rank': 20, 'parallel_radius': 8.137895367974837, 'residual_radius': 14.39184192732909, 'marginal_clipped_coordinates': 3182, 'parallel_clipped_rows': 0, 'residual_clipped_rows': 430, 'state_bytes': 100800, 'calibration_peak_state_bytes_bound': 5208512, 'epoch_history': []}",5488,0.70703172,20,3182,3.0,1.0,dual_bound,6000,336000,200,0,4.0,10,430,1.5,in_subspace_leverage,501,weak,100800,completed,0.8994082182958748,8486.182204102526,retention_audit,6.144137893637244,0.6263736101416938
0,512,0.005264171711612548,8.002367145538853,0.9976088284453337,0,109800,"{'effective_n': 6000, 'trim_mode': 'iqr'}",6000,1.223524813,20,0,3.0,0.9593533697632058,sketch_iqr,6000,336000,200,0,4.0,10,0,1.5,mixed,501,weak,184024,completed,0.9099228427401872,4903.864585539876,retention_audit,7.160108693787438,0.9539786086607286
0,512,0.004787195010089892,8.006096342785945,0.9976123524463738,0,109800,"{'effective_n': 6000, 'trim_mode': 'mad'}",6000,1.312637144,20,0,3.0,0.959344262295082,sketch_mad,6000,336000,200,0,4.0,10,0,1.5,mixed,501,weak,184024,completed,0.9098217453537263,4570.950949716535,retention_audit,7.164489674952178,0.9540163224079857
5208512,512,0.0032212998582709053,6.47560111885657,0.9959129350297404,0,109800,"{'phase': 'estimating', 'ready': True, 'total_seen': 6000, 'epoch_index': 0, 'epoch_seen': 6000, 'calibration_count': 512, 'effective_n': 5488, 'serving_epoch': 0, 'serving_n': 5488, 'basis_rank': 20, 'parallel_radius': 8.137895367974837, 'residual_radius': 14.39184192732909, 'marginal_clipped_coordinates': 7607, 'parallel_clipped_rows': 0, 'residual_clipped_rows': 558, 'state_bytes': 100800, 'calibration_peak_state_bytes_bound': 5208512, 'epoch_history': []}",5488,0.723051249,20,7607,3.0,0.9596994535519126,dual_bound,6000,336000,200,0,4.0,10,558,1.5,mixed,501,weak,100800,completed,0.9168380949335704,8298.166980968732,retention_audit,5.623351880367557,0.9508993960880737
0,512,0.0033216666666666668,3.1885713769830026,0.8526917230038501,0,0,"{'effective_n': 6000, 'trim_mode': 'iqr'}",6000,1.247946793,20,0,3.0,,sketch_iqr,6000,336000,200,0,4.0,10,0,1.5,clean,502,strong,184024,completed,0.43272379345866574,4807.897286691452,retention_audit,3.1920510623347185,0.8519561485368067
0,512,0.0028916666666666665,3.188636425970628,0.852609655871512,0,0,"{'effective_n': 6000, 'trim_mode': 'mad'}",6000,1.324019471,20,0,3.0,,sketch_mad,6000,336000,200,0,4.0,10,0,1.5,clean,502,strong,184024,completed,0.43268759812769525,4531.65541097998,retention_audit,3.1921617748660918,0.8519454119017079
5208512,512,0.003061224489795918,3.146030722511042,0.8696564412329407,0,0,"{'phase': 'estimating', 'ready': True, 'total_seen': 6000, 'epoch_index': 0, 'epoch_seen': 6000, 'calibration_count': 512, 'effective_n': 5488, 'serving_epoch': 0, 'serving_n': 5488, 'basis_rank': 20, 'parallel_radius': 15.13604778075622, 'residual_radius': 12.479334625729216, 'marginal_clipped_coordinates': 3360, 'parallel_clipped_rows': 0, 'residual_clipped_rows': 769, 'state_bytes': 100800, 'calibration_peak_state_bytes_bound': 5208512, 'epoch_history': []}",5488,0.695568365,20,3360,3.0,,dual_bound,6000,336000,200,0,4.0,10,769,1.5,clean,502,strong,100800,completed,0.4759513827676687,8626.039224771243,retention_audit,3.1347565818850702,0.8716587476696338
0,512,0.0018235186204366171,2.38030066943542,0.9892474495160751,0,109800,"{'effective_n': 6000, 'trim_mode': 'iqr'}",6000,1.244077116,20,0,3.0,0.23693078324225866,sketch_iqr,6000,336000,200,0,4.0,10,0,1.5,casewise_cauchy,502,strong,184024,completed,0.8976110432657455,4822.852155091004,retention_audit,3.089492523441804,0.9913491909246248
0,512,0.0014217574756925334,2.376532212392202,0.9892056931603659,0,109800,"{'effective_n': 6000, 'trim_mode': 'mad'}",6000,1.275600345,20,0,3.0,0.23528233151183972,sketch_mad,6000,336000,200,0,4.0,10,0,1.5,casewise_cauchy,502,strong,184024,completed,0.8962896314612706,4703.6675895536855,retention_audit,3.0824113417736045,0.9913143911232178
5208512,512,0.0030805831139906863,3.1366557081418214,0.8949389963750495,0,109800,"{'phase': 'estimating', 'ready': True, 'total_seen': 6000, 'epoch_index': 0, 'epoch_seen': 6000, 'calibration_count': 512, 'effective_n': 5488, 'serving_epoch': 0, 'serving_n': 5488, 'basis_rank': 20, 'parallel_radius': 15.13604778075622, 'residual_radius': 12.479334625729216, 'marginal_clipped_coordinates': 89188, 'parallel_clipped_rows': 38, 'residual_clipped_rows': 1251, 'state_bytes': 100800, 'calibration_peak_state_bytes_bound': 5208512, 'epoch_history': []}",5488,0.683740711,20,89188,3.0,0.21543715846994535,dual_bound,6000,336000,200,38,4.0,10,1251,1.5,casewise_cauchy,502,strong,100800,completed,0.5114280670383644,8775.25632666328,retention_audit,3.2642642135774302,0.901583949344119
0,512,0.0018135235469108181,2.1208981638071007,0.9951428597496461,0,109857,"{'effective_n': 6000, 'trim_mode': 'iqr'}",6000,1.323914285,20,0,3.0,0.2368169529479232,sketch_iqr,6000,336000,200,0,4.0,10,0,1.5,cellwise_cauchy,502,strong,184024,completed,0.7946483863818942,4532.015454459727,retention_audit,3.021629151759803,0.996568407206877
0,512,0.0014346741666001615,2.1200910497659162,0.9951152077404899,0,109857,"{'effective_n': 6000, 'trim_mode': 'mad'}",6000,1.286513019,20,0,3.0,0.23544243880681248,sketch_mad,6000,336000,200,0,4.0,10,0,1.5,cellwise_cauchy,502,strong,184024,completed,0.793469171352225,4663.769360580408,retention_audit,3.0172893821359486,0.9965356520916107
5208512,512,0.0030605127042155704,3.041398808754285,0.9618204072538179,0,109857,"{'phase': 'estimating', 'ready': True, 'total_seen': 6000, 'epoch_index': 0, 'epoch_seen': 6000, 'calibration_count': 512, 'effective_n': 5488, 'serving_epoch': 0, 'serving_n': 5488, 'basis_rank': 20, 'parallel_radius': 15.13604778075622, 'residual_radius': 12.479334625729216, 'marginal_clipped_coordinates': 89279, 'parallel_clipped_rows': 0, 'residual_clipped_rows': 5486, 'state_bytes': 100800, 'calibration_peak_state_bytes_bound': 5208512, 'epoch_history': []}",5488,0.659839641,20,89279,3.0,0.2148338294328081,dual_bound,6000,336000,200,0,4.0,10,5486,1.5,cellwise_cauchy,502,strong,100800,completed,0.6294616587156211,9093.11842936093,retention_audit,3.587606520857665,0.9638913299936945
0,512,0.005378829572555494,3.29189128253318,0.8976573800871905,0,109800,"{'effective_n': 6000, 'trim_mode': 'iqr'}",6000,1.276773961,20,0,3.0,1.0,sketch_iqr,6000,336000,200,0,4.0,10,0,1.5,bounded_out_of_subspace,502,strong,184024,completed,0.5060867547780734,4699.343958503552,retention_audit,2.957535496880106,0.8391042060997874
0,512,0.004767932489451477,3.2909100478326643,0.8975400464951889,0,109800,"{'effective_n': 6000, 'trim_mode': 'mad'}",6000,1.242708434,20,0,3.0,1.0,sketch_mad,6000,336000,200,0,4.0,10,0,1.5,bounded_out_of_subspace,502,strong,184024,completed,0.5060828058803538,4828.163900591987,retention_audit,2.9569497581049724,0.8391548686993585
5208512,512,0.0030805831139906863,3.3746675423153074,0.9152956861531868,0,109800,"{'phase': 'estimating', 'ready': True, 'total_seen': 6000, 'epoch_index': 0, 'epoch_seen': 6000, 'calibration_count': 512, 'effective_n': 5488, 'serving_epoch': 0, 'serving_n': 5488, 'basis_rank': 20, 'parallel_radius': 15.13604778075622, 'residual_radius': 12.479334625729216, 'marginal_clipped_coordinates': 3043, 'parallel_clipped_rows': 0, 'residual_clipped_rows': 702, 'state_bytes': 100800, 'calibration_peak_state_bytes_bound': 5208512, 'epoch_history': []}",5488,0.727919527,20,3043,3.0,1.0,dual_bound,6000,336000,200,0,4.0,10,702,1.5,bounded_out_of_subspace,502,strong,100800,completed,0.5376008342958216,8242.669385073386,retention_audit,2.9542051741718445,0.847383413237053
0,512,0.004257934323977252,5.0470707052842245,0.9895835200789815,0,109800,"{'effective_n': 6000, 'trim_mode': 'iqr'}",6000,1.322391266,20,0,3.0,1.0,sketch_iqr,6000,336000,200,0,4.0,10,0,1.5,in_subspace_leverage,502,strong,184024,completed,0.5209894999421739,4537.235048556348,retention_audit,3.339005280859911,0.5413111132702235
0,512,0.0036846450192625207,5.045886720239279,0.9895091221434174,0,109800,"{'effective_n': 6000, 'trim_mode': 'mad'}",6000,1.218523576,20,0,3.0,1.0,sketch_mad,6000,336000,200,0,4.0,10,0,1.5,in_subspace_leverage,502,strong,184024,completed,0.5209814621688567,4923.991720944758,retention_audit,3.338923607703587,0.5415133960113471
5208512,512,0.0030805831139906863,5.226849368679723,1.0332738364554437,0,109800,"{'phase': 'estimating', 'ready': True, 'total_seen': 6000, 'epoch_index': 0, 'epoch_seen': 6000, 'calibration_count': 512, 'effective_n': 5488, 'serving_epoch': 0, 'serving_n': 5488, 'basis_rank': 20, 'parallel_radius': 15.13604778075622, 'residual_radius': 12.479334625729216, 'marginal_clipped_coordinates': 3043, 'parallel_clipped_rows': 0, 'residual_clipped_rows': 702, 'state_bytes': 100800, 'calibration_peak_state_bytes_bound': 5208512, 'epoch_history': []}",5488,0.62493259,20,3043,3.0,1.0,dual_bound,6000,336000,200,0,4.0,10,702,1.5,in_subspace_leverage,502,strong,100800,completed,0.5650070818582642,9601.035529288047,retention_audit,3.316790981355367,0.5370631007436998
0,512,0.004920198128783709,3.223217436643831,0.9001330627806874,0,109800,"{'effective_n': 6000, 'trim_mode': 'iqr'}",6000,1.278959184,20,0,3.0,0.9610382513661202,sketch_iqr,6000,336000,200,0,4.0,10,0,1.5,mixed,502,strong,184024,completed,0.51002819715334,4691.314683893775,retention_audit,3.0472680006368695,0.8625751147101447
0,512,0.004458814896349294,3.2225832491326805,0.9000496650492634,0,109800,"{'effective_n': 6000, 'trim_mode': 'mad'}",6000,1.230864282,20,0,3.0,0.9610291438979963,sketch_mad,6000,336000,200,0,4.0,10,0,1.5,mixed,502,strong,184024,completed,0.509989192054738,4874.6235370895265,retention_audit,3.046665904776948,0.8625493090261742
5208512,512,0.0030805831139906863,3.116951502172514,0.9097085305582407,0,109800,"{'phase': 'estimating', 'ready': True, 'total_seen': 6000, 'epoch_index': 0, 'epoch_seen': 6000, 'calibration_count': 512, 'effective_n': 5488, 'serving_epoch': 0, 'serving_n': 5488, 'basis_rank': 20, 'parallel_radius': 15.13604778075622, 'residual_radius': 12.479334625729216, 'marginal_clipped_coordinates': 7308, 'parallel_clipped_rows': 0, 'residual_clipped_rows': 974, 'state_bytes': 100800, 'calibration_peak_state_bytes_bound': 5208512, 'epoch_history': []}",5488,0.664520444,20,7308,3.0,0.9611566484517304,dual_bound,6000,336000,200,0,4.0,10,974,1.5,mixed,502,strong,100800,completed,0.5326174517655288,9029.067584262313,retention_audit,2.9252797516528672,0.8811659368836058
0,512,0.00351,3.468898947878349,0.9982584991715355,0,0,"{'effective_n': 6000, 'trim_mode': 'iqr'}",6000,1.291270104,20,0,3.0,,sketch_iqr,6000,336000,200,0,4.0,10,0,1.5,clean,502,weak,184024,completed,0.9011540340719851,4646.587868342687,retention_audit,3.4739304105243343,0.9982473196170263
0,512,0.003106666666666667,3.469361218957698,0.998258866828381,0,0,"{'effective_n': 6000, 'trim_mode': 'mad'}",6000,1.245718378,20,0,3.0,,sketch_mad,6000,336000,200,0,4.0,10,0,1.5,clean,502,weak,184024,completed,0.90116344580587,4816.49793883028,retention_audit,3.4743803322866094,0.9982483321639849
5208512,512,0.0032425291545189502,2.8273506810543463,0.9967522351431221,0,0,"{'phase': 'estimating', 'ready': True, 'total_seen': 6000, 'epoch_index': 0, 'epoch_seen': 6000, 'calibration_count': 512, 'effective_n': 5488, 'serving_epoch': 0, 'serving_n': 5488, 'basis_rank': 20, 'parallel_radius': 8.57319876634983, 'residual_radius': 14.40539109711774, 'marginal_clipped_coordinates': 3559, 'parallel_clipped_rows': 1, 'residual_clipped_rows': 415, 'state_bytes': 100800, 'calibration_peak_state_bytes_bound': 5208512, 'epoch_history': []}",5488,0.663183486,20,3559,3.0,,dual_bound,6000,336000,200,1,4.0,10,415,1.5,clean,502,weak,100800,completed,0.9024451749165018,9047.269913473086,retention_audit,2.8236450687253876,0.9967333551313514
0,512,0.0018758026050266006,3.3278202086536486,0.9869156873530618,0,109800,"{'effective_n': 6000, 'trim_mode': 'iqr'}",6000,1.261403538,20,0,3.0,0.21041894353369764,sketch_iqr,6000,336000,200,0,4.0,10,0,1.5,casewise_cauchy,502,weak,184024,completed,0.9695778207156911,4756.606287559026,retention_audit,3.299064212797579,0.9906019054159313
0,512,0.0015052283984589984,3.328908259120323,0.9870136392064289,0,109800,"{'effective_n': 6000, 'trim_mode': 'mad'}",6000,1.179409398,20,0,3.0,0.20938979963570128,sketch_mad,6000,336000,200,0,4.0,10,0,1.5,casewise_cauchy,502,weak,184024,completed,0.9695458100654041,5087.292004095087,retention_audit,3.301198403067072,0.9906230779082023
5208512,512,0.0032354727677667543,2.9028241885538173,0.9965980724295886,0,109800,"{'phase': 'estimating', 'ready': True, 'total_seen': 6000, 'epoch_index': 0, 'epoch_seen': 6000, 'calibration_count': 512, 'effective_n': 5488, 'serving_epoch': 0, 'serving_n': 5488, 'basis_rank': 20, 'parallel_radius': 8.57319876634983, 'residual_radius': 14.40539109711774, 'marginal_clipped_coordinates': 92002, 'parallel_clipped_rows': 542, 'residual_clipped_rows': 922, 'state_bytes': 100800, 'calibration_peak_state_bytes_bound': 5208512, 'epoch_history': []}",5488,0.63077724,20,92002,3.0,0.19120218579234974,dual_bound,6000,336000,200,542,4.0,10,922,1.5,casewise_cauchy,502,weak,100800,completed,0.9222000043324265,9512.07434180726,retention_audit,2.913187876045312,0.9966393852143386
0,512,0.001917579832672589,3.408757794633285,0.9971213268806217,0,109563,"{'effective_n': 6000, 'trim_mode': 'iqr'}",6000,1.186791281,20,0,3.0,0.21110228818122906,sketch_iqr,6000,336000,200,0,4.0,10,0,1.5,cellwise_cauchy,502,weak,184024,completed,0.9494802685600361,5055.648871084013,retention_audit,3.531453733570327,0.9982406880186939
0,512,0.0015626762481463854,3.4077748289102434,0.9971317940105359,0,109563,"{'effective_n': 6000, 'trim_mode': 'mad'}",6000,1.182808228,20,0,3.0,0.21006179093307048,sketch_mad,6000,336000,200,0,4.0,10,0,1.5,cellwise_cauchy,502,weak,184024,completed,0.9493978706676166,5072.673539095468,retention_audit,3.5299622559687496,0.9982368046643237
5208512,512,0.0032488661861853354,2.778201730938885,0.9962251100058451,0,109563,"{'phase': 'estimating', 'ready': True, 'total_seen': 6000, 'epoch_index': 0, 'epoch_seen': 6000, 'calibration_count': 512, 'effective_n': 5488, 'serving_epoch': 0, 'serving_n': 5488, 'basis_rank': 20, 'parallel_radius': 8.57319876634983, 'residual_radius': 14.40539109711774, 'marginal_clipped_coordinates': 91705, 'parallel_clipped_rows': 28, 'residual_clipped_rows': 5483, 'state_bytes': 100800, 'calibration_peak_state_bytes_bound': 5208512, 'epoch_history': []}",5488,0.672683603,20,91705,3.0,0.1922911931947829,dual_bound,6000,336000,200,28,4.0,10,5483,1.5,cellwise_cauchy,502,weak,100800,completed,0.9386174916484514,8919.49792330526,retention_audit,2.826132116353897,0.9966648718912549
0,512,0.004946798752522473,10.936162043246641,1.1938544808269098,0,109800,"{'effective_n': 6000, 'trim_mode': 'iqr'}",6000,1.220313728,20,0,3.0,1.0,sketch_iqr,6000,336000,200,0,4.0,10,0,1.5,bounded_out_of_subspace,502,weak,184024,completed,0.9329314453120632,4916.76841973542,retention_audit,7.498520110429076,0.6857731797974433
0,512,0.004377178499357916,10.935726028425217,1.193796604873427,0,109800,"{'effective_n': 6000, 'trim_mode': 'mad'}",6000,1.195175788,20,0,3.0,1.0,sketch_mad,6000,336000,200,0,4.0,10,0,1.5,bounded_out_of_subspace,502,weak,184024,completed,0.932975519842366,5020.18201861365,retention_audit,7.500281624872567,0.6860256689559581
5208512,512,0.0032354727677667543,10.459276199936463,1.2276521448813411,0,109800,"{'phase': 'estimating', 'ready': True, 'total_seen': 6000, 'epoch_index': 0, 'epoch_seen': 6000, 'calibration_count': 512, 'effective_n': 5488, 'serving_epoch': 0, 'serving_n': 5488, 'basis_rank': 20, 'parallel_radius': 8.57319876634983, 'residual_radius': 14.40539109711774, 'marginal_clipped_coordinates': 3196, 'parallel_clipped_rows': 1, 'residual_clipped_rows': 373, 'state_bytes': 100800, 'calibration_peak_state_bytes_bound': 5208512, 'epoch_history': []}",5488,0.632555348,20,3196,3.0,1.0,dual_bound,6000,336000,200,1,4.0,10,373,1.5,bounded_out_of_subspace,502,weak,100800,completed,0.9306690987326336,9485.335977271669,retention_audit,6.798905249942625,0.6651329813606061
0,512,0.004985323793799303,10.902935396086214,1.1159245337849697,0,109800,"{'effective_n': 6000, 'trim_mode': 'iqr'}",6000,1.188067942,20,0,3.0,1.0,sketch_iqr,6000,336000,200,0,4.0,10,0,1.5,in_subspace_leverage,502,weak,184024,completed,0.8952542723376125,5050.216227448716,retention_audit,7.473267752546528,0.6815263790577584
0,512,0.004479911942762795,10.902987421730106,1.115879754735086,0,109800,"{'effective_n': 6000, 'trim_mode': 'mad'}",6000,1.159052821,20,0,3.0,1.0,sketch_mad,6000,336000,200,0,4.0,10,0,1.5,in_subspace_leverage,502,weak,184024,completed,0.895279046076162,5176.6406942725525,retention_audit,7.475062870156475,0.6817584845302879
5208512,512,0.0032354727677667543,10.474090956820788,1.1435690730335657,0,109800,"{'phase': 'estimating', 'ready': True, 'total_seen': 6000, 'epoch_index': 0, 'epoch_seen': 6000, 'calibration_count': 512, 'effective_n': 5488, 'serving_epoch': 0, 'serving_n': 5488, 'basis_rank': 20, 'parallel_radius': 8.57319876634983, 'residual_radius': 14.40539109711774, 'marginal_clipped_coordinates': 3196, 'parallel_clipped_rows': 1, 'residual_clipped_rows': 373, 'state_bytes': 100800, 'calibration_peak_state_bytes_bound': 5208512, 'epoch_history': []}",5488,0.58707495,20,3196,3.0,1.0,dual_bound,6000,336000,200,1,4.0,10,373,1.5,in_subspace_leverage,502,weak,100800,completed,0.8949377216327195,10220.16013457907,retention_audit,6.838988715971757,0.6635010666166173
0,512,0.004517519721152082,10.811454223408827,1.1386120197588845,0,109800,"{'effective_n': 6000, 'trim_mode': 'iqr'}",6000,1.221865211,20,0,3.0,0.9596265938069217,sketch_iqr,6000,336000,200,0,4.0,10,0,1.5,mixed,502,weak,184024,completed,0.932693130051139,4910.525273969847,retention_audit,7.9173267606060955,0.7373657819547825
0,512,0.004090992478444322,10.811584820903958,1.1386451819739476,0,109800,"{'effective_n': 6000, 'trim_mode': 'mad'}",6000,1.20593304,20,0,3.0,0.9596630236794171,sketch_mad,6000,336000,200,0,4.0,10,0,1.5,mixed,502,weak,184024,completed,0.9326510487449327,4975.4006242336645,retention_audit,7.918153994845337,0.737449974125834
5208512,512,0.0032354727677667543,9.8387089532979,1.1130168040280581,0,109800,"{'phase': 'estimating', 'ready': True, 'total_seen': 6000, 'epoch_index': 0, 'epoch_seen': 6000, 'calibration_count': 512, 'effective_n': 5488, 'serving_epoch': 0, 'serving_n': 5488, 'basis_rank': 20, 'parallel_radius': 8.57319876634983, 'residual_radius': 14.40539109711774, 'marginal_clipped_coordinates': 7629, 'parallel_clipped_rows': 1, 'residual_clipped_rows': 648, 'state_bytes': 100800, 'calibration_peak_state_bytes_bound': 5208512, 'epoch_history': []}",5488,0.690846412,20,7629,3.0,0.9596265938069217,dual_bound,6000,336000,200,1,4.0,10,648,1.5,mixed,502,weak,100800,completed,0.9293772483624249,8684.998424801835,retention_audit,7.112968688475661,0.7561528531555969
0,512,0.0034741666666666666,3.1700942963833363,0.8545865131778855,0,0,"{'effective_n': 6000, 'trim_mode': 'iqr'}",6000,1.219857258,20,0,3.0,,sketch_iqr,6000,336000,200,0,4.0,10,0,1.5,clean,503,strong,184024,completed,0.44739196360136435,4918.608272116376,retention_audit,3.16767692127014,0.8536823348123268
0,512,0.0029533333333333334,3.1704290471662304,0.8544518489923895,0,0,"{'effective_n': 6000, 'trim_mode': 'mad'}",6000,1.196221935,20,0,3.0,,sketch_mad,6000,336000,200,0,4.0,10,0,1.5,clean,503,strong,184024,completed,0.44737027288424136,5015.791655751572,retention_audit,3.1678470536638312,0.8536311954040016
5208512,512,0.003250728862973761,3.052891792248388,0.8841215127484477,0,0,"{'phase': 'estimating', 'ready': True, 'total_seen': 6000, 'epoch_index': 0, 'epoch_seen': 6000, 'calibration_count': 512, 'effective_n': 5488, 'serving_epoch': 0, 'serving_n': 5488, 'basis_rank': 20, 'parallel_radius': 14.641378664860099, 'residual_radius': 12.585373243913306, 'marginal_clipped_coordinates': 3568, 'parallel_clipped_rows': 0, 'residual_clipped_rows': 778, 'state_bytes': 100800, 'calibration_peak_state_bytes_bound': 5208512, 'epoch_history': []}",5488,0.604786779,20,3568,3.0,,dual_bound,6000,336000,200,0,4.0,10,778,1.5,clean,503,strong,100800,completed,0.48410722018973346,9920.85179163614,retention_audit,3.045078939214981,0.8891650484267083
0,512,0.0019106585947532564,2.386120996161577,0.9924225686511773,0,109800,"{'effective_n': 6000, 'trim_mode': 'iqr'}",6000,1.210072617,20,0,3.0,0.23674863387978143,sketch_iqr,6000,336000,200,0,4.0,10,0,1.5,casewise_cauchy,503,strong,184024,completed,0.9566987458372918,4958.380113480413,retention_audit,2.989407993815783,0.9922170454617548
0,512,0.0014648688314070812,2.3865093565883178,0.9924525795400337,0,109800,"{'effective_n': 6000, 'trim_mode': 'mad'}",6000,1.225279534,20,0,3.0,0.23531876138433516,sketch_mad,6000,336000,200,0,4.0,10,0,1.5,casewise_cauchy,503,strong,184024,completed,0.9562899530594876,4896.841768353572,retention_audit,2.9870891975710774,0.9922538216197246
5208512,512,0.003248633326584329,3.0776525132379744,0.9096684362271258,0,109800,"{'phase': 'estimating', 'ready': True, 'total_seen': 6000, 'epoch_index': 0, 'epoch_seen': 6000, 'calibration_count': 512, 'effective_n': 5488, 'serving_epoch': 0, 'serving_n': 5488, 'basis_rank': 20, 'parallel_radius': 14.641378664860099, 'residual_radius': 12.585373243913306, 'marginal_clipped_coordinates': 89387, 'parallel_clipped_rows': 52, 'residual_clipped_rows': 1254, 'state_bytes': 100800, 'calibration_peak_state_bytes_bound': 5208512, 'epoch_history': []}",5488,0.694175936,20,89387,3.0,0.21513661202185794,dual_bound,6000,336000,200,52,4.0,10,1254,1.5,casewise_cauchy,503,strong,100800,completed,0.5327653832402515,8643.341966841097,retention_audit,3.198994753911929,0.9170331035901157
0,512,0.001972690480186429,2.2455684173420116,0.9948001720005367,0,109611,"{'effective_n': 6000, 'trim_mode': 'iqr'}",6000,1.197689929,20,0,3.0,0.2361259362655208,sketch_iqr,6000,336000,200,0,4.0,10,0,1.5,cellwise_cauchy,503,strong,184024,completed,0.7924762322877524,5009.643860836038,retention_audit,3.1844664811960577,0.9963446695096299
0,512,0.00153248061013088,2.245078543208569,0.9947706315465178,0,109611,"{'effective_n': 6000, 'trim_mode': 'mad'}",6000,1.2445354,20,0,3.0,0.23463885923858008,sketch_mad,6000,336000,200,0,4.0,10,0,1.5,cellwise_cauchy,503,strong,184024,completed,0.7913073346363657,4821.076202412563,retention_audit,3.1796934897668407,0.9963074167136569
5208512,512,0.003277364424097839,2.787049562487727,0.9716395594221521,0,109611,"{'phase': 'estimating', 'ready': True, 'total_seen': 6000, 'epoch_index': 0, 'epoch_seen': 6000, 'calibration_count': 512, 'effective_n': 5488, 'serving_epoch': 0, 'serving_n': 5488, 'basis_rank': 20, 'parallel_radius': 14.641378664860099, 'residual_radius': 12.585373243913306, 'marginal_clipped_coordinates': 89340, 'parallel_clipped_rows': 0, 'residual_clipped_rows': 5486, 'state_bytes': 100800, 'calibration_peak_state_bytes_bound': 5208512, 'epoch_history': []}",5488,0.704172826,20,89340,3.0,0.21447664924140825,dual_bound,6000,336000,200,0,4.0,10,5486,1.5,cellwise_cauchy,503,strong,100800,completed,0.6243634236055483,8520.635529323878,retention_audit,3.316975937366437,0.9733099056053331
0,512,0.005284351495138507,3.6863971356895076,0.9382817880974753,0,109800,"{'effective_n': 6000, 'trim_mode': 'iqr'}",6000,1.250832355,20,0,3.0,1.0,sketch_iqr,6000,336000,200,0,4.0,10,0,1.5,bounded_out_of_subspace,503,strong,184024,completed,0.5558822053553496,4796.805883710931,retention_audit,3.065785059658219,0.7814443545402029
0,512,0.004678040726472207,3.684992333009055,0.9381072232631731,0,109800,"{'effective_n': 6000, 'trim_mode': 'mad'}",6000,1.220020716,20,0,3.0,1.0,sketch_mad,6000,336000,200,0,4.0,10,0,1.5,bounded_out_of_subspace,503,strong,184024,completed,0.5557994630663288,4917.949278494055,retention_audit,3.0649516354839665,0.7815150835361
5208512,512,0.003248633326584329,3.9434069409733,0.9719812793318903,0,109800,"{'phase': 'estimating', 'ready': True, 'total_seen': 6000, 'epoch_index': 0, 'epoch_seen': 6000, 'calibration_count': 512, 'effective_n': 5488, 'serving_epoch': 0, 'serving_n': 5488, 'basis_rank': 20, 'parallel_radius': 14.641378664860099, 'residual_radius': 12.585373243913306, 'marginal_clipped_coordinates': 3209, 'parallel_clipped_rows': 0, 'residual_clipped_rows': 705, 'state_bytes': 100800, 'calibration_peak_state_bytes_bound': 5208512, 'epoch_history': []}",5488,0.752173357,20,3209,3.0,1.0,dual_bound,6000,336000,200,0,4.0,10,705,1.5,bounded_out_of_subspace,503,strong,100800,completed,0.5881134077186153,7976.88450961711,retention_audit,3.186908536778248,0.7946889300323677
0,512,0.004520271509814713,4.948532097709327,0.9467594586464368,0,109800,"{'effective_n': 6000, 'trim_mode': 'iqr'}",6000,1.236469373,20,0,3.0,1.0,sketch_iqr,6000,336000,200,0,4.0,10,0,1.5,in_subspace_leverage,503,strong,184024,completed,0.5366166627580097,4852.526177370994,retention_audit,3.4188976082486247,0.5754995421731887
0,512,0.003917629792698587,4.94802361272987,0.9468284854689456,0,109800,"{'effective_n': 6000, 'trim_mode': 'mad'}",6000,1.201008295,20,0,3.0,1.0,sketch_mad,6000,336000,200,0,4.0,10,0,1.5,in_subspace_leverage,503,strong,184024,completed,0.536503276450171,4995.802297935003,retention_audit,3.419140465439434,0.575646057453074
5208512,512,0.003248633326584329,5.250396971202753,0.9858475365991445,0,109800,"{'phase': 'estimating', 'ready': True, 'total_seen': 6000, 'epoch_index': 0, 'epoch_seen': 6000, 'calibration_count': 512, 'effective_n': 5488, 'serving_epoch': 0, 'serving_n': 5488, 'basis_rank': 20, 'parallel_radius': 14.641378664860099, 'residual_radius': 12.585373243913306, 'marginal_clipped_coordinates': 3209, 'parallel_clipped_rows': 0, 'residual_clipped_rows': 705, 'state_bytes': 100800, 'calibration_peak_state_bytes_bound': 5208512, 'epoch_history': []}",5488,0.636979272,20,3209,3.0,1.0,dual_bound,6000,336000,200,0,4.0,10,705,1.5,in_subspace_leverage,503,strong,100800,completed,0.5848485279666568,9419.458785779767,retention_audit,3.5120691774503365,0.5856033257150333
0,512,0.004877086773069162,3.6257536470292444,0.9295407588169557,0,109800,"{'effective_n': 6000, 'trim_mode': 'iqr'}",6000,1.281436611,20,0,3.0,0.9618761384335155,sketch_iqr,6000,336000,200,0,4.0,10,0,1.5,mixed,503,strong,184024,completed,0.5673826641949047,4682.244871494467,retention_audit,3.1952380549183403,0.8152526511411154
0,512,0.004375343973582829,3.6244633102610817,0.9293815796396375,0,109800,"{'effective_n': 6000, 'trim_mode': 'mad'}",6000,1.149756347,20,0,3.0,0.9618670309653916,sketch_mad,6000,336000,200,0,4.0,10,0,1.5,mixed,503,strong,184024,completed,0.567166020491001,5218.4969586430125,retention_audit,3.1940176515587195,0.8152039187570825
5208512,512,0.003248633326584329,3.545477580546836,0.939026067967943,0,109800,"{'phase': 'estimating', 'ready': True, 'total_seen': 6000, 'epoch_index': 0, 'epoch_seen': 6000, 'calibration_count': 512, 'effective_n': 5488, 'serving_epoch': 0, 'serving_n': 5488, 'basis_rank': 20, 'parallel_radius': 14.641378664860099, 'residual_radius': 12.585373243913306, 'marginal_clipped_coordinates': 7374, 'parallel_clipped_rows': 0, 'residual_clipped_rows': 980, 'state_bytes': 100800, 'calibration_peak_state_bytes_bound': 5208512, 'epoch_history': []}",5488,0.671834788,20,7374,3.0,0.9620673952641166,dual_bound,6000,336000,200,0,4.0,10,980,1.5,mixed,503,strong,100800,completed,0.5822713154334003,8930.767068287034,retention_audit,3.1116630758387376,0.8565595665650791
0,512,0.0032708333333333335,3.3434495524610184,0.9982927114198246,0,0,"{'effective_n': 6000, 'trim_mode': 'iqr'}",6000,1.296750782,20,0,3.0,,sketch_iqr,6000,336000,200,0,4.0,10,0,1.5,clean,503,weak,184024,completed,0.897540468728075,4626.949205109483,retention_audit,3.3496800524784938,0.9982838267636865
0,512,0.0028783333333333334,3.343392349892146,0.9982930038350727,0,0,"{'effective_n': 6000, 'trim_mode': 'mad'}",6000,1.183016809,20,0,3.0,,sketch_mad,6000,336000,200,0,4.0,10,0,1.5,clean,503,weak,184024,completed,0.8975532752531379,5071.779161846212,retention_audit,3.3497070130542497,0.9982853955334412
5208512,512,0.0032589285714285715,2.7687139346653478,0.9968224205018847,0,0,"{'phase': 'estimating', 'ready': True, 'total_seen': 6000, 'epoch_index': 0, 'epoch_seen': 6000, 'calibration_count': 512, 'effective_n': 5488, 'serving_epoch': 0, 'serving_n': 5488, 'basis_rank': 20, 'parallel_radius': 8.232646025220198, 'residual_radius': 14.423935263512519, 'marginal_clipped_coordinates': 3577, 'parallel_clipped_rows': 0, 'residual_clipped_rows': 466, 'state_bytes': 100800, 'calibration_peak_state_bytes_bound': 5208512, 'epoch_history': []}",5488,0.610276344,20,3577,3.0,,dual_bound,6000,336000,200,0,4.0,10,466,1.5,clean,503,weak,100800,completed,0.9127203747134872,9831.611628059436,retention_audit,2.7681734623423337,0.9968202468154451
0,512,0.001794166208035223,3.3031617612088815,0.9856276364001197,0,109800,"{'effective_n': 6000, 'trim_mode': 'iqr'}",6000,1.196963339,20,0,3.0,0.2118670309653916,sketch_iqr,6000,336000,200,0,4.0,10,0,1.5,casewise_cauchy,503,weak,184024,completed,0.9760555432900127,5012.684853834107,retention_audit,3.280435414722662,0.9895556838076586
0,512,0.0014309301045679693,3.3073269805756245,0.9857753238810151,0,109800,"{'effective_n': 6000, 'trim_mode': 'mad'}",6000,1.228094653,20,0,3.0,0.2108743169398907,sketch_mad,6000,336000,200,0,4.0,10,0,1.5,casewise_cauchy,503,weak,184024,completed,0.9760353683657053,4885.616906924192,retention_audit,3.285672045397269,0.9896213632835538
5208512,512,0.003271917392184653,2.755532857278039,0.9966601601332179,0,109800,"{'phase': 'estimating', 'ready': True, 'total_seen': 6000, 'epoch_index': 0, 'epoch_seen': 6000, 'calibration_count': 512, 'effective_n': 5488, 'serving_epoch': 0, 'serving_n': 5488, 'basis_rank': 20, 'parallel_radius': 8.232646025220198, 'residual_radius': 14.423935263512519, 'marginal_clipped_coordinates': 91952, 'parallel_clipped_rows': 542, 'residual_clipped_rows': 971, 'state_bytes': 100800, 'calibration_peak_state_bytes_bound': 5208512, 'epoch_history': []}",5488,0.624101106,20,91952,3.0,0.19198542805100183,dual_bound,6000,336000,200,542,4.0,10,971,1.5,casewise_cauchy,503,weak,100800,completed,0.9403026386555923,9613.826898105192,retention_audit,2.76934759336475,0.9966863121687335
0,512,0.001779049400717122,3.3599820972750805,0.9971949102433275,0,109530,"{'effective_n': 6000, 'trim_mode': 'iqr'}",6000,1.159091499,20,0,3.0,0.21245320916643842,sketch_iqr,6000,336000,200,0,4.0,10,0,1.5,cellwise_cauchy,503,weak,184024,completed,0.9479079711665803,5176.467953717603,retention_audit,3.4827513487571933,0.9982735147731594
0,512,0.0014470824506864013,3.3600449429978725,0.9972080844018558,0,109530,"{'effective_n': 6000, 'trim_mode': 'mad'}",6000,1.147798747,20,0,3.0,0.21129370948598558,sketch_mad,6000,336000,200,0,4.0,10,0,1.5,cellwise_cauchy,503,weak,184024,completed,0.947865244887139,5227.397238132723,retention_audit,3.482486527747538,0.9982730858360683
5208512,512,0.0033034096774520023,2.787878265607212,0.9963551847169136,0,109530,"{'phase': 'estimating', 'ready': True, 'total_seen': 6000, 'epoch_index': 0, 'epoch_seen': 6000, 'calibration_count': 512, 'effective_n': 5488, 'serving_epoch': 0, 'serving_n': 5488, 'basis_rank': 20, 'parallel_radius': 8.232646025220198, 'residual_radius': 14.423935263512519, 'marginal_clipped_coordinates': 91795, 'parallel_clipped_rows': 64, 'residual_clipped_rows': 5476, 'state_bytes': 100800, 'calibration_peak_state_bytes_bound': 5208512, 'epoch_history': []}",5488,0.599605055,20,91795,3.0,0.19171916369944308,dual_bound,6000,336000,200,64,4.0,10,5476,1.5,cellwise_cauchy,503,weak,100800,completed,0.946839664365368,10006.586752341505,retention_audit,2.8428914930047635,0.9967357032792603
0,512,0.0047239038708493854,10.500458934577008,1.1288266230495694,0,109800,"{'effective_n': 6000, 'trim_mode': 'iqr'}",6000,1.230006163,20,0,3.0,1.0,sketch_iqr,6000,336000,200,0,4.0,10,0,1.5,bounded_out_of_subspace,503,weak,184024,completed,0.9383546770759404,4878.024338809756,retention_audit,7.635153179845676,0.7362960850789925
0,512,0.0041441937259218495,10.500518680409332,1.128774582136356,0,109800,"{'effective_n': 6000, 'trim_mode': 'mad'}",6000,1.183021625,20,0,3.0,1.0,sketch_mad,6000,336000,200,0,4.0,10,0,1.5,bounded_out_of_subspace,503,weak,184024,completed,0.9383392475472292,5071.758514980654,retention_audit,7.637383943881607,0.7365773195068136
5208512,512,0.003271917392184653,9.765332036313819,1.1533006526792826,0,109800,"{'phase': 'estimating', 'ready': True, 'total_seen': 6000, 'epoch_index': 0, 'epoch_seen': 6000, 'calibration_count': 512, 'effective_n': 5488, 'serving_epoch': 0, 'serving_n': 5488, 'basis_rank': 20, 'parallel_radius': 8.232646025220198, 'residual_radius': 14.423935263512519, 'marginal_clipped_coordinates': 3232, 'parallel_clipped_rows': 0, 'residual_clipped_rows': 422, 'state_bytes': 100800, 'calibration_peak_state_bytes_bound': 5208512, 'epoch_history': []}",5488,0.594587424,20,3232,3.0,1.0,dual_bound,6000,336000,200,0,4.0,10,422,1.5,bounded_out_of_subspace,503,weak,100800,completed,0.9439520867880046,10091.030785070894,retention_audit,6.745892524883867,0.7118154728382624
0,512,0.004260686112639882,11.141764751264336,1.279142978955116,0,109800,"{'effective_n': 6000, 'trim_mode': 'iqr'}",6000,1.174803329,20,0,3.0,1.0,sketch_iqr,6000,336000,200,0,4.0,10,0,1.5,in_subspace_leverage,503,weak,184024,completed,0.9065039227193712,5107.237826017431,retention_audit,6.692325395379853,0.5828932413557577
0,512,0.0037534397358282884,11.141576786523613,1.2790980874355147,0,109800,"{'effective_n': 6000, 'trim_mode': 'mad'}",6000,1.142754968,20,0,3.0,1.0,sketch_mad,6000,336000,200,0,4.0,10,0,1.5,in_subspace_leverage,503,weak,184024,completed,0.9065027126298255,5250.469407716459,retention_audit,6.694405093054291,0.5831552184751957
5208512,512,0.003271917392184653,10.544855897871575,1.3314992773756897,0,109800,"{'phase': 'estimating', 'ready': True, 'total_seen': 6000, 'epoch_index': 0, 'epoch_seen': 6000, 'calibration_count': 512, 'effective_n': 5488, 'serving_epoch': 0, 'serving_n': 5488, 'basis_rank': 20, 'parallel_radius': 8.232646025220198, 'residual_radius': 14.423935263512519, 'marginal_clipped_coordinates': 3232, 'parallel_clipped_rows': 0, 'residual_clipped_rows': 422, 'state_bytes': 100800, 'calibration_peak_state_bytes_bound': 5208512, 'epoch_history': []}",5488,0.631269635,20,3232,3.0,1.0,dual_bound,6000,336000,200,0,4.0,10,422,1.5,in_subspace_leverage,503,weak,100800,completed,0.9058127242422468,9504.654853230822,retention_audit,5.953014851702073,0.565276745398873
0,512,0.0043542469271693265,10.447189000901002,1.0903780036470028,0,109800,"{'effective_n': 6000, 'trim_mode': 'iqr'}",6000,1.206910442,20,0,3.0,0.9593078324225865,sketch_iqr,6000,336000,200,0,4.0,10,0,1.5,mixed,503,weak,184024,completed,0.9432644100576679,4971.371355489523,retention_audit,8.037868039799145,0.7822306484828305
0,512,0.0038901119060722805,10.447849047867313,1.0903626073083443,0,109800,"{'effective_n': 6000, 'trim_mode': 'mad'}",6000,1.207200498,20,0,3.0,0.9592896174863388,sketch_mad,6000,336000,200,0,4.0,10,0,1.5,mixed,503,weak,184024,completed,0.9433213761234583,4970.176876119877,retention_audit,8.039757407337802,0.7824102922144336
5208512,512,0.003271917392184653,9.288000829648515,1.0778581470542976,0,109800,"{'phase': 'estimating', 'ready': True, 'total_seen': 6000, 'epoch_index': 0, 'epoch_seen': 6000, 'calibration_count': 512, 'effective_n': 5488, 'serving_epoch': 0, 'serving_n': 5488, 'basis_rank': 20, 'parallel_radius': 8.232646025220198, 'residual_radius': 14.423935263512519, 'marginal_clipped_coordinates': 7702, 'parallel_clipped_rows': 0, 'residual_clipped_rows': 695, 'state_bytes': 100800, 'calibration_peak_state_bytes_bound': 5208512, 'epoch_history': []}",5488,0.580751949,20,7702,3.0,0.9592896174863388,dual_bound,6000,336000,200,0,4.0,10,695,1.5,mixed,503,weak,100800,completed,0.9455525133556447,10331.433257058256,retention_audit,6.99202320193836,0.7887344919785754
0,512,0.00329,3.1281907145186367,0.8518300647950895,0,0,"{'effective_n': 6000, 'trim_mode': 'iqr'}",6000,1.16437279,20,0,3.0,,sketch_iqr,6000,336000,200,0,4.0,10,0,1.5,clean,504,strong,184024,completed,0.47573779593436843,5152.9888464672895,retention_audit,3.1369712385610713,0.8514444091455299
0,512,0.0028983333333333335,3.128234774295732,0.8516865418230163,0,0,"{'effective_n': 6000, 'trim_mode': 'mad'}",6000,1.124871477,20,0,3.0,,sketch_mad,6000,336000,200,0,4.0,10,0,1.5,clean,504,strong,184024,completed,0.47571331780697135,5333.942697170905,retention_audit,3.136738335637754,0.8513777815052141
5208512,512,0.003095845481049563,3.0808792872851125,0.8691553795877996,0,0,"{'phase': 'estimating', 'ready': True, 'total_seen': 6000, 'epoch_index': 0, 'epoch_seen': 6000, 'calibration_count': 512, 'effective_n': 5488, 'serving_epoch': 0, 'serving_n': 5488, 'basis_rank': 20, 'parallel_radius': 15.564574546707153, 'residual_radius': 12.602047169645894, 'marginal_clipped_coordinates': 3398, 'parallel_clipped_rows': 0, 'residual_clipped_rows': 560, 'state_bytes': 100800, 'calibration_peak_state_bytes_bound': 5208512, 'epoch_history': []}",5488,0.7052476,20,3398,3.0,,dual_bound,6000,336000,200,0,4.0,10,560,1.5,clean,504,strong,100800,completed,0.51007801140827,8507.650362794571,retention_audit,3.075300864125018,0.8728453876170007
0,512,0.0018042560997982022,2.3717152579656386,0.9920400845158162,0,109800,"{'effective_n': 6000, 'trim_mode': 'iqr'}",6000,1.156101531,20,0,3.0,0.23744990892531875,sketch_iqr,6000,336000,200,0,4.0,10,0,1.5,casewise_cauchy,504,strong,184024,completed,0.9380355949474848,5189.855595823097,retention_audit,3.0177100035515467,0.9924774353231702
0,512,0.0014254265272427079,2.3704187126538283,0.9920463247374083,0,109800,"{'effective_n': 6000, 'trim_mode': 'mad'}",6000,1.152309383,20,0,3.0,0.23607468123861566,sketch_mad,6000,336000,200,0,4.0,10,0,1.5,casewise_cauchy,504,strong,184024,completed,0.9371912843661452,5206.934950385629,retention_audit,3.0134430466624815,0.9924918106182196
5208512,512,0.0031018424782344603,3.0479190339352593,0.8962200382588813,0,109800,"{'phase': 'estimating', 'ready': True, 'total_seen': 6000, 'epoch_index': 0, 'epoch_seen': 6000, 'calibration_count': 512, 'effective_n': 5488, 'serving_epoch': 0, 'serving_n': 5488, 'basis_rank': 20, 'parallel_radius': 15.564574546707153, 'residual_radius': 12.602047169645894, 'marginal_clipped_coordinates': 89108, 'parallel_clipped_rows': 18, 'residual_clipped_rows': 1049, 'state_bytes': 100800, 'calibration_peak_state_bytes_bound': 5208512, 'epoch_history': []}",5488,0.59299075,20,89108,3.0,0.21635701275045538,dual_bound,6000,336000,200,18,4.0,10,1049,1.5,casewise_cauchy,504,strong,100800,completed,0.5135874889012356,10118.201675152606,retention_audit,3.183184960199444,0.9040936112176411
0,512,0.0017883326206918067,2.202516272487287,0.9953887839251152,0,110158,"{'effective_n': 6000, 'trim_mode': 'iqr'}",6000,1.147444606,20,0,3.0,0.2355707256849253,sketch_iqr,6000,336000,200,0,4.0,10,0,1.5,cellwise_cauchy,504,strong,184024,completed,0.7910260560779605,5229.010593300919,retention_audit,3.156044151271147,0.9967706630753088
0,512,0.0014304825837139696,2.202581585663805,0.9953657887583895,0,110158,"{'effective_n': 6000, 'trim_mode': 'mad'}",6000,1.139078281,20,0,3.0,0.23388224187076745,sketch_mad,6000,336000,200,0,4.0,10,0,1.5,cellwise_cauchy,504,strong,184024,completed,0.7896530756552134,5267.41673516291,retention_audit,3.151725954702334,0.9967399936502122
5208512,512,0.0030837254238729973,2.835010909488607,0.9660354072177519,0,110158,"{'phase': 'estimating', 'ready': True, 'total_seen': 6000, 'epoch_index': 0, 'epoch_seen': 6000, 'calibration_count': 512, 'effective_n': 5488, 'serving_epoch': 0, 'serving_n': 5488, 'basis_rank': 20, 'parallel_radius': 15.564574546707153, 'residual_radius': 12.602047169645894, 'marginal_clipped_coordinates': 89496, 'parallel_clipped_rows': 0, 'residual_clipped_rows': 5486, 'state_bytes': 100800, 'calibration_peak_state_bytes_bound': 5208512, 'epoch_history': []}",5488,0.605680329,20,89496,3.0,0.21520906334537665,dual_bound,6000,336000,200,0,4.0,10,5486,1.5,cellwise_cauchy,504,strong,100800,completed,0.6171932629986846,9906.21572588665,retention_audit,3.4093083079557833,0.9685695684289466
0,512,0.004618418638781875,3.9806153961918365,0.963623017180318,0,109800,"{'effective_n': 6000, 'trim_mode': 'iqr'}",6000,1.215274545,20,0,3.0,1.0,sketch_iqr,6000,336000,200,0,4.0,10,0,1.5,bounded_out_of_subspace,504,strong,184024,completed,0.5544962141732138,4937.155990542038,retention_audit,3.1626627829082286,0.7548532665230404
0,512,0.004101999633094845,3.978957462369494,0.9634517681217881,0,109800,"{'effective_n': 6000, 'trim_mode': 'mad'}",6000,1.136026891,20,0,3.0,1.0,sketch_mad,6000,336000,200,0,4.0,10,0,1.5,bounded_out_of_subspace,504,strong,184024,completed,0.5543949911665773,5281.565117458122,retention_audit,3.161811063556138,0.7549455720289527
5208512,512,0.0031018424782344603,4.151733028013946,0.9930820673600262,0,109800,"{'phase': 'estimating', 'ready': True, 'total_seen': 6000, 'epoch_index': 0, 'epoch_seen': 6000, 'calibration_count': 512, 'effective_n': 5488, 'serving_epoch': 0, 'serving_n': 5488, 'basis_rank': 20, 'parallel_radius': 15.564574546707153, 'residual_radius': 12.602047169645894, 'marginal_clipped_coordinates': 3064, 'parallel_clipped_rows': 0, 'residual_clipped_rows': 500, 'state_bytes': 100800, 'calibration_peak_state_bytes_bound': 5208512, 'epoch_history': []}",5488,0.563944224,20,3064,3.0,1.0,dual_bound,6000,336000,200,0,4.0,10,500,1.5,bounded_out_of_subspace,504,strong,100800,completed,0.5809678942783638,10639.350036148257,retention_audit,3.185274533931826,0.7415115966518345
0,512,0.004247844432214273,4.99462819085273,0.9626542652058643,0,109800,"{'effective_n': 6000, 'trim_mode': 'iqr'}",6000,1.137788471,20,0,3.0,1.0,sketch_iqr,6000,336000,200,0,4.0,10,0,1.5,in_subspace_leverage,504,strong,184024,completed,0.5496900541830907,5273.387938908023,retention_audit,3.3690001397934686,0.5622694270238421
0,512,0.0037571087873784627,4.993395804189007,0.9625896449558635,0,109800,"{'effective_n': 6000, 'trim_mode': 'mad'}",6000,1.153589291,20,0,3.0,1.0,sketch_mad,6000,336000,200,0,4.0,10,0,1.5,in_subspace_leverage,504,strong,184024,completed,0.5494156969734448,5201.157852981491,retention_audit,3.3688011081072258,0.5624245402326867
5208512,512,0.0031018424782344603,5.181930937232958,1.0064344980775635,0,109800,"{'phase': 'estimating', 'ready': True, 'total_seen': 6000, 'epoch_index': 0, 'epoch_seen': 6000, 'calibration_count': 512, 'effective_n': 5488, 'serving_epoch': 0, 'serving_n': 5488, 'basis_rank': 20, 'parallel_radius': 15.564574546707153, 'residual_radius': 12.602047169645894, 'marginal_clipped_coordinates': 3064, 'parallel_clipped_rows': 0, 'residual_clipped_rows': 500, 'state_bytes': 100800, 'calibration_peak_state_bytes_bound': 5208512, 'epoch_history': []}",5488,0.571301778,20,3064,3.0,1.0,dual_bound,6000,336000,200,0,4.0,10,500,1.5,in_subspace_leverage,504,strong,100800,completed,0.579552109174818,10502.33034632705,retention_audit,3.3579681563086936,0.5527996378526261
0,512,0.004250596220876903,3.9361189580303777,0.9507162239333196,0,109800,"{'effective_n': 6000, 'trim_mode': 'iqr'}",6000,1.139292046,20,0,3.0,0.9609653916211294,sketch_iqr,6000,336000,200,0,4.0,10,0,1.5,mixed,504,strong,184024,completed,0.5612123398926953,5266.428411455793,retention_audit,3.33242336766167,0.7912214565024963
0,512,0.003858924967895799,3.934606273404263,0.9505605847633739,0,109800,"{'effective_n': 6000, 'trim_mode': 'mad'}",6000,1.128200909,20,0,3.0,0.9609471766848816,sketch_mad,6000,336000,200,0,4.0,10,0,1.5,mixed,504,strong,184024,completed,0.5611202318069676,5318.201706926651,retention_audit,3.331171813917775,0.7912023936561865
5208512,512,0.0031018424782344603,3.7149248306312845,0.940290428305618,0,109800,"{'phase': 'estimating', 'ready': True, 'total_seen': 6000, 'epoch_index': 0, 'epoch_seen': 6000, 'calibration_count': 512, 'effective_n': 5488, 'serving_epoch': 0, 'serving_n': 5488, 'basis_rank': 20, 'parallel_radius': 15.564574546707153, 'residual_radius': 12.602047169645894, 'marginal_clipped_coordinates': 7343, 'parallel_clipped_rows': 0, 'residual_clipped_rows': 775, 'state_bytes': 100800, 'calibration_peak_state_bytes_bound': 5208512, 'epoch_history': []}",5488,0.62502959,20,7343,3.0,0.9610291438979963,dual_bound,6000,336000,200,0,4.0,10,775,1.5,mixed,504,strong,100800,completed,0.5662910398678511,9599.545519116942,retention_audit,3.1492575014615793,0.8157821565995708
0,512,0.0034333333333333334,3.4000751427365388,0.9983418088817613,0,0,"{'effective_n': 6000, 'trim_mode': 'iqr'}",6000,1.186722452,20,0,3.0,,sketch_iqr,6000,336000,200,0,4.0,10,0,1.5,clean,504,weak,184024,completed,0.908816066751551,5055.942094874936,retention_audit,3.4061071059392303,0.9983303821204479
0,512,0.0029741666666666666,3.399870930691838,0.9983417990832941,0,0,"{'effective_n': 6000, 'trim_mode': 'mad'}",6000,1.161669041,20,0,3.0,,sketch_mad,6000,336000,200,0,4.0,10,0,1.5,clean,504,weak,184024,completed,0.9088244110595841,5164.982269678994,retention_audit,3.405832525956219,0.9983310356962772
5208512,512,0.003143221574344023,2.8041214433433788,0.996651330488169,0,0,"{'phase': 'estimating', 'ready': True, 'total_seen': 6000, 'epoch_index': 0, 'epoch_seen': 6000, 'calibration_count': 512, 'effective_n': 5488, 'serving_epoch': 0, 'serving_n': 5488, 'basis_rank': 20, 'parallel_radius': 7.960608141192695, 'residual_radius': 14.486430165174468, 'marginal_clipped_coordinates': 3450, 'parallel_clipped_rows': 0, 'residual_clipped_rows': 292, 'state_bytes': 100800, 'calibration_peak_state_bytes_bound': 5208512, 'epoch_history': []}",5488,0.570034589,20,3450,3.0,,dual_bound,6000,336000,200,0,4.0,10,292,1.5,clean,504,weak,100800,completed,0.9106838084669683,10525.677065536807,retention_audit,2.802761714604679,0.9966345830356775
0,512,0.0019014859658778205,3.5078417334630285,0.9881787545812915,0,109800,"{'effective_n': 6000, 'trim_mode': 'iqr'}",6000,1.209334425,20,0,3.0,0.21255009107468123,sketch_iqr,6000,336000,200,0,4.0,10,0,1.5,casewise_cauchy,504,weak,184024,completed,0.9715876235095459,4961.4067671975845,retention_audit,3.483539008894465,0.9914096412410968
0,512,0.0014859658778205835,3.5162539624214184,0.9883573761549022,0,109800,"{'effective_n': 6000, 'trim_mode': 'mad'}",6000,1.146798812,20,0,3.0,0.21106557377049182,sketch_mad,6000,336000,200,0,4.0,10,0,1.5,casewise_cauchy,504,weak,184024,completed,0.97155720150885,5231.955193200881,retention_audit,3.4932716113926023,0.991499707767089
5208512,512,0.0031767564284268072,2.7602690578391758,0.9965186910929892,0,109800,"{'phase': 'estimating', 'ready': True, 'total_seen': 6000, 'epoch_index': 0, 'epoch_seen': 6000, 'calibration_count': 512, 'effective_n': 5488, 'serving_epoch': 0, 'serving_n': 5488, 'basis_rank': 20, 'parallel_radius': 7.960608141192695, 'residual_radius': 14.486430165174468, 'marginal_clipped_coordinates': 91668, 'parallel_clipped_rows': 548, 'residual_clipped_rows': 820, 'state_bytes': 100800, 'calibration_peak_state_bytes_bound': 5208512, 'epoch_history': []}",5488,0.671862569,20,91668,3.0,0.1937158469945355,dual_bound,6000,336000,200,548,4.0,10,820,1.5,casewise_cauchy,504,weak,100800,completed,0.9265267647491281,8930.39778794404,retention_audit,2.7766147603577784,0.9965656106171791
0,512,0.0018829092736721042,3.3105970167823853,0.9971933124610084,0,109666,"{'effective_n': 6000, 'trim_mode': 'iqr'}",6000,1.221140207,20,0,3.0,0.21343898747104845,sketch_iqr,6000,336000,200,0,4.0,10,0,1.5,cellwise_cauchy,504,weak,184024,completed,0.9351013450783718,4913.440705339089,retention_audit,3.438633996923115,0.998306890015513
0,512,0.001464688801780005,3.3106139343432677,0.9972071554391992,0,109666,"{'effective_n': 6000, 'trim_mode': 'mad'}",6000,1.18682949,20,0,3.0,0.21218062115879124,sketch_mad,6000,336000,200,0,4.0,10,0,1.5,cellwise_cauchy,504,weak,184024,completed,0.9349677202621286,5055.4861086237415,retention_audit,3.4381872671759592,0.9983050258153782
5208512,512,0.0031581057034174346,2.752165859473489,0.996091810786669,0,109666,"{'phase': 'estimating', 'ready': True, 'total_seen': 6000, 'epoch_index': 0, 'epoch_seen': 6000, 'calibration_count': 512, 'effective_n': 5488, 'serving_epoch': 0, 'serving_n': 5488, 'basis_rank': 20, 'parallel_radius': 7.960608141192695, 'residual_radius': 14.486430165174468, 'marginal_clipped_coordinates': 91360, 'parallel_clipped_rows': 122, 'residual_clipped_rows': 5469, 'state_bytes': 100800, 'calibration_peak_state_bytes_bound': 5208512, 'epoch_history': []}",5488,0.656760968,20,91360,3.0,0.19537504787263144,dual_bound,6000,336000,200,122,4.0,10,5469,1.5,cellwise_cauchy,504,weak,100800,completed,0.9260870915875711,9135.743889091778,retention_audit,2.8165278408303833,0.9966341073601457
0,512,0.004736745551274996,11.060925083913478,1.1082956094846617,0,109800,"{'effective_n': 6000, 'trim_mode': 'iqr'}",6000,1.309002682,20,0,3.0,1.0,sketch_iqr,6000,336000,200,0,4.0,10,0,1.5,bounded_out_of_subspace,504,weak,184024,completed,0.9370318185595408,4583.64225108593,retention_audit,8.165109317257933,0.7550228216162099
0,512,0.004170794349660612,11.059668429393312,1.1082638177560045,0,109800,"{'effective_n': 6000, 'trim_mode': 'mad'}",6000,1.1014746,20,0,3.0,1.0,sketch_mad,6000,336000,200,0,4.0,10,0,1.5,bounded_out_of_subspace,504,weak,184024,completed,0.9370541700654739,5447.243177464102,retention_audit,8.16668014455989,0.7552681366582199
5208512,512,0.0031767564284268072,10.072384467102015,1.130550570908761,0,109800,"{'phase': 'estimating', 'ready': True, 'total_seen': 6000, 'epoch_index': 0, 'epoch_seen': 6000, 'calibration_count': 512, 'effective_n': 5488, 'serving_epoch': 0, 'serving_n': 5488, 'basis_rank': 20, 'parallel_radius': 7.960608141192695, 'residual_radius': 14.486430165174468, 'marginal_clipped_coordinates': 3138, 'parallel_clipped_rows': 0, 'residual_clipped_rows': 271, 'state_bytes': 100800, 'calibration_peak_state_bytes_bound': 5208512, 'epoch_history': []}",5488,0.631045936,20,3138,3.0,1.0,dual_bound,6000,336000,200,0,4.0,10,271,1.5,bounded_out_of_subspace,504,weak,100800,completed,0.9427708065926145,9508.024151192694,retention_audit,7.062708704620778,0.7271357795029572
0,512,0.004819299211153916,10.777904361522658,1.1001157113129219,0,109800,"{'effective_n': 6000, 'trim_mode': 'iqr'}",6000,1.22783409,20,0,3.0,1.0,sketch_iqr,6000,336000,200,0,4.0,10,0,1.5,in_subspace_leverage,504,weak,184024,completed,0.9095762148575011,4886.653700908402,retention_audit,7.480860513618538,0.6910403193088475
0,512,0.004227664648688314,10.77746437215826,1.1000838237966057,0,109800,"{'effective_n': 6000, 'trim_mode': 'mad'}",6000,1.128984856,20,0,3.0,1.0,sketch_mad,6000,336000,200,0,4.0,10,0,1.5,in_subspace_leverage,504,weak,184024,completed,0.9095726013242306,5314.508842269182,retention_audit,7.482272405247829,0.6912876149856154
5208512,512,0.0031767564284268072,10.014203316248498,1.123867469267247,0,109800,"{'phase': 'estimating', 'ready': True, 'total_seen': 6000, 'epoch_index': 0, 'epoch_seen': 6000, 'calibration_count': 512, 'effective_n': 5488, 'serving_epoch': 0, 'serving_n': 5488, 'basis_rank': 20, 'parallel_radius': 7.960608141192695, 'residual_radius': 14.486430165174468, 'marginal_clipped_coordinates': 3138, 'parallel_clipped_rows': 0, 'residual_clipped_rows': 271, 'state_bytes': 100800, 'calibration_peak_state_bytes_bound': 5208512, 'epoch_history': []}",5488,0.542072305,20,3138,3.0,1.0,dual_bound,6000,336000,200,0,4.0,10,271,1.5,in_subspace_leverage,504,weak,100800,completed,0.906352708174141,11068.634100389983,retention_audit,6.606024177115465,0.6747723320408731
0,512,0.004400110071546505,10.845456733779876,1.0714255384260922,0,109800,"{'effective_n': 6000, 'trim_mode': 'iqr'}",6000,1.276427717,20,0,3.0,0.9595628415300547,sketch_iqr,6000,336000,200,0,4.0,10,0,1.5,mixed,504,weak,184024,completed,0.9373940458157466,4700.618703346443,retention_audit,8.470897957048223,0.8026718584556801
0,512,0.003937809576224546,10.84609871669555,1.0714611559795346,0,109800,"{'effective_n': 6000, 'trim_mode': 'mad'}",6000,1.24359939,20,0,3.0,0.9595081967213115,sketch_mad,6000,336000,200,0,4.0,10,0,1.5,mixed,504,weak,184024,completed,0.9374302185616682,4824.704843253421,retention_audit,8.472550628516062,0.8027449187844545
5208512,512,0.0031767564284268072,9.606796651752099,1.0657826928576273,0,109800,"{'phase': 'estimating', 'ready': True, 'total_seen': 6000, 'epoch_index': 0, 'epoch_seen': 6000, 'calibration_count': 512, 'effective_n': 5488, 'serving_epoch': 0, 'serving_n': 5488, 'basis_rank': 20, 'parallel_radius': 7.960608141192695, 'residual_radius': 14.486430165174468, 'marginal_clipped_coordinates': 7574, 'parallel_clipped_rows': 1, 'residual_clipped_rows': 534, 'state_bytes': 100800, 'calibration_peak_state_bytes_bound': 5208512, 'epoch_history': []}",5488,0.58598969,20,7574,3.0,0.9595992714025501,dual_bound,6000,336000,200,1,4.0,10,534,1.5,mixed,504,weak,100800,completed,0.9394367117253432,10239.087994875814,retention_audit,7.31483145670161,0.8000150451710958
0,512,0.0034658333333333334,3.1543422988977667,0.8567468529790948,0,0,"{'effective_n': 6000, 'trim_mode': 'iqr'}",6000,1.210516394,20,0,3.0,,sketch_iqr,6000,336000,200,0,4.0,10,0,1.5,clean,505,strong,184024,completed,0.41411901441647336,4956.562364408589,retention_audit,3.156896179131799,0.8560640777750912
0,512,0.002915833333333333,3.154757285131096,0.8565880720595221,0,0,"{'effective_n': 6000, 'trim_mode': 'mad'}",6000,1.167631491,20,0,3.0,,sketch_mad,6000,336000,200,0,4.0,10,0,1.5,clean,505,strong,184024,completed,0.414119462776675,5138.60755405063,retention_audit,3.157099216385136,0.856015893607059
5208512,512,0.003092201166180758,3.070649334247879,0.8740396740052517,0,0,"{'phase': 'estimating', 'ready': True, 'total_seen': 6000, 'epoch_index': 0, 'epoch_seen': 6000, 'calibration_count': 512, 'effective_n': 5488, 'serving_epoch': 0, 'serving_n': 5488, 'basis_rank': 20, 'parallel_radius': 14.595875777499373, 'residual_radius': 12.5681367994287, 'marginal_clipped_coordinates': 3394, 'parallel_clipped_rows': 0, 'residual_clipped_rows': 663, 'state_bytes': 100800, 'calibration_peak_state_bytes_bound': 5208512, 'epoch_history': []}",5488,0.668315863,20,3394,3.0,,dual_bound,6000,336000,200,0,4.0,10,663,1.5,clean,505,strong,100800,completed,0.4699922422200884,8977.790790520261,retention_audit,3.0637400120660874,0.8772636831924338
0,512,0.0019436800587048248,2.4743672149479607,0.9907352414311857,0,109800,"{'effective_n': 6000, 'trim_mode': 'iqr'}",6000,1.259354055,20,0,3.0,0.23782331511839708,sketch_iqr,6000,336000,200,0,4.0,10,0,1.5,casewise_cauchy,505,strong,184024,completed,0.9179055747556308,4764.347227198153,retention_audit,3.1649779202289285,0.9917915629260897
0,512,0.0014621170427444505,2.474098784149784,0.9907201570201858,0,109800,"{'effective_n': 6000, 'trim_mode': 'mad'}",6000,1.223043938,20,0,3.0,0.2367304189435337,sketch_mad,6000,336000,200,0,4.0,10,0,1.5,casewise_cauchy,505,strong,184024,completed,0.9166016347838677,4905.792681341919,retention_audit,3.162898701510329,0.991792532278811
5208512,512,0.0030785584126341364,3.0836617554587877,0.9004252121522633,0,109800,"{'phase': 'estimating', 'ready': True, 'total_seen': 6000, 'epoch_index': 0, 'epoch_seen': 6000, 'calibration_count': 512, 'effective_n': 5488, 'serving_epoch': 0, 'serving_n': 5488, 'basis_rank': 20, 'parallel_radius': 14.595875777499373, 'residual_radius': 12.5681367994287, 'marginal_clipped_coordinates': 89019, 'parallel_clipped_rows': 58, 'residual_clipped_rows': 1134, 'state_bytes': 100800, 'calibration_peak_state_bytes_bound': 5208512, 'epoch_history': []}",5488,0.650667665,20,89019,3.0,0.21695810564663023,dual_bound,6000,336000,200,58,4.0,10,1134,1.5,casewise_cauchy,505,strong,100800,completed,0.5054673718866307,9221.297326954153,retention_audit,3.214197151122964,0.9073657130532458
0,512,0.0019521252295673585,2.141742478711354,0.9959437170599147,0,109906,"{'effective_n': 6000, 'trim_mode': 'iqr'}",6000,1.206119365,20,0,3.0,0.23810347023820355,sketch_iqr,6000,336000,200,0,4.0,10,0,1.5,cellwise_cauchy,505,strong,184024,completed,0.8112684453812697,4974.6320091627085,retention_audit,3.0083256768493274,0.9970353088762882
0,512,0.001470515386746464,2.139762778999057,0.9959147244968998,0,109906,"{'effective_n': 6000, 'trim_mode': 'mad'}",6000,1.163890642,20,0,3.0,0.23684785180062962,sketch_mad,6000,336000,200,0,4.0,10,0,1.5,cellwise_cauchy,505,strong,184024,completed,0.8099861211129747,5155.123499996317,retention_audit,3.0032404646122464,0.997007861354028
5208512,512,0.0030890133988866995,2.858101920992835,0.9670837259915953,0,109906,"{'phase': 'estimating', 'ready': True, 'total_seen': 6000, 'epoch_index': 0, 'epoch_seen': 6000, 'calibration_count': 512, 'effective_n': 5488, 'serving_epoch': 0, 'serving_n': 5488, 'basis_rank': 20, 'parallel_radius': 14.595875777499373, 'residual_radius': 12.5681367994287, 'marginal_clipped_coordinates': 89063, 'parallel_clipped_rows': 0, 'residual_clipped_rows': 5487, 'state_bytes': 100800, 'calibration_peak_state_bytes_bound': 5208512, 'epoch_history': []}",5488,0.660516305,20,89063,3.0,0.21740396338689424,dual_bound,6000,336000,200,0,4.0,10,5487,1.5,cellwise_cauchy,505,strong,100800,completed,0.6266698442690222,9083.803010737183,retention_audit,3.408414827885382,0.9691360331185327
0,512,0.004633094844982572,4.23168413332041,1.0000194346030173,0,109800,"{'effective_n': 6000, 'trim_mode': 'iqr'}",6000,1.170660622,20,0,3.0,1.0,sketch_iqr,6000,336000,200,0,4.0,10,0,1.5,bounded_out_of_subspace,505,strong,184024,completed,0.5530678547801777,5125.311202276009,retention_audit,3.2934024644762236,0.7222158417875769
0,512,0.003931388736011741,4.229869747998174,0.9998218177299804,0,109800,"{'effective_n': 6000, 'trim_mode': 'mad'}",6000,1.177758925,20,0,3.0,1.0,sketch_mad,6000,336000,200,0,4.0,10,0,1.5,bounded_out_of_subspace,505,strong,184024,completed,0.5530101657775519,5094.421169425653,retention_audit,3.292688251870134,0.7224420196442852
5208512,512,0.0030785584126341364,4.4301974790963605,1.0304818447591528,0,109800,"{'phase': 'estimating', 'ready': True, 'total_seen': 6000, 'epoch_index': 0, 'epoch_seen': 6000, 'calibration_count': 512, 'effective_n': 5488, 'serving_epoch': 0, 'serving_n': 5488, 'basis_rank': 20, 'parallel_radius': 14.595875777499373, 'residual_radius': 12.5681367994287, 'marginal_clipped_coordinates': 3041, 'parallel_clipped_rows': 0, 'residual_clipped_rows': 1134, 'state_bytes': 100800, 'calibration_peak_state_bytes_bound': 5208512, 'epoch_history': []}",5488,0.688231188,20,3041,3.0,1.0,dual_bound,6000,336000,200,0,4.0,10,1134,1.5,bounded_out_of_subspace,505,strong,100800,completed,0.5737999734183216,8718.000730882308,retention_audit,3.3279199586921333,0.721936787339135
0,512,0.004563382865529261,5.065392466843761,0.9780725724352108,0,109800,"{'effective_n': 6000, 'trim_mode': 'iqr'}",6000,1.194290465,20,0,3.0,1.0,sketch_iqr,6000,336000,200,0,4.0,10,0,1.5,in_subspace_leverage,505,strong,184024,completed,0.5254253952682748,5023.903460537132,retention_audit,3.385807954176595,0.5550628406750702
0,512,0.003865345808108604,5.0635307904855855,0.9779851115931464,0,109800,"{'effective_n': 6000, 'trim_mode': 'mad'}",6000,1.200064151,20,0,3.0,1.0,sketch_mad,6000,336000,200,0,4.0,10,0,1.5,in_subspace_leverage,505,strong,184024,completed,0.5252692531140274,4999.732718455315,retention_audit,3.3856322713118705,0.5553414172987612
5208512,512,0.0030785584126341364,5.241946492192121,1.0172050075811716,0,109800,"{'phase': 'estimating', 'ready': True, 'total_seen': 6000, 'epoch_index': 0, 'epoch_seen': 6000, 'calibration_count': 512, 'effective_n': 5488, 'serving_epoch': 0, 'serving_n': 5488, 'basis_rank': 20, 'parallel_radius': 14.595875777499373, 'residual_radius': 12.5681367994287, 'marginal_clipped_coordinates': 3041, 'parallel_clipped_rows': 0, 'residual_clipped_rows': 585, 'state_bytes': 100800, 'calibration_peak_state_bytes_bound': 5208512, 'epoch_history': []}",5488,0.712344439,20,3041,3.0,1.0,dual_bound,6000,336000,200,0,4.0,10,585,1.5,in_subspace_leverage,505,strong,100800,completed,0.5749431502787742,8422.891611848465,retention_audit,3.3692190429526065,0.5553376570040484
0,512,0.00428820399926619,4.184973547196324,0.9806575645592062,0,109800,"{'effective_n': 6000, 'trim_mode': 'iqr'}",6000,1.223184811,20,0,3.0,0.9600091074681238,sketch_iqr,6000,336000,200,0,4.0,10,0,1.5,mixed,505,strong,184024,completed,0.5573008019416232,4905.2276859902895,retention_audit,3.476020554127658,0.7610652912732363
0,512,0.0036828104934874335,4.18281574840439,0.9804562087446033,0,109800,"{'effective_n': 6000, 'trim_mode': 'mad'}",6000,1.136222716,20,0,3.0,0.9600273224043716,sketch_mad,6000,336000,200,0,4.0,10,0,1.5,mixed,505,strong,184024,completed,0.5572033320514022,5280.654853585941,retention_audit,3.474620937743927,0.7611716762647032
5208512,512,0.0030785584126341364,3.917545193508425,0.9573379853236678,0,109800,"{'phase': 'estimating', 'ready': True, 'total_seen': 6000, 'epoch_index': 0, 'epoch_seen': 6000, 'calibration_count': 512, 'effective_n': 5488, 'serving_epoch': 0, 'serving_n': 5488, 'basis_rank': 20, 'parallel_radius': 14.595875777499373, 'residual_radius': 12.5681367994287, 'marginal_clipped_coordinates': 7453, 'parallel_clipped_rows': 0, 'residual_clipped_rows': 1134, 'state_bytes': 100800, 'calibration_peak_state_bytes_bound': 5208512, 'epoch_history': []}",5488,0.672833244,20,7453,3.0,0.9598178506375228,dual_bound,6000,336000,200,0,4.0,10,1134,1.5,mixed,505,strong,100800,completed,0.5587330019396954,8917.514188701412,retention_audit,3.2717300299718244,0.8041477046713047
0,512,0.003335,3.398684272105297,0.9981212873750713,0,0,"{'effective_n': 6000, 'trim_mode': 'iqr'}",6000,1.198420725,20,0,3.0,,sketch_iqr,6000,336000,200,0,4.0,10,0,1.5,clean,505,weak,184024,completed,0.8867997607703728,5006.588984014775,retention_audit,3.4046640864707878,0.9981135526496954
0,512,0.00287,3.3982659424354194,0.9981206755988437,0,0,"{'effective_n': 6000, 'trim_mode': 'mad'}",6000,1.154853629,20,0,3.0,,sketch_mad,6000,336000,200,0,4.0,10,0,1.5,clean,505,weak,184024,completed,0.8868005873142076,5195.463606236804,retention_audit,3.404315522206536,0.9981141294788994
5208512,512,0.0032270408163265307,2.8010546148460262,0.9965330575693021,0,0,"{'phase': 'estimating', 'ready': True, 'total_seen': 6000, 'epoch_index': 0, 'epoch_seen': 6000, 'calibration_count': 512, 'effective_n': 5488, 'serving_epoch': 0, 'serving_n': 5488, 'basis_rank': 20, 'parallel_radius': 8.49262271250135, 'residual_radius': 14.476883210563292, 'marginal_clipped_coordinates': 3542, 'parallel_clipped_rows': 0, 'residual_clipped_rows': 344, 'state_bytes': 100800, 'calibration_peak_state_bytes_bound': 5208512, 'epoch_history': []}",5488,0.618539828,20,3542,3.0,,dual_bound,6000,336000,200,0,4.0,10,344,1.5,clean,505,weak,100800,completed,0.8943674958984673,9700.264604464566,retention_audit,2.798272688240739,0.9964925214274998
0,512,0.0018574573472757293,3.771571088999767,0.9891906229987116,0,109800,"{'effective_n': 6000, 'trim_mode': 'iqr'}",6000,1.215509857,20,0,3.0,0.2099544626593807,sketch_iqr,6000,336000,200,0,4.0,10,0,1.5,casewise_cauchy,505,weak,184024,completed,0.9698805438580569,4936.200200637287,retention_audit,3.759030473489222,0.9923530764636694
0,512,0.001474041460282517,3.774558807410516,0.9893093381464313,0,109800,"{'effective_n': 6000, 'trim_mode': 'mad'}",6000,1.193031807,20,0,3.0,0.20882513661202184,sketch_mad,6000,336000,200,0,4.0,10,0,1.5,casewise_cauchy,505,weak,184024,completed,0.9698254319647879,5029.203718455429,retention_audit,3.763320311539421,0.9924040620549602
5208512,512,0.003248633326584329,2.7886805141629747,0.9964898451877248,0,109800,"{'phase': 'estimating', 'ready': True, 'total_seen': 6000, 'epoch_index': 0, 'epoch_seen': 6000, 'calibration_count': 512, 'effective_n': 5488, 'serving_epoch': 0, 'serving_n': 5488, 'basis_rank': 20, 'parallel_radius': 8.49262271250135, 'residual_radius': 14.476883210563292, 'marginal_clipped_coordinates': 92127, 'parallel_clipped_rows': 539, 'residual_clipped_rows': 864, 'state_bytes': 100800, 'calibration_peak_state_bytes_bound': 5208512, 'epoch_history': []}",5488,0.567881693,20,92127,3.0,0.19018214936247724,dual_bound,6000,336000,200,539,4.0,10,864,1.5,casewise_cauchy,505,weak,100800,completed,0.90624341065645,10565.580954552799,retention_audit,2.8024127599061006,0.9965582692199844
0,512,0.0018333831651585661,3.4310040486570434,0.9974562774957352,0,109666,"{'effective_n': 6000, 'trim_mode': 'iqr'}",6000,1.228357967,20,0,3.0,0.21291922747250744,sketch_iqr,6000,336000,200,0,4.0,10,0,1.5,cellwise_cauchy,505,weak,184024,completed,0.9380074458348403,4884.569613411398,retention_audit,3.5614917866543245,0.9984860891463978
0,512,0.0014509315494151333,3.429513155585317,0.9974626721638552,0,109666,"{'effective_n': 6000, 'trim_mode': 'mad'}",6000,1.162370996,20,0,3.0,0.21153320080973137,sketch_mad,6000,336000,200,0,4.0,10,0,1.5,cellwise_cauchy,505,weak,184024,completed,0.9378569676661053,5161.863140638791,retention_audit,3.5595693602121954,0.9984821775665353
5208512,512,0.003185435464312393,2.7767325503348266,0.996344145466151,0,109666,"{'phase': 'estimating', 'ready': True, 'total_seen': 6000, 'epoch_index': 0, 'epoch_seen': 6000, 'calibration_count': 512, 'effective_n': 5488, 'serving_epoch': 0, 'serving_n': 5488, 'basis_rank': 20, 'parallel_radius': 8.49262271250135, 'residual_radius': 14.476883210563292, 'marginal_clipped_coordinates': 91614, 'parallel_clipped_rows': 22, 'residual_clipped_rows': 5482, 'state_bytes': 100800, 'calibration_peak_state_bytes_bound': 5208512, 'epoch_history': []}",5488,0.627848566,20,91614,3.0,0.19330512647493298,dual_bound,6000,336000,200,22,4.0,10,5482,1.5,cellwise_cauchy,505,weak,100800,completed,0.9330581077845662,9556.444539207563,retention_audit,2.8342333441484104,0.9968088720360899
0,512,0.004857824252430747,10.295123425910907,1.098696891466444,0,109800,"{'effective_n': 6000, 'trim_mode': 'iqr'}",6000,1.196159384,20,0,3.0,1.0,sketch_iqr,6000,336000,200,0,4.0,10,0,1.5,bounded_out_of_subspace,505,weak,184024,completed,0.929610490049599,5016.053947539821,retention_audit,7.634319019193895,0.7635232629787913
0,512,0.00426252063841497,10.295942155154881,1.0986654341468336,0,109800,"{'effective_n': 6000, 'trim_mode': 'mad'}",6000,1.07730937,20,0,3.0,1.0,sketch_mad,6000,336000,200,0,4.0,10,0,1.5,bounded_out_of_subspace,505,weak,184024,completed,0.9295416544685993,5569.43081261792,retention_audit,7.6369354077409035,0.763743240610066
5208512,512,0.003248633326584329,9.469727915641354,1.1172454751351073,0,109800,"{'phase': 'estimating', 'ready': True, 'total_seen': 6000, 'epoch_index': 0, 'epoch_seen': 6000, 'calibration_count': 512, 'effective_n': 5488, 'serving_epoch': 0, 'serving_n': 5488, 'basis_rank': 20, 'parallel_radius': 8.49262271250135, 'residual_radius': 14.476883210563292, 'marginal_clipped_coordinates': 3209, 'parallel_clipped_rows': 0, 'residual_clipped_rows': 315, 'state_bytes': 100800, 'calibration_peak_state_bytes_bound': 5208512, 'epoch_history': []}",5488,0.651129111,20,3209,3.0,1.0,dual_bound,6000,336000,200,0,4.0,10,315,1.5,bounded_out_of_subspace,505,weak,100800,completed,0.9278132956661076,9214.762323842713,retention_audit,6.67824651444949,0.741413312181141
0,512,0.004546872133553477,11.030130564421084,1.23620313523886,0,109800,"{'effective_n': 6000, 'trim_mode': 'iqr'}",6000,1.220270104,20,0,3.0,1.0,sketch_iqr,6000,336000,200,0,4.0,10,0,1.5,in_subspace_leverage,505,weak,184024,completed,0.8963230891012696,4916.944191562363,retention_audit,6.97024653611398,0.604792721324798
0,512,0.003958906622638048,11.031107508592166,1.2361621362169717,0,109800,"{'effective_n': 6000, 'trim_mode': 'mad'}",6000,1.140256502,20,0,3.0,1.0,sketch_mad,6000,336000,200,0,4.0,10,0,1.5,in_subspace_leverage,505,weak,184024,completed,0.8962620112686461,5261.973941368501,retention_audit,6.973087835499294,0.6050524686176275
5208512,512,0.003248633326584329,10.276057575178054,1.2225154723361222,0,109800,"{'phase': 'estimating', 'ready': True, 'total_seen': 6000, 'epoch_index': 0, 'epoch_seen': 6000, 'calibration_count': 512, 'effective_n': 5488, 'serving_epoch': 0, 'serving_n': 5488, 'basis_rank': 20, 'parallel_radius': 8.49262271250135, 'residual_radius': 14.476883210563292, 'marginal_clipped_coordinates': 3209, 'parallel_clipped_rows': 549, 'residual_clipped_rows': 315, 'state_bytes': 100800, 'calibration_peak_state_bytes_bound': 5208512, 'epoch_history': []}",5488,0.568195575,20,3209,3.0,1.0,dual_bound,6000,336000,200,549,4.0,10,315,1.5,in_subspace_leverage,505,weak,100800,completed,0.8971129165968603,10559.744327470344,retention_audit,6.350697919826378,0.6201959320085244
0,512,0.004475325628325078,10.057472943536506,1.0669438693106847,0,109800,"{'effective_n': 6000, 'trim_mode': 'iqr'}",6000,1.110296918,20,0,3.0,0.9607285974499089,sketch_iqr,6000,336000,200,0,4.0,10,0,1.5,mixed,505,weak,184024,completed,0.927899340751159,5403.959880216474,retention_audit,7.852928495845153,0.8065972614925113
0,512,0.004015776921665749,10.058994081409859,1.0669514005036758,0,109800,"{'effective_n': 6000, 'trim_mode': 'mad'}",6000,1.179873621,20,0,3.0,0.9607012750455374,sketch_mad,6000,336000,200,0,4.0,10,0,1.5,mixed,505,weak,184024,completed,0.9278555891736787,5085.290401623446,retention_audit,7.855263159747868,0.8066873169630886
5208512,512,0.003248633326584329,9.06491687736966,1.061976331613688,0,109800,"{'phase': 'estimating', 'ready': True, 'total_seen': 6000, 'epoch_index': 0, 'epoch_seen': 6000, 'calibration_count': 512, 'effective_n': 5488, 'serving_epoch': 0, 'serving_n': 5488, 'basis_rank': 20, 'parallel_radius': 8.49262271250135, 'residual_radius': 14.476883210563292, 'marginal_clipped_coordinates': 7529, 'parallel_clipped_rows': 0, 'residual_clipped_rows': 564, 'state_bytes': 100800, 'calibration_peak_state_bytes_bound': 5208512, 'epoch_history': []}",5488,0.755320295,20,7529,3.0,0.9606557377049181,dual_bound,6000,336000,200,0,4.0,10,564,1.5,mixed,505,weak,100800,completed,0.9262478672674788,7943.649918740764,retention_audit,6.887887577503573,0.8065341170238283
0,512,0.003455,3.2187106500116625,0.8462084019060275,0,0,"{'effective_n': 6000, 'trim_mode': 'iqr'}",6000,1.159650034,20,0,3.0,,sketch_iqr,6000,336000,200,0,4.0,10,0,1.5,clean,506,strong,184024,completed,0.4778605419611292,5173.97475452495,retention_audit,3.2240148710403336,0.845585372579767
0,512,0.0029666666666666665,3.218458908487321,0.8460613770146362,0,0,"{'effective_n': 6000, 'trim_mode': 'mad'}",6000,1.190671903,20,0,3.0,,sketch_mad,6000,336000,200,0,4.0,10,0,1.5,clean,506,strong,184024,completed,0.4778687825920503,5039.171567652253,retention_audit,3.2231563620389174,0.8455505997020039
5208512,512,0.0030776239067055395,3.163914179579008,0.8654152414905258,0,0,"{'phase': 'estimating', 'ready': True, 'total_seen': 6000, 'epoch_index': 0, 'epoch_seen': 6000, 'calibration_count': 512, 'effective_n': 5488, 'serving_epoch': 0, 'serving_n': 5488, 'basis_rank': 20, 'parallel_radius': 14.908097039330944, 'residual_radius': 12.48450264964052, 'marginal_clipped_coordinates': 3378, 'parallel_clipped_rows': 0, 'residual_clipped_rows': 788, 'state_bytes': 100800, 'calibration_peak_state_bytes_bound': 5208512, 'epoch_history': []}",5488,0.678768834,20,3378,3.0,,dual_bound,6000,336000,200,0,4.0,10,788,1.5,clean,506,strong,100800,completed,0.4957365858699967,8839.533725557,retention_audit,3.1532159197711276,0.8691948138721703
0,512,0.0018482847184002936,2.295007207127884,0.9908462224244183,0,109800,"{'effective_n': 6000, 'trim_mode': 'iqr'}",6000,1.1849346,20,0,3.0,0.236448087431694,sketch_iqr,6000,336000,200,0,4.0,10,0,1.5,casewise_cauchy,506,strong,184024,completed,0.9385966472549634,5063.5705970608,retention_audit,2.9343111667046946,0.9914814228734778
0,512,0.0014446890478811228,2.2940660859755635,0.990843831670808,0,109800,"{'effective_n': 6000, 'trim_mode': 'mad'}",6000,1.172991242,20,0,3.0,0.2352185792349727,sketch_mad,6000,336000,200,0,4.0,10,0,1.5,casewise_cauchy,506,strong,184024,completed,0.9375845030202625,5115.1277052757405,retention_audit,2.9304214282467576,0.9914928825885001
5208512,512,0.003094756023486536,3.1210884465859694,0.8959893196889165,0,109800,"{'phase': 'estimating', 'ready': True, 'total_seen': 6000, 'epoch_index': 0, 'epoch_seen': 6000, 'calibration_count': 512, 'effective_n': 5488, 'serving_epoch': 0, 'serving_n': 5488, 'basis_rank': 20, 'parallel_radius': 14.908097039330944, 'residual_radius': 12.48450264964052, 'marginal_clipped_coordinates': 89052, 'parallel_clipped_rows': 34, 'residual_clipped_rows': 1242, 'state_bytes': 100800, 'calibration_peak_state_bytes_bound': 5208512, 'epoch_history': []}",5488,0.595135076,20,89052,3.0,0.2168032786885246,dual_bound,6000,336000,200,34,4.0,10,1242,1.5,casewise_cauchy,506,strong,100800,completed,0.5469567669948242,10081.744870974468,retention_audit,3.272907602263461,0.9035001718048055
0,512,0.001851845057710793,2.138825281457962,0.9953025044323015,0,109736,"{'effective_n': 6000, 'trim_mode': 'iqr'}",6000,1.201655417,20,0,3.0,0.23703251439819203,sketch_iqr,6000,336000,200,0,4.0,10,0,1.5,cellwise_cauchy,506,strong,184024,completed,0.8024534963562157,4993.111931354943,retention_audit,3.0585150281503823,0.9966426177386012
0,512,0.0014317633160408855,2.139561313562629,0.99528243825592,0,109736,"{'effective_n': 6000, 'trim_mode': 'mad'}",6000,1.082997938,20,0,3.0,0.23572027411241525,sketch_mad,6000,336000,200,0,4.0,10,0,1.5,cellwise_cauchy,506,strong,184024,completed,0.8015490417576665,5540.176753318989,retention_audit,3.055703077050792,0.9966165404340837
5208512,512,0.0030682361134731096,3.0398013713329815,0.961783673099055,0,109736,"{'phase': 'estimating', 'ready': True, 'total_seen': 6000, 'epoch_index': 0, 'epoch_seen': 6000, 'calibration_count': 512, 'effective_n': 5488, 'serving_epoch': 0, 'serving_n': 5488, 'basis_rank': 20, 'parallel_radius': 14.908097039330944, 'residual_radius': 12.48450264964052, 'marginal_clipped_coordinates': 89013, 'parallel_clipped_rows': 0, 'residual_clipped_rows': 5488, 'state_bytes': 100800, 'calibration_peak_state_bytes_bound': 5208512, 'epoch_history': []}",5488,0.584902339,20,89013,3.0,0.21646497047459357,dual_bound,6000,336000,200,0,4.0,10,5488,1.5,cellwise_cauchy,506,strong,100800,completed,0.6574893917375245,10258.12276671371,retention_audit,3.6379355203300325,0.9644504756422282
0,512,0.0045441203448908455,4.131087595497909,0.9957390489968414,0,109800,"{'effective_n': 6000, 'trim_mode': 'iqr'}",6000,1.264048113,20,0,3.0,1.0,sketch_iqr,6000,336000,200,0,4.0,10,0,1.5,bounded_out_of_subspace,506,strong,184024,completed,0.5565105844621432,4746.654765980415,retention_audit,3.197960456406195,0.7134512294313287
0,512,0.003991010823702073,4.129351307261564,0.9955736851524528,0,109800,"{'effective_n': 6000, 'trim_mode': 'mad'}",6000,1.190214499,20,0,3.0,1.0,sketch_mad,6000,336000,200,0,4.0,10,0,1.5,bounded_out_of_subspace,506,strong,184024,completed,0.556385196350492,5041.108140626003,retention_audit,3.1968148563871717,0.7136417589051067
5208512,512,0.003094756023486536,4.286803161336704,1.0139134740864009,0,109800,"{'phase': 'estimating', 'ready': True, 'total_seen': 6000, 'epoch_index': 0, 'epoch_seen': 6000, 'calibration_count': 512, 'effective_n': 5488, 'serving_epoch': 0, 'serving_n': 5488, 'basis_rank': 20, 'parallel_radius': 14.908097039330944, 'residual_radius': 12.48450264964052, 'marginal_clipped_coordinates': 3057, 'parallel_clipped_rows': 0, 'residual_clipped_rows': 1242, 'state_bytes': 100800, 'calibration_peak_state_bytes_bound': 5208512, 'epoch_history': []}",5488,0.674052848,20,3057,3.0,1.0,dual_bound,6000,336000,200,0,4.0,10,1242,1.5,bounded_out_of_subspace,506,strong,100800,completed,0.5817201779484652,8901.379198682653,retention_audit,3.248689720198385,0.7225750690049034
0,512,0.004359750504494588,5.007041848776628,1.0276664607462398,0,109800,"{'effective_n': 6000, 'trim_mode': 'iqr'}",6000,1.239462086,20,0,3.0,1.0,sketch_iqr,6000,336000,200,0,4.0,10,0,1.5,in_subspace_leverage,506,strong,184024,completed,0.5651809210936147,4840.809628443931,retention_audit,3.238256896757603,0.5163830856385043
0,512,0.0037993028802054667,5.005163330299703,1.0274982569092956,0,109800,"{'effective_n': 6000, 'trim_mode': 'mad'}",6000,1.194317268,20,0,3.0,1.0,sketch_mad,6000,336000,200,0,4.0,10,0,1.5,in_subspace_leverage,506,strong,184024,completed,0.5650493044959484,5023.790713540951,retention_audit,3.237786966967597,0.5166668449557527
5208512,512,0.003094756023486536,5.2039366952448125,1.0808032403168883,0,109800,"{'phase': 'estimating', 'ready': True, 'total_seen': 6000, 'epoch_index': 0, 'epoch_seen': 6000, 'calibration_count': 512, 'effective_n': 5488, 'serving_epoch': 0, 'serving_n': 5488, 'basis_rank': 20, 'parallel_radius': 14.908097039330944, 'residual_radius': 12.48450264964052, 'marginal_clipped_coordinates': 3057, 'parallel_clipped_rows': 0, 'residual_clipped_rows': 693, 'state_bytes': 100800, 'calibration_peak_state_bytes_bound': 5208512, 'epoch_history': []}",5488,0.588930871,20,3057,3.0,1.0,dual_bound,6000,336000,200,0,4.0,10,693,1.5,in_subspace_leverage,506,strong,100800,completed,0.5898654533647584,10187.952942273254,retention_audit,3.226621620684431,0.5126463629678092
0,512,0.004214822968262704,4.109515019612657,0.9771018580598224,0,109800,"{'effective_n': 6000, 'trim_mode': 'iqr'}",6000,1.242766654,20,0,3.0,0.9615938069216757,sketch_iqr,6000,336000,200,0,4.0,10,0,1.5,mixed,506,strong,184024,completed,0.5684554940672442,4827.937715168209,retention_audit,3.390739795928646,0.7500592415562365
0,512,0.003767198679141442,4.107541365883795,0.9769511075327829,0,109800,"{'effective_n': 6000, 'trim_mode': 'mad'}",6000,1.179374263,20,0,3.0,0.9616484517304189,sketch_mad,6000,336000,200,0,4.0,10,0,1.5,mixed,506,strong,184024,completed,0.5682346676233108,5087.443560738446,retention_audit,3.3886912297165797,0.7500900706346333
5208512,512,0.003094756023486536,3.8627614982363028,0.9479202264600601,0,109800,"{'phase': 'estimating', 'ready': True, 'total_seen': 6000, 'epoch_index': 0, 'epoch_seen': 6000, 'calibration_count': 512, 'effective_n': 5488, 'serving_epoch': 0, 'serving_n': 5488, 'basis_rank': 20, 'parallel_radius': 14.908097039330944, 'residual_radius': 12.48450264964052, 'marginal_clipped_coordinates': 7276, 'parallel_clipped_rows': 0, 'residual_clipped_rows': 1242, 'state_bytes': 100800, 'calibration_peak_state_bytes_bound': 5208512, 'epoch_history': []}",5488,0.624552586,20,7276,3.0,0.9615755919854281,dual_bound,6000,336000,200,0,4.0,10,1242,1.5,mixed,506,strong,100800,completed,0.5680384331014494,9606.877202170452,retention_audit,3.238227913936478,0.7986424314799568
0,512,0.003335,3.3381879525697413,0.9983982294006402,0,0,"{'effective_n': 6000, 'trim_mode': 'iqr'}",6000,1.198647327,20,0,3.0,,sketch_iqr,6000,336000,200,0,4.0,10,0,1.5,clean,506,weak,184024,completed,0.9084998539088286,5005.642497878778,retention_audit,3.342710341028254,0.9983875705211211
0,512,0.0029175,3.3386605625448764,0.9983989711073646,0,0,"{'effective_n': 6000, 'trim_mode': 'mad'}",6000,1.136824102,20,0,3.0,,sketch_mad,6000,336000,200,0,4.0,10,0,1.5,clean,506,weak,184024,completed,0.9085047925357297,5277.8613590653795,retention_audit,3.3431456324749984,0.9983891697162703
5208512,512,0.003238884839650146,2.8177059259571613,0.9969827512977839,0,0,"{'phase': 'estimating', 'ready': True, 'total_seen': 6000, 'epoch_index': 0, 'epoch_seen': 6000, 'calibration_count': 512, 'effective_n': 5488, 'serving_epoch': 0, 'serving_n': 5488, 'basis_rank': 20, 'parallel_radius': 8.278271722292164, 'residual_radius': 14.461991842909768, 'marginal_clipped_coordinates': 3555, 'parallel_clipped_rows': 0, 'residual_clipped_rows': 380, 'state_bytes': 100800, 'calibration_peak_state_bytes_bound': 5208512, 'epoch_history': []}",5488,0.585118308,20,3555,3.0,,dual_bound,6000,336000,200,0,4.0,10,380,1.5,clean,506,weak,100800,completed,0.9132420603883497,10254.336461473362,retention_audit,2.816147135545251,0.9969446335121579
0,512,0.0017794900018345257,3.9089008374711742,0.9900395195777356,0,109800,"{'effective_n': 6000, 'trim_mode': 'iqr'}",6000,1.243474903,20,0,3.0,0.2115846994535519,sketch_iqr,6000,336000,200,0,4.0,10,0,1.5,casewise_cauchy,506,weak,184024,completed,0.9672684374170595,4825.187855037875,retention_audit,3.893850833550242,0.9930225604565559
0,512,0.0013924050632911392,3.9153194362620796,0.9901465150594015,0,109800,"{'effective_n': 6000, 'trim_mode': 'mad'}",6000,1.187245774,20,0,3.0,0.21039162112932605,sketch_mad,6000,336000,200,0,4.0,10,0,1.5,casewise_cauchy,506,weak,184024,completed,0.9671654905004496,5053.7135034687435,retention_audit,3.9015620543075538,0.993062124628626
5208512,512,0.003242559222514679,2.806228389320566,0.9967501523826563,0,109800,"{'phase': 'estimating', 'ready': True, 'total_seen': 6000, 'epoch_index': 0, 'epoch_seen': 6000, 'calibration_count': 512, 'effective_n': 5488, 'serving_epoch': 0, 'serving_n': 5488, 'basis_rank': 20, 'parallel_radius': 8.278271722292164, 'residual_radius': 14.461991842909768, 'marginal_clipped_coordinates': 92016, 'parallel_clipped_rows': 543, 'residual_clipped_rows': 898, 'state_bytes': 100800, 'calibration_peak_state_bytes_bound': 5208512, 'epoch_history': []}",5488,0.599349661,20,92016,3.0,0.1911384335154827,dual_bound,6000,336000,200,543,4.0,10,898,1.5,casewise_cauchy,506,weak,100800,completed,0.9269291567915466,10010.850744437144,retention_audit,2.81924696318518,0.9967857714719717
0,512,0.0017924173312897512,3.3534296277554927,0.9972604541000949,0,110410,"{'effective_n': 6000, 'trim_mode': 'iqr'}",6000,1.173509709,20,0,3.0,0.21138483832986144,sketch_iqr,6000,336000,200,0,4.0,10,0,1.5,cellwise_cauchy,506,weak,184024,completed,0.9501348982679255,5112.867796477686,retention_audit,3.472246979522501,0.9983126934689539
0,512,0.0014335667544672767,3.354542269428925,0.9972778945672067,0,110410,"{'effective_n': 6000, 'trim_mode': 'mad'}",6000,1.155298628,20,0,3.0,0.21007155148990128,sketch_mad,6000,336000,200,0,4.0,10,0,1.5,cellwise_cauchy,506,weak,184024,completed,0.9500498210611812,5193.462412732996,retention_audit,3.472957437123131,0.9983144202011252
5208512,512,0.003242536897659012,2.787687173158474,0.9964575351705952,0,110410,"{'phase': 'estimating', 'ready': True, 'total_seen': 6000, 'epoch_index': 0, 'epoch_seen': 6000, 'calibration_count': 512, 'effective_n': 5488, 'serving_epoch': 0, 'serving_n': 5488, 'basis_rank': 20, 'parallel_radius': 8.278271722292164, 'residual_radius': 14.461991842909768, 'marginal_clipped_coordinates': 92630, 'parallel_clipped_rows': 59, 'residual_clipped_rows': 5479, 'state_bytes': 100800, 'calibration_peak_state_bytes_bound': 5208512, 'epoch_history': []}",5488,0.664196827,20,92630,3.0,0.1900280771669233,dual_bound,6000,336000,200,59,4.0,10,5479,1.5,cellwise_cauchy,506,weak,100800,completed,0.9392432318317092,9033.466822026838,retention_audit,2.836394710291728,0.9968183849922634
0,512,0.00569620253164557,9.365038679287558,1.0158755217829416,0,109800,"{'effective_n': 6000, 'trim_mode': 'iqr'}",6000,1.10687905,20,0,3.0,1.0,sketch_iqr,6000,336000,200,0,4.0,10,0,1.5,bounded_out_of_subspace,506,weak,184024,completed,0.9342658983119332,5420.646456358533,retention_audit,7.884226416649405,0.8843423753892431
0,512,0.005151348376444689,9.363855509935954,1.0158580167427758,0,109800,"{'effective_n': 6000, 'trim_mode': 'mad'}",6000,1.114715081,20,0,3.0,1.0,sketch_mad,6000,336000,200,0,4.0,10,0,1.5,bounded_out_of_subspace,506,weak,184024,completed,0.9342817146212371,5382.5413347933345,retention_audit,7.884639687292073,0.8845148321612909
5208512,512,0.003242559222514679,8.186153727894595,1.0169879516033906,0,109800,"{'phase': 'estimating', 'ready': True, 'total_seen': 6000, 'epoch_index': 0, 'epoch_seen': 6000, 'calibration_count': 512, 'effective_n': 5488, 'serving_epoch': 0, 'serving_n': 5488, 'basis_rank': 20, 'parallel_radius': 8.278271722292164, 'residual_radius': 14.461991842909768, 'marginal_clipped_coordinates': 3203, 'parallel_clipped_rows': 0, 'residual_clipped_rows': 349, 'state_bytes': 100800, 'calibration_peak_state_bytes_bound': 5208512, 'epoch_history': []}",5488,0.668838539,20,3203,3.0,1.0,dual_bound,6000,336000,200,0,4.0,10,349,1.5,bounded_out_of_subspace,506,weak,100800,completed,0.9336583726014301,8970.774933171127,retention_audit,6.637114350445034,0.8773689747334315
0,512,0.004786277747202348,10.94355335404365,1.1696665769176882,0,109800,"{'effective_n': 6000, 'trim_mode': 'iqr'}",6000,1.167117232,20,0,3.0,1.0,sketch_iqr,6000,336000,200,0,4.0,10,0,1.5,in_subspace_leverage,506,weak,184024,completed,0.9044663240409087,5140.871744064867,retention_audit,7.176743417164421,0.6434518923762216
0,512,0.0041900568702990275,10.94374592653991,1.1696083217365085,0,109800,"{'effective_n': 6000, 'trim_mode': 'mad'}",6000,1.166485968,20,0,3.0,1.0,sketch_mad,6000,336000,200,0,4.0,10,0,1.5,in_subspace_leverage,506,weak,184024,completed,0.9044813270825878,5143.65381547393,retention_audit,7.179430047929488,0.6437573621189722
5208512,512,0.003242559222514679,10.263863986436265,1.2060266070167038,0,109800,"{'phase': 'estimating', 'ready': True, 'total_seen': 6000, 'epoch_index': 0, 'epoch_seen': 6000, 'calibration_count': 512, 'effective_n': 5488, 'serving_epoch': 0, 'serving_n': 5488, 'basis_rank': 20, 'parallel_radius': 8.278271722292164, 'residual_radius': 14.461991842909768, 'marginal_clipped_coordinates': 3203, 'parallel_clipped_rows': 0, 'residual_clipped_rows': 349, 'state_bytes': 100800, 'calibration_peak_state_bytes_bound': 5208512, 'epoch_history': []}",5488,0.605558363,20,3203,3.0,1.0,dual_bound,6000,336000,200,0,4.0,10,349,1.5,in_subspace_leverage,506,weak,100800,completed,0.9032642158714957,9908.210944813589,retention_audit,6.372725033976835,0.625939476247325
0,512,0.005214639515685195,8.884482051945604,1.0057815327670496,0,109800,"{'effective_n': 6000, 'trim_mode': 'iqr'}",6000,1.235901965,20,0,3.0,0.9590983606557377,sketch_iqr,6000,336000,200,0,4.0,10,0,1.5,mixed,506,weak,184024,completed,0.9321141129598187,4854.753993371958,retention_audit,7.741171376944918,0.9168986156938969
0,512,0.0047835259585397175,8.884856697933973,1.0057929910423178,0,109800,"{'effective_n': 6000, 'trim_mode': 'mad'}",6000,1.191152565,20,0,3.0,0.9590892531876138,sketch_mad,6000,336000,200,0,4.0,10,0,1.5,mixed,506,weak,184024,completed,0.9320873433370774,5037.1381268024215,retention_audit,7.7421292321651345,0.9169255808119423
5208512,512,0.003242559222514679,7.55107728627786,1.0033860898636995,0,109800,"{'phase': 'estimating', 'ready': True, 'total_seen': 6000, 'epoch_index': 0, 'epoch_seen': 6000, 'calibration_count': 512, 'effective_n': 5488, 'serving_epoch': 0, 'serving_n': 5488, 'basis_rank': 20, 'parallel_radius': 8.278271722292164, 'residual_radius': 14.461991842909768, 'marginal_clipped_coordinates': 7681, 'parallel_clipped_rows': 0, 'residual_clipped_rows': 515, 'state_bytes': 100800, 'calibration_peak_state_bytes_bound': 5208512, 'epoch_history': []}",5488,0.630562858,20,7681,3.0,0.959216757741348,dual_bound,6000,336000,200,0,4.0,10,515,1.5,mixed,506,weak,100800,completed,0.932275221058335,9515.308305710578,retention_audit,6.38986518166199,0.9185580015024915
0,512,0.0034016666666666666,3.2420856291270996,0.8584838732480817,0,0,"{'effective_n': 6000, 'trim_mode': 'iqr'}",6000,1.259844226,20,0,3.0,,sketch_iqr,6000,336000,200,0,4.0,10,0,1.5,clean,507,strong,184024,completed,0.49749274008924305,4762.493549738268,retention_audit,3.256937815643976,0.8574902409448333
0,512,0.0029775,3.242094103897737,0.8584068432514377,0,0,"{'effective_n': 6000, 'trim_mode': 'mad'}",6000,1.168160477,20,0,3.0,,sketch_mad,6000,336000,200,0,4.0,10,0,1.5,clean,507,strong,184024,completed,0.4974966661614081,5136.280603679421,retention_audit,3.257048516979775,0.8575125543468444
5208512,512,0.003350036443148688,3.192168957718977,0.8792093524983448,0,0,"{'phase': 'estimating', 'ready': True, 'total_seen': 6000, 'epoch_index': 0, 'epoch_seen': 6000, 'calibration_count': 512, 'effective_n': 5488, 'serving_epoch': 0, 'serving_n': 5488, 'basis_rank': 20, 'parallel_radius': 14.246012372108973, 'residual_radius': 12.687411328735175, 'marginal_clipped_coordinates': 3677, 'parallel_clipped_rows': 1, 'residual_clipped_rows': 686, 'state_bytes': 100800, 'calibration_peak_state_bytes_bound': 5208512, 'epoch_history': []}",5488,0.610384205,20,3677,3.0,,dual_bound,6000,336000,200,1,4.0,10,686,1.5,clean,507,strong,100800,completed,0.5089494109435267,9829.874283853724,retention_audit,3.1835941236582888,0.8837298720442337
0,512,0.0018592918730508164,2.4055905559755284,0.990634039291244,0,109800,"{'effective_n': 6000, 'trim_mode': 'iqr'}",6000,1.176564631,20,0,3.0,0.23855191256830602,sketch_iqr,6000,336000,200,0,4.0,10,0,1.5,casewise_cauchy,507,strong,184024,completed,0.9128238372511494,5099.592357200478,retention_audit,3.105872401702755,0.9922866154225348
0,512,0.0015098147128967162,2.402582342553701,0.9906401974196499,0,109800,"{'effective_n': 6000, 'trim_mode': 'mad'}",6000,1.169121709,20,0,3.0,0.2371584699453552,sketch_mad,6000,336000,200,0,4.0,10,0,1.5,casewise_cauchy,507,strong,184024,completed,0.9008934498526425,5132.057641057797,retention_audit,3.0999621397564727,0.9922939768513048
5208512,512,0.0033691030572990483,3.1746346811505264,0.907206591069915,0,109800,"{'phase': 'estimating', 'ready': True, 'total_seen': 6000, 'epoch_index': 0, 'epoch_seen': 6000, 'calibration_count': 512, 'effective_n': 5488, 'serving_epoch': 0, 'serving_n': 5488, 'basis_rank': 20, 'parallel_radius': 14.246012372108973, 'residual_radius': 12.687411328735175, 'marginal_clipped_coordinates': 89269, 'parallel_clipped_rows': 82, 'residual_clipped_rows': 1169, 'state_bytes': 100800, 'calibration_peak_state_bytes_bound': 5208512, 'epoch_history': []}",5488,0.621833012,20,89269,3.0,0.21729508196721312,dual_bound,6000,336000,200,82,4.0,10,1169,1.5,casewise_cauchy,507,strong,100800,completed,0.5347521669694173,9648.89268374835,retention_audit,3.319417389064741,0.9146646092102888
0,512,0.0018682211636348962,2.2080841595663165,0.994962849466467,0,109658,"{'effective_n': 6000, 'trim_mode': 'iqr'}",6000,1.211777232,20,0,3.0,0.23642597895274398,sketch_iqr,6000,336000,200,0,4.0,10,0,1.5,cellwise_cauchy,507,strong,184024,completed,0.8085377893171846,4951.405127572161,retention_audit,3.143646029697164,0.9964818191025631
0,512,0.00150594950941998,2.2102064779774526,0.9949437309949031,0,109658,"{'effective_n': 6000, 'trim_mode': 'mad'}",6000,1.194052594,20,0,3.0,0.23515840157580842,sketch_mad,6000,336000,200,0,4.0,10,0,1.5,cellwise_cauchy,507,strong,184024,completed,0.8075223967874032,5024.904288261192,retention_audit,3.1428562036752363,0.9964546344497971
5208512,512,0.003343313676308933,2.987414213237252,0.9671935818794671,0,109658,"{'phase': 'estimating', 'ready': True, 'total_seen': 6000, 'epoch_index': 0, 'epoch_seen': 6000, 'calibration_count': 512, 'effective_n': 5488, 'serving_epoch': 0, 'serving_n': 5488, 'basis_rank': 20, 'parallel_radius': 14.246012372108973, 'residual_radius': 12.687411328735175, 'marginal_clipped_coordinates': 89372, 'parallel_clipped_rows': 0, 'residual_clipped_rows': 5486, 'state_bytes': 100800, 'calibration_peak_state_bytes_bound': 5208512, 'epoch_history': []}",5488,0.670509789,20,89372,3.0,0.21511426434915829,dual_bound,6000,336000,200,0,4.0,10,5486,1.5,cellwise_cauchy,507,strong,100800,completed,0.641884221693812,8948.415218439115,retention_audit,3.5670980020730947,0.9694317988984996
0,512,0.005230232984773436,3.770309860917642,0.9280905867904147,0,109800,"{'effective_n': 6000, 'trim_mode': 'iqr'}",6000,1.202157564,20,0,3.0,1.0,sketch_iqr,6000,336000,200,0,4.0,10,0,1.5,bounded_out_of_subspace,507,strong,184024,completed,0.5568340789823354,4991.02628447131,retention_audit,3.213571488006674,0.8005143133735518
0,512,0.004634929370757659,3.7692268492581507,0.9279553351621435,0,109800,"{'effective_n': 6000, 'trim_mode': 'mad'}",6000,1.13201285,20,0,3.0,1.0,sketch_mad,6000,336000,200,0,4.0,10,0,1.5,bounded_out_of_subspace,507,strong,184024,completed,0.556733665791327,5300.293190134724,retention_audit,3.2131783945165813,0.8006590633603735
5208512,512,0.0033691030572990483,3.9472474143948144,0.9533040333080547,0,109800,"{'phase': 'estimating', 'ready': True, 'total_seen': 6000, 'epoch_index': 0, 'epoch_seen': 6000, 'calibration_count': 512, 'effective_n': 5488, 'serving_epoch': 0, 'serving_n': 5488, 'basis_rank': 20, 'parallel_radius': 14.246012372108973, 'residual_radius': 12.687411328735175, 'marginal_clipped_coordinates': 3328, 'parallel_clipped_rows': 1, 'residual_clipped_rows': 620, 'state_bytes': 100800, 'calibration_peak_state_bytes_bound': 5208512, 'epoch_history': []}",5488,0.65407237,20,3328,3.0,1.0,dual_bound,6000,336000,200,1,4.0,10,620,1.5,bounded_out_of_subspace,507,strong,100800,completed,0.5751532754383074,9173.296832581385,retention_audit,3.258950463964218,0.8057578326156284
0,512,0.00449642267473858,5.0275317608984835,0.9709224164911614,0,109800,"{'effective_n': 6000, 'trim_mode': 'iqr'}",6000,1.171938601,20,0,3.0,1.0,sketch_iqr,6000,336000,200,0,4.0,10,0,1.5,in_subspace_leverage,507,strong,184024,completed,0.570494418942385,5119.722138071294,retention_audit,3.4137380094971954,0.5566486228984932
0,512,0.003972665565951202,5.026529263037284,0.9708639238048812,0,109800,"{'effective_n': 6000, 'trim_mode': 'mad'}",6000,1.242077161,20,0,3.0,1.0,sketch_mad,6000,336000,200,0,4.0,10,0,1.5,in_subspace_leverage,507,strong,184024,completed,0.5704203074103803,4830.617765461029,retention_audit,3.414010130249783,0.5569054746491386
5208512,512,0.0033691030572990483,5.210884429686538,1.009741592519998,0,109800,"{'phase': 'estimating', 'ready': True, 'total_seen': 6000, 'epoch_index': 0, 'epoch_seen': 6000, 'calibration_count': 512, 'effective_n': 5488, 'serving_epoch': 0, 'serving_n': 5488, 'basis_rank': 20, 'parallel_radius': 14.246012372108973, 'residual_radius': 12.687411328735175, 'marginal_clipped_coordinates': 3328, 'parallel_clipped_rows': 1, 'residual_clipped_rows': 620, 'state_bytes': 100800, 'calibration_peak_state_bytes_bound': 5208512, 'epoch_history': []}",5488,0.635345865,20,3328,3.0,1.0,dual_bound,6000,336000,200,1,4.0,10,620,1.5,in_subspace_leverage,507,strong,100800,completed,0.5955715853668737,9443.675217749313,retention_audit,3.3989264457228705,0.5631599594043442
0,512,0.004802788479178133,3.715221770353843,0.9245719684638324,0,109800,"{'effective_n': 6000, 'trim_mode': 'iqr'}",6000,1.268863982,20,0,3.0,0.9606375227686703,sketch_iqr,6000,336000,200,0,4.0,10,0,1.5,mixed,507,strong,184024,completed,0.5623970232838397,4728.639227778159,retention_audit,3.3374501536044834,0.8296016520433602
0,512,0.004340487983856173,3.7145565169811774,0.9245007363140626,0,109800,"{'effective_n': 6000, 'trim_mode': 'mad'}",6000,1.171895579,20,0,3.0,0.9607012750455374,sketch_mad,6000,336000,200,0,4.0,10,0,1.5,mixed,507,strong,184024,completed,0.562359070944539,5119.9100905559435,retention_audit,3.337123386980123,0.8296819420395506
5208512,512,0.0033691030572990483,3.5705894552533235,0.9300856684183095,0,109800,"{'phase': 'estimating', 'ready': True, 'total_seen': 6000, 'epoch_index': 0, 'epoch_seen': 6000, 'calibration_count': 512, 'effective_n': 5488, 'serving_epoch': 0, 'serving_n': 5488, 'basis_rank': 20, 'parallel_radius': 14.246012372108973, 'residual_radius': 12.687411328735175, 'marginal_clipped_coordinates': 7644, 'parallel_clipped_rows': 1, 'residual_clipped_rows': 895, 'state_bytes': 100800, 'calibration_peak_state_bytes_bound': 5208512, 'epoch_history': []}",5488,0.514639954,20,7644,3.0,0.9606921675774135,dual_bound,6000,336000,200,1,4.0,10,895,1.5,mixed,507,strong,100800,completed,0.5645675530374847,11658.63620452601,retention_audit,3.181624099862876,0.8581645713471825
0,512,0.0035366666666666667,3.4568280147842674,0.9982814018135119,0,0,"{'effective_n': 6000, 'trim_mode': 'iqr'}",6000,1.123353859,20,0,3.0,,sketch_iqr,6000,336000,200,0,4.0,10,0,1.5,clean,507,weak,184024,completed,0.8856868634023072,5341.148696761632,retention_audit,3.4637668175549945,0.9982731104822976
0,512,0.0030325,3.4566891604119605,0.9982811277411179,0,0,"{'effective_n': 6000, 'trim_mode': 'mad'}",6000,1.116131011,20,0,3.0,,sketch_mad,6000,336000,200,0,4.0,10,0,1.5,clean,507,weak,184024,completed,0.8857417782646996,5375.713012959192,retention_audit,3.4637614331090125,0.9982741101349427
5208512,512,0.0032115524781341108,2.795326422611509,0.9966734487780349,0,0,"{'phase': 'estimating', 'ready': True, 'total_seen': 6000, 'epoch_index': 0, 'epoch_seen': 6000, 'calibration_count': 512, 'effective_n': 5488, 'serving_epoch': 0, 'serving_n': 5488, 'basis_rank': 20, 'parallel_radius': 8.543525199949597, 'residual_radius': 14.33127531488579, 'marginal_clipped_coordinates': 3525, 'parallel_clipped_rows': 0, 'residual_clipped_rows': 497, 'state_bytes': 100800, 'calibration_peak_state_bytes_bound': 5208512, 'epoch_history': []}",5488,0.658762121,20,3525,3.0,,dual_bound,6000,336000,200,0,4.0,10,497,1.5,clean,507,weak,100800,completed,0.8920961415992131,9107.991805740148,retention_audit,2.794164813609837,0.9966605698216293
0,512,0.0018840579710144927,3.922127304227742,0.9906291234028115,0,109800,"{'effective_n': 6000, 'trim_mode': 'iqr'}",6000,1.142671493,20,0,3.0,0.2112841530054645,sketch_iqr,6000,336000,200,0,4.0,10,0,1.5,casewise_cauchy,507,weak,184024,completed,0.9666961851953718,5250.852967590397,retention_audit,3.904551238428931,0.9933816630489961
0,512,0.001461199779856907,3.928911854676374,0.9907465189561767,0,109800,"{'effective_n': 6000, 'trim_mode': 'mad'}",6000,1.200264232,20,0,3.0,0.20987249544626593,sketch_mad,6000,336000,200,0,4.0,10,0,1.5,casewise_cauchy,507,weak,184024,completed,0.9666573195301631,4998.899275705485,retention_audit,3.912823514739112,0.9934358924572437
5208512,512,0.0032081392994533307,2.817877080596516,0.9967768823740132,0,109800,"{'phase': 'estimating', 'ready': True, 'total_seen': 6000, 'epoch_index': 0, 'epoch_seen': 6000, 'calibration_count': 512, 'effective_n': 5488, 'serving_epoch': 0, 'serving_n': 5488, 'basis_rank': 20, 'parallel_radius': 8.543525199949597, 'residual_radius': 14.33127531488579, 'marginal_clipped_coordinates': 91937, 'parallel_clipped_rows': 543, 'residual_clipped_rows': 998, 'state_bytes': 100800, 'calibration_peak_state_bytes_bound': 5208512, 'epoch_history': []}",5488,0.657328466,20,91937,3.0,0.19154826958105647,dual_bound,6000,336000,200,543,4.0,10,998,1.5,casewise_cauchy,507,weak,100800,completed,0.8960093919571283,9127.856635376567,retention_audit,2.837674497786488,0.9968803726808673
0,512,0.0019224105212785267,3.3313745399323906,0.997494926748659,0,109182,"{'effective_n': 6000, 'trim_mode': 'iqr'}",6000,1.146312,20,0,3.0,0.2106116392812002,sketch_iqr,6000,336000,200,0,4.0,10,0,1.5,cellwise_cauchy,507,weak,184024,completed,0.9475857658607518,5234.177082679062,retention_audit,3.4511429041331434,0.9984656684090337
0,512,0.0015034588721491578,3.3291922977488793,0.9974976476266654,0,109182,"{'effective_n': 6000, 'trim_mode': 'mad'}",6000,1.182631431,20,0,3.0,0.20947592093934897,sketch_mad,6000,336000,200,0,4.0,10,0,1.5,cellwise_cauchy,507,weak,184024,completed,0.9474287406519871,5073.431876342546,retention_audit,3.448536668926138,0.9984587375129687
5208512,512,0.0032152388969039413,2.7839072046764883,0.9963904543056248,0,109182,"{'phase': 'estimating', 'ready': True, 'total_seen': 6000, 'epoch_index': 0, 'epoch_seen': 6000, 'calibration_count': 512, 'effective_n': 5488, 'serving_epoch': 0, 'serving_n': 5488, 'basis_rank': 20, 'parallel_radius': 8.543525199949597, 'residual_radius': 14.33127531488579, 'marginal_clipped_coordinates': 91427, 'parallel_clipped_rows': 23, 'residual_clipped_rows': 5481, 'state_bytes': 100800, 'calibration_peak_state_bytes_bound': 5208512, 'epoch_history': []}",5488,0.559396662,20,91427,3.0,0.1917257423384807,dual_bound,6000,336000,200,23,4.0,10,5481,1.5,cellwise_cauchy,507,weak,100800,completed,0.9389788582371613,10725.841621128586,retention_audit,2.8335787428161803,0.9967656910984559
0,512,0.004924784443221427,11.092736379478033,1.1792420788220104,0,109800,"{'effective_n': 6000, 'trim_mode': 'iqr'}",6000,1.228861779,20,0,3.0,1.0,sketch_iqr,6000,336000,200,0,4.0,10,0,1.5,bounded_out_of_subspace,507,weak,184024,completed,0.9287797931767116,4882.5670246515165,retention_audit,7.68756533617497,0.6952867725789712
0,512,0.004273527793065493,11.091756704803023,1.1791790646359444,0,109800,"{'effective_n': 6000, 'trim_mode': 'mad'}",6000,1.114129061,20,0,3.0,1.0,sketch_mad,6000,336000,200,0,4.0,10,0,1.5,bounded_out_of_subspace,507,weak,184024,completed,0.9287814094080195,5385.372494111793,retention_audit,7.6897554188352135,0.6955924378596936
5208512,512,0.0032081392994533307,10.276363718518446,1.209743747902462,0,109800,"{'phase': 'estimating', 'ready': True, 'total_seen': 6000, 'epoch_index': 0, 'epoch_seen': 6000, 'calibration_count': 512, 'effective_n': 5488, 'serving_epoch': 0, 'serving_n': 5488, 'basis_rank': 20, 'parallel_radius': 8.543525199949597, 'residual_radius': 14.33127531488579, 'marginal_clipped_coordinates': 3169, 'parallel_clipped_rows': 0, 'residual_clipped_rows': 449, 'state_bytes': 100800, 'calibration_peak_state_bytes_bound': 5208512, 'epoch_history': []}",5488,0.677087396,20,3169,3.0,1.0,dual_bound,6000,336000,200,0,4.0,10,449,1.5,bounded_out_of_subspace,507,weak,100800,completed,0.9375638385661998,8861.48529044543,retention_audit,6.731184480485683,0.6752422179449118
0,512,0.004914694551458448,10.943546676160539,1.2303284373518275,0,109800,"{'effective_n': 6000, 'trim_mode': 'iqr'}",6000,1.122671687,20,0,3.0,1.0,sketch_iqr,6000,336000,200,0,4.0,10,0,1.5,in_subspace_leverage,507,weak,184024,completed,0.8953377570625497,5344.394153230302,retention_audit,6.940758509591346,0.6083294801138478
0,512,0.004261603375527426,10.94324144258137,1.230270413718591,0,109800,"{'effective_n': 6000, 'trim_mode': 'mad'}",6000,1.181565086,20,0,3.0,1.0,sketch_mad,6000,336000,200,0,4.0,10,0,1.5,in_subspace_leverage,507,weak,184024,completed,0.8953196326885948,5078.010573511479,retention_audit,6.943865630059615,0.608650926061185
5208512,512,0.0032081392994533307,10.1549141674316,1.2474056449773387,0,109800,"{'phase': 'estimating', 'ready': True, 'total_seen': 6000, 'epoch_index': 0, 'epoch_seen': 6000, 'calibration_count': 512, 'effective_n': 5488, 'serving_epoch': 0, 'serving_n': 5488, 'basis_rank': 20, 'parallel_radius': 8.543525199949597, 'residual_radius': 14.33127531488579, 'marginal_clipped_coordinates': 3169, 'parallel_clipped_rows': 549, 'residual_clipped_rows': 449, 'state_bytes': 100800, 'calibration_peak_state_bytes_bound': 5208512, 'epoch_history': []}",5488,0.646289576,20,3169,3.0,1.0,dual_bound,6000,336000,200,549,4.0,10,449,1.5,in_subspace_leverage,507,weak,100800,completed,0.892676074143918,9283.764155899058,retention_audit,6.170414081388982,0.6062437805622022
0,512,0.004554210236653825,10.884550514742045,1.1279297780942918,0,109800,"{'effective_n': 6000, 'trim_mode': 'iqr'}",6000,1.161294066,20,0,3.0,0.960136612021858,sketch_iqr,6000,336000,200,0,4.0,10,0,1.5,mixed,507,weak,184024,completed,0.9282045695554997,5166.650011970353,retention_audit,8.032769038943453,0.7454444618939741
0,512,0.004051550174279948,10.884726007163561,1.1279618009297312,0,109800,"{'effective_n': 6000, 'trim_mode': 'mad'}",6000,1.191341536,20,0,3.0,0.960136612021858,sketch_mad,6000,336000,200,0,4.0,10,0,1.5,mixed,507,weak,184024,completed,0.9281930581975188,5036.339134237993,retention_audit,8.034537564306476,0.7455639438940652
5208512,512,0.0032081392994533307,9.856543917238415,1.1063766593765263,0,109800,"{'phase': 'estimating', 'ready': True, 'total_seen': 6000, 'epoch_index': 0, 'epoch_seen': 6000, 'calibration_count': 512, 'effective_n': 5488, 'serving_epoch': 0, 'serving_n': 5488, 'basis_rank': 20, 'parallel_radius': 8.543525199949597, 'residual_radius': 14.33127531488579, 'marginal_clipped_coordinates': 7555, 'parallel_clipped_rows': 0, 'residual_clipped_rows': 721, 'state_bytes': 100800, 'calibration_peak_state_bytes_bound': 5208512, 'epoch_history': []}",5488,0.714276161,20,7555,3.0,0.9600546448087431,dual_bound,6000,336000,200,0,4.0,10,721,1.5,mixed,507,weak,100800,completed,0.9349849997584719,8400.112348142611,retention_audit,7.151904650579939,0.7615083798903153
0,512,0.0034141666666666665,3.274584059233932,0.8505548246776737,0,0,"{'effective_n': 6000, 'trim_mode': 'iqr'}",6000,1.135134942,20,0,3.0,,sketch_iqr,6000,336000,200,0,4.0,10,0,1.5,clean,508,strong,184024,completed,0.4609593690534403,5285.715185040969,retention_audit,3.280695420144755,0.8495652648523981
0,512,0.0029941666666666667,3.274426578836462,0.8504274252410257,0,0,"{'effective_n': 6000, 'trim_mode': 'mad'}",6000,1.141666936,20,0,3.0,,sketch_mad,6000,336000,200,0,4.0,10,0,1.5,clean,508,strong,184024,completed,0.4609609307643584,5255.473212723399,retention_audit,3.280298827707636,0.8495452575240595
5208512,512,0.0032935495626822157,3.1631852405239154,0.8645170495446487,0,0,"{'phase': 'estimating', 'ready': True, 'total_seen': 6000, 'epoch_index': 0, 'epoch_seen': 6000, 'calibration_count': 512, 'effective_n': 5488, 'serving_epoch': 0, 'serving_n': 5488, 'basis_rank': 20, 'parallel_radius': 14.692834153221288, 'residual_radius': 12.658620440364368, 'marginal_clipped_coordinates': 3615, 'parallel_clipped_rows': 0, 'residual_clipped_rows': 597, 'state_bytes': 100800, 'calibration_peak_state_bytes_bound': 5208512, 'epoch_history': []}",5488,0.587448794,20,3615,3.0,,dual_bound,6000,336000,200,0,4.0,10,597,1.5,clean,508,strong,100800,completed,0.4938135378330147,10213.656171026201,retention_audit,3.1546916741520956,0.8676526162330337
0,512,0.001874885342139057,2.4552684930060495,0.9926656336385457,0,109800,"{'effective_n': 6000, 'trim_mode': 'iqr'}",6000,1.205369338,20,0,3.0,0.23573770491803278,sketch_iqr,6000,336000,200,0,4.0,10,0,1.5,casewise_cauchy,508,strong,184024,completed,0.9361265233723127,4977.727415860317,retention_audit,3.1156354467332084,0.9929248878954313
0,512,0.0015088974500091726,2.4558274617993794,0.9926935583937169,0,109800,"{'effective_n': 6000, 'trim_mode': 'mad'}",6000,1.163266395,20,0,3.0,0.2340983606557377,sketch_mad,6000,336000,200,0,4.0,10,0,1.5,casewise_cauchy,508,strong,184024,completed,0.9351532187709481,5157.889908785683,retention_audit,3.1135074894208907,0.9929598770432296
5208512,512,0.0033033002632111763,3.1630302294740718,0.8925836189993844,0,109800,"{'phase': 'estimating', 'ready': True, 'total_seen': 6000, 'epoch_index': 0, 'epoch_seen': 6000, 'calibration_count': 512, 'effective_n': 5488, 'serving_epoch': 0, 'serving_n': 5488, 'basis_rank': 20, 'parallel_radius': 14.692834153221288, 'residual_radius': 12.658620440364368, 'marginal_clipped_coordinates': 89484, 'parallel_clipped_rows': 45, 'residual_clipped_rows': 1080, 'state_bytes': 100800, 'calibration_peak_state_bytes_bound': 5208512, 'epoch_history': []}",5488,0.600667123,20,89484,3.0,0.21474499089253188,dual_bound,6000,336000,200,45,4.0,10,1080,1.5,casewise_cauchy,508,strong,100800,completed,0.5200312893349416,9988.893632189021,retention_audit,3.3018682598181455,0.899956590229432
0,512,0.0018327175377957881,2.234324782398775,0.9957411540805136,0,109270,"{'effective_n': 6000, 'trim_mode': 'iqr'}",6000,1.131689865,20,0,3.0,0.23547176718220922,sketch_iqr,6000,336000,200,0,4.0,10,0,1.5,cellwise_cauchy,508,strong,184024,completed,0.814928643014436,5301.805897148332,retention_audit,3.1560953017592133,0.9969244585385871
0,512,0.00146690748397862,2.23496496953935,0.9957195678221402,0,109270,"{'effective_n': 6000, 'trim_mode': 'mad'}",6000,1.184449085,20,0,3.0,0.23399835270431044,sketch_mad,6000,336000,200,0,4.0,10,0,1.5,cellwise_cauchy,508,strong,184024,completed,0.8137228210058838,5065.646194492185,retention_audit,3.153252529958532,0.9968985709048562
5208512,512,0.003268139184280554,3.118140501065853,0.9619738317387225,0,109270,"{'phase': 'estimating', 'ready': True, 'total_seen': 6000, 'epoch_index': 0, 'epoch_seen': 6000, 'calibration_count': 512, 'effective_n': 5488, 'serving_epoch': 0, 'serving_n': 5488, 'basis_rank': 20, 'parallel_radius': 14.692834153221288, 'residual_radius': 12.658620440364368, 'marginal_clipped_coordinates': 89025, 'parallel_clipped_rows': 1, 'residual_clipped_rows': 5486, 'state_bytes': 100800, 'calibration_peak_state_bytes_bound': 5208512, 'epoch_history': []}",5488,0.618682607,20,89025,3.0,0.21483481284890638,dual_bound,6000,336000,200,1,4.0,10,5486,1.5,cellwise_cauchy,508,strong,100800,completed,0.6323726441380472,9698.02598636816,retention_audit,3.734702882238651,0.9644942548552203
0,512,0.005159603742432581,3.5755061225974307,0.9202667670677486,0,109800,"{'effective_n': 6000, 'trim_mode': 'iqr'}",6000,1.265862941,20,0,3.0,1.0,sketch_iqr,6000,336000,200,0,4.0,10,0,1.5,bounded_out_of_subspace,508,strong,184024,completed,0.5566238936847312,4739.849635901459,retention_audit,3.0478706392898216,0.7931633561357799
0,512,0.004620253164556962,3.5747090510861685,0.9201358505255902,0,109800,"{'effective_n': 6000, 'trim_mode': 'mad'}",6000,1.155548243,20,0,3.0,1.0,sketch_mad,6000,336000,200,0,4.0,10,0,1.5,bounded_out_of_subspace,508,strong,184024,completed,0.5566218860589072,5192.34055033737,retention_audit,3.047492219492944,0.793284822758396
5208512,512,0.0033033002632111763,3.645450472820399,0.9387985295886107,0,109800,"{'phase': 'estimating', 'ready': True, 'total_seen': 6000, 'epoch_index': 0, 'epoch_seen': 6000, 'calibration_count': 512, 'effective_n': 5488, 'serving_epoch': 0, 'serving_n': 5488, 'basis_rank': 20, 'parallel_radius': 14.692834153221288, 'residual_radius': 12.658620440364368, 'marginal_clipped_coordinates': 3263, 'parallel_clipped_rows': 0, 'residual_clipped_rows': 531, 'state_bytes': 100800, 'calibration_peak_state_bytes_bound': 5208512, 'epoch_history': []}",5488,0.58718216,20,3263,3.0,1.0,dual_bound,6000,336000,200,0,4.0,10,531,1.5,bounded_out_of_subspace,508,strong,100800,completed,0.572693623065709,10218.294098035949,retention_audit,3.0109315853424397,0.7966662273779649
0,512,0.004030453127866446,5.231073104003124,0.9826539471803967,0,109800,"{'effective_n': 6000, 'trim_mode': 'iqr'}",6000,1.155887507,20,0,3.0,1.0,sketch_iqr,6000,336000,200,0,4.0,10,0,1.5,in_subspace_leverage,508,strong,184024,completed,0.5196544754537971,5190.816548897954,retention_audit,3.432974447726317,0.5412037954695976
0,512,0.0035057787561915245,5.229524742137895,0.9826171512931791,0,109800,"{'effective_n': 6000, 'trim_mode': 'mad'}",6000,1.169978466,20,0,3.0,1.0,sketch_mad,6000,336000,200,0,4.0,10,0,1.5,in_subspace_leverage,508,strong,184024,completed,0.5195480996958761,5128.29951521518,retention_audit,3.4325199547693583,0.5414460484838506
5208512,512,0.0033033002632111763,5.3834298657463915,1.0253572722843667,0,109800,"{'phase': 'estimating', 'ready': True, 'total_seen': 6000, 'epoch_index': 0, 'epoch_seen': 6000, 'calibration_count': 512, 'effective_n': 5488, 'serving_epoch': 0, 'serving_n': 5488, 'basis_rank': 20, 'parallel_radius': 14.692834153221288, 'residual_radius': 12.658620440364368, 'marginal_clipped_coordinates': 3263, 'parallel_clipped_rows': 0, 'residual_clipped_rows': 531, 'state_bytes': 100800, 'calibration_peak_state_bytes_bound': 5208512, 'epoch_history': []}",5488,0.642258551,20,3263,3.0,1.0,dual_bound,6000,336000,200,0,4.0,10,531,1.5,in_subspace_leverage,508,strong,100800,completed,0.559551224059771,9342.032100091106,retention_audit,3.389091609024102,0.5348031936767226
0,512,0.004764263437901302,3.5380390231849748,0.9157941684838126,0,109800,"{'effective_n': 6000, 'trim_mode': 'iqr'}",6000,1.180582494,20,0,3.0,0.9604735883424408,sketch_iqr,6000,336000,200,0,4.0,10,0,1.5,mixed,508,strong,184024,completed,0.5673823998009552,5082.236972421175,retention_audit,3.1912349124693673,0.8241929419266959
0,512,0.004368005870482481,3.537026625300351,0.9156586550517168,0,109800,"{'effective_n': 6000, 'trim_mode': 'mad'}",6000,1.144216807,20,0,3.0,0.9604826958105647,sketch_mad,6000,336000,200,0,4.0,10,0,1.5,mixed,508,strong,184024,completed,0.5673446568005925,5243.761464867208,retention_audit,3.1902222229826904,0.824180616199744
5208512,512,0.0033033002632111763,3.3165987790560227,0.9155197550364692,0,109800,"{'phase': 'estimating', 'ready': True, 'total_seen': 6000, 'epoch_index': 0, 'epoch_seen': 6000, 'calibration_count': 512, 'effective_n': 5488, 'serving_epoch': 0, 'serving_n': 5488, 'basis_rank': 20, 'parallel_radius': 14.692834153221288, 'residual_radius': 12.658620440364368, 'marginal_clipped_coordinates': 7595, 'parallel_clipped_rows': 0, 'residual_clipped_rows': 805, 'state_bytes': 100800, 'calibration_peak_state_bytes_bound': 5208512, 'epoch_history': []}",5488,0.609064525,20,7595,3.0,0.9605464480874317,dual_bound,6000,336000,200,0,4.0,10,805,1.5,mixed,508,strong,100800,completed,0.5648662884561579,9851.172993534634,retention_audit,2.9722382405521195,0.849406012316623
0,512,0.003320833333333333,3.3322045275383556,0.9981644204625115,0,0,"{'effective_n': 6000, 'trim_mode': 'iqr'}",6000,1.142020953,20,0,3.0,,sketch_iqr,6000,336000,200,0,4.0,10,0,1.5,clean,508,weak,184024,completed,0.9019052070656565,5253.844059724533,retention_audit,3.3379019514866206,0.9981522398262703
0,512,0.002895833333333333,3.3318923907457125,0.9981637486642293,0,0,"{'effective_n': 6000, 'trim_mode': 'mad'}",6000,1.19954893,20,0,3.0,,sketch_mad,6000,336000,200,0,4.0,10,0,1.5,clean,508,weak,184024,completed,0.9019112245746886,5001.880165071716,retention_audit,3.3375173789009827,0.9981523990316978
5208512,512,0.0030794460641399416,2.774685824531241,0.9966093164398474,0,0,"{'phase': 'estimating', 'ready': True, 'total_seen': 6000, 'epoch_index': 0, 'epoch_seen': 6000, 'calibration_count': 512, 'effective_n': 5488, 'serving_epoch': 0, 'serving_n': 5488, 'basis_rank': 20, 'parallel_radius': 8.394969741550101, 'residual_radius': 14.330490781257529, 'marginal_clipped_coordinates': 3380, 'parallel_clipped_rows': 0, 'residual_clipped_rows': 450, 'state_bytes': 100800, 'calibration_peak_state_bytes_bound': 5208512, 'epoch_history': []}",5488,0.705203443,20,3380,3.0,,dual_bound,6000,336000,200,0,4.0,10,450,1.5,clean,508,weak,100800,completed,0.9026103446486027,8508.18307760304,retention_audit,2.773206642880038,0.996572634506944
0,512,0.0018060906255732893,3.408824071855902,0.9876251266659872,0,109800,"{'effective_n': 6000, 'trim_mode': 'iqr'}",6000,1.249437065,20,0,3.0,0.21033697632058287,sketch_iqr,6000,336000,200,0,4.0,10,0,1.5,casewise_cauchy,508,weak,184024,completed,0.9740341677691375,4802.162644342555,retention_audit,3.381119295811959,0.9909755195944989
0,512,0.0014556962025316456,3.414049357557237,0.9877812212249081,0,109800,"{'effective_n': 6000, 'trim_mode': 'mad'}",6000,1.16325931,20,0,3.0,0.20904371584699455,sketch_mad,6000,336000,200,0,4.0,10,0,1.5,casewise_cauchy,508,weak,184024,completed,0.9740107104547568,5157.921323664283,retention_audit,3.387667863345138,0.9910497537594415
5208512,512,0.0030785584126341364,2.76325020107139,0.9966408032668158,0,109800,"{'phase': 'estimating', 'ready': True, 'total_seen': 6000, 'epoch_index': 0, 'epoch_seen': 6000, 'calibration_count': 512, 'effective_n': 5488, 'serving_epoch': 0, 'serving_n': 5488, 'basis_rank': 20, 'parallel_radius': 8.394969741550101, 'residual_radius': 14.330490781257529, 'marginal_clipped_coordinates': 91772, 'parallel_clipped_rows': 544, 'residual_clipped_rows': 950, 'state_bytes': 100800, 'calibration_peak_state_bytes_bound': 5208512, 'epoch_history': []}",5488,0.599143693,20,91772,3.0,0.19188524590163936,dual_bound,6000,336000,200,544,4.0,10,950,1.5,casewise_cauchy,508,weak,100800,completed,0.905658033003839,10014.29218082414,retention_audit,2.780351568543103,0.996701454845077
0,512,0.0017959730558155754,3.4164291842402266,0.997255432383834,0,110340,"{'effective_n': 6000, 'trim_mode': 'iqr'}",6000,1.296629319,20,0,3.0,0.21181801703824543,sketch_iqr,6000,336000,200,0,4.0,10,0,1.5,cellwise_cauchy,508,weak,184024,completed,0.9489548136898166,4627.382639031626,retention_audit,3.541025911902934,0.9983350566756926
0,512,0.0014591707505093332,3.414395161874214,0.9972641744926433,0,110340,"{'effective_n': 6000, 'trim_mode': 'mad'}",6000,1.171270487,20,0,3.0,0.21023201015044407,sketch_mad,6000,336000,200,0,4.0,10,0,1.5,cellwise_cauchy,508,weak,184024,completed,0.9488410431660851,5122.642520745083,retention_audit,3.538377600138087,0.9983294551042746
5208512,512,0.003055932581082997,2.8091582374263857,0.9963332137219639,0,110340,"{'phase': 'estimating', 'ready': True, 'total_seen': 6000, 'epoch_index': 0, 'epoch_seen': 6000, 'calibration_count': 512, 'effective_n': 5488, 'serving_epoch': 0, 'serving_n': 5488, 'basis_rank': 20, 'parallel_radius': 8.394969741550101, 'residual_radius': 14.330490781257529, 'marginal_clipped_coordinates': 92149, 'parallel_clipped_rows': 44, 'residual_clipped_rows': 5484, 'state_bytes': 100800, 'calibration_peak_state_bytes_bound': 5208512, 'epoch_history': []}",5488,0.650056381,20,92149,3.0,0.1922059090085191,dual_bound,6000,336000,200,44,4.0,10,5484,1.5,cellwise_cauchy,508,weak,100800,completed,0.9370642274817381,9229.968623290848,retention_audit,2.860112363409397,0.9967580230197569
0,512,0.00470188956154834,10.435573295705263,1.1149929786219175,0,109800,"{'effective_n': 6000, 'trim_mode': 'iqr'}",6000,1.197128659,20,0,3.0,1.0,sketch_iqr,6000,336000,200,0,4.0,10,0,1.5,bounded_out_of_subspace,508,weak,184024,completed,0.9426708030311421,5011.992616576394,retention_audit,7.669032211262767,0.7490348711732661
0,512,0.004168959823885526,10.435699158757851,1.114957139200976,0,109800,"{'effective_n': 6000, 'trim_mode': 'mad'}",6000,1.124316241,20,0,3.0,1.0,sketch_mad,6000,336000,200,0,4.0,10,0,1.5,bounded_out_of_subspace,508,weak,184024,completed,0.9427003401167346,5336.576828831916,retention_audit,7.671128854977109,0.7492733571375082
5208512,512,0.0030785584126341364,9.670865625010803,1.1334686131322476,0,109800,"{'phase': 'estimating', 'ready': True, 'total_seen': 6000, 'epoch_index': 0, 'epoch_seen': 6000, 'calibration_count': 512, 'effective_n': 5488, 'serving_epoch': 0, 'serving_n': 5488, 'basis_rank': 20, 'parallel_radius': 8.394969741550101, 'residual_radius': 14.330490781257529, 'marginal_clipped_coordinates': 3041, 'parallel_clipped_rows': 0, 'residual_clipped_rows': 401, 'state_bytes': 100800, 'calibration_peak_state_bytes_bound': 5208512, 'epoch_history': []}",5488,0.649592707,20,3041,3.0,1.0,dual_bound,6000,336000,200,0,4.0,10,401,1.5,bounded_out_of_subspace,508,weak,100800,completed,0.9376440279690732,9236.556899953004,retention_audit,6.757371844276068,0.7322860273762081
0,512,0.0046734544120344895,11.010122881649355,1.2140443879556648,0,109800,"{'effective_n': 6000, 'trim_mode': 'iqr'}",6000,1.26001712,20,0,3.0,1.0,sketch_iqr,6000,336000,200,0,4.0,10,0,1.5,in_subspace_leverage,508,weak,184024,completed,0.9003055593889354,4761.840061347738,retention_audit,7.091824648372185,0.6154812982441354
0,512,0.004169877086773069,11.009289922601875,1.214019862250274,0,109800,"{'effective_n': 6000, 'trim_mode': 'mad'}",6000,1.198810053,20,0,3.0,1.0,sketch_mad,6000,336000,200,0,4.0,10,0,1.5,in_subspace_leverage,508,weak,184024,completed,0.9003241256580039,5004.963033956139,retention_audit,7.093253202513279,0.6157342679444592
5208512,512,0.0030785584126341364,10.156176123916685,1.2067775547074182,0,109800,"{'phase': 'estimating', 'ready': True, 'total_seen': 6000, 'epoch_index': 0, 'epoch_seen': 6000, 'calibration_count': 512, 'effective_n': 5488, 'serving_epoch': 0, 'serving_n': 5488, 'basis_rank': 20, 'parallel_radius': 8.394969741550101, 'residual_radius': 14.330490781257529, 'marginal_clipped_coordinates': 3041, 'parallel_clipped_rows': 549, 'residual_clipped_rows': 401, 'state_bytes': 100800, 'calibration_peak_state_bytes_bound': 5208512, 'epoch_history': []}",5488,0.628584926,20,3041,3.0,1.0,dual_bound,6000,336000,200,549,4.0,10,401,1.5,in_subspace_leverage,508,weak,100800,completed,0.9022686816960293,9545.249578574843,retention_audit,6.415818214940445,0.6212174939536624
0,512,0.004324894514767932,10.198281903352513,1.0777457427877957,0,109800,"{'effective_n': 6000, 'trim_mode': 'iqr'}",6000,1.190206402,20,0,3.0,0.9585974499089254,sketch_iqr,6000,336000,200,0,4.0,10,0,1.5,mixed,508,weak,184024,completed,0.9410736456964301,5041.142435394159,retention_audit,7.9245716561625335,0.7959630299390197
0,512,0.003918547055586131,10.199335145181523,1.077758121226618,0,109800,"{'effective_n': 6000, 'trim_mode': 'mad'}",6000,1.163154371,20,0,3.0,0.9585792349726776,sketch_mad,6000,336000,200,0,4.0,10,0,1.5,mixed,508,weak,184024,completed,0.9410308087281495,5158.386667834651,retention_audit,7.926067658714801,0.7960442556648504
5208512,512,0.0030785584126341364,9.159811165738883,1.0611942414731554,0,109800,"{'phase': 'estimating', 'ready': True, 'total_seen': 6000, 'epoch_index': 0, 'epoch_seen': 6000, 'calibration_count': 512, 'effective_n': 5488, 'serving_epoch': 0, 'serving_n': 5488, 'basis_rank': 20, 'parallel_radius': 8.394969741550101, 'residual_radius': 14.330490781257529, 'marginal_clipped_coordinates': 7597, 'parallel_clipped_rows': 0, 'residual_clipped_rows': 673, 'state_bytes': 100800, 'calibration_peak_state_bytes_bound': 5208512, 'epoch_history': []}",5488,0.657084388,20,7597,3.0,0.9585063752276867,dual_bound,6000,336000,200,0,4.0,10,673,1.5,mixed,508,weak,100800,completed,0.9337150706987265,9131.247233346228,retention_audit,6.999198756487305,0.811739658852508
0,512,0.0033733333333333332,3.180657920593252,0.8499374451767406,0,0,"{'effective_n': 6000, 'trim_mode': 'iqr'}",6000,1.176670978,20,0,3.0,,sketch_iqr,6000,336000,200,0,4.0,10,0,1.5,clean,509,strong,184024,completed,0.46066760596530015,5099.131458309836,retention_audit,3.183279951205471,0.8490439747837893
0,512,0.00298,3.1805426876362946,0.8498556538557122,0,0,"{'effective_n': 6000, 'trim_mode': 'mad'}",6000,1.17155552,20,0,3.0,,sketch_mad,6000,336000,200,0,4.0,10,0,1.5,clean,509,strong,184024,completed,0.4605239209534861,5121.396210057548,retention_audit,3.1832022926552184,0.8490477149242031
5208512,512,0.0031924198250728865,3.0584955069297934,0.8727104103353225,0,0,"{'phase': 'estimating', 'ready': True, 'total_seen': 6000, 'epoch_index': 0, 'epoch_seen': 6000, 'calibration_count': 512, 'effective_n': 5488, 'serving_epoch': 0, 'serving_n': 5488, 'basis_rank': 20, 'parallel_radius': 14.793179758202665, 'residual_radius': 12.623779008134225, 'marginal_clipped_coordinates': 3504, 'parallel_clipped_rows': 0, 'residual_clipped_rows': 660, 'state_bytes': 100800, 'calibration_peak_state_bytes_bound': 5208512, 'epoch_history': []}",5488,0.534763049,20,3504,3.0,,dual_bound,6000,336000,200,0,4.0,10,660,1.5,clean,509,strong,100800,completed,0.5064776094802231,11219.922564245831,retention_audit,3.050660218425516,0.8779953715933437
0,512,0.0017859108420473307,2.4566002434695733,0.9915904819269497,0,109800,"{'effective_n': 6000, 'trim_mode': 'iqr'}",6000,1.148821047,20,0,3.0,0.2360928961748634,sketch_iqr,6000,336000,200,0,4.0,10,0,1.5,casewise_cauchy,509,strong,184024,completed,0.8729977329425624,5222.745540454918,retention_audit,3.191445877814611,0.9931524051037144
0,512,0.0014437717849935792,2.4550405725301125,0.9915814372160515,0,109800,"{'effective_n': 6000, 'trim_mode': 'mad'}",6000,1.235380302,20,0,3.0,0.23455373406193078,sketch_mad,6000,336000,200,0,4.0,10,0,1.5,casewise_cauchy,509,strong,184024,completed,0.8708657070896353,4856.80400625329,retention_audit,3.1872789795885135,0.9931463879817215
5208512,512,0.003192954039279206,3.010616973499081,0.9025580014522865,0,109800,"{'phase': 'estimating', 'ready': True, 'total_seen': 6000, 'epoch_index': 0, 'epoch_seen': 6000, 'calibration_count': 512, 'effective_n': 5488, 'serving_epoch': 0, 'serving_n': 5488, 'basis_rank': 20, 'parallel_radius': 14.793179758202665, 'residual_radius': 12.623779008134225, 'marginal_clipped_coordinates': 89336, 'parallel_clipped_rows': 44, 'residual_clipped_rows': 1149, 'state_bytes': 100800, 'calibration_peak_state_bytes_bound': 5208512, 'epoch_history': []}",5488,0.695160963,20,89336,3.0,0.21510018214936247,dual_bound,6000,336000,200,44,4.0,10,1149,1.5,casewise_cauchy,509,strong,100800,completed,0.5238078042727029,8631.094551262942,retention_audit,3.1521913660495366,0.9108984821860613
0,512,0.0018063292161136675,2.1208231621850446,0.9953103658870718,0,109944,"{'effective_n': 6000, 'trim_mode': 'iqr'}",6000,1.199673371,20,0,3.0,0.24001309757694828,sketch_iqr,6000,336000,200,0,4.0,10,0,1.5,cellwise_cauchy,509,strong,184024,completed,0.7921095056755972,5001.361324706773,retention_audit,3.0093208804575617,0.9966393465453964
0,512,0.001463227577298781,2.121320371894009,0.9952928194688531,0,109944,"{'effective_n': 6000, 'trim_mode': 'mad'}",6000,1.144683217,20,0,3.0,0.2385487157098159,sketch_mad,6000,336000,200,0,4.0,10,0,1.5,cellwise_cauchy,509,strong,184024,completed,0.7911153853508698,5241.624853839366,retention_audit,3.0062060439686102,0.9966133524522894
5208512,512,0.0031994945608592464,2.8775548005071734,0.9688057191098375,0,109944,"{'phase': 'estimating', 'ready': True, 'total_seen': 6000, 'epoch_index': 0, 'epoch_seen': 6000, 'calibration_count': 512, 'effective_n': 5488, 'serving_epoch': 0, 'serving_n': 5488, 'basis_rank': 20, 'parallel_radius': 14.793179758202665, 'residual_radius': 12.623779008134225, 'marginal_clipped_coordinates': 89035, 'parallel_clipped_rows': 1, 'residual_clipped_rows': 5486, 'state_bytes': 100800, 'calibration_peak_state_bytes_bound': 5208512, 'epoch_history': []}",5488,0.711762464,20,89035,3.0,0.21892054136651387,dual_bound,6000,336000,200,1,4.0,10,5486,1.5,cellwise_cauchy,509,strong,100800,completed,0.6463127933321157,8429.77861782832,retention_audit,3.4389979282263026,0.9713371918805419
0,512,0.004932122546321776,3.878768645499143,0.9343792254960043,0,109800,"{'effective_n': 6000, 'trim_mode': 'iqr'}",6000,1.142313358,20,0,3.0,1.0,sketch_iqr,6000,336000,200,0,4.0,10,0,1.5,bounded_out_of_subspace,509,strong,184024,completed,0.5414759238972293,5252.4992008366235,retention_audit,3.2128440034648427,0.7793600470939672
0,512,0.004383599339570721,3.8780034064303095,0.9342961698145119,0,109800,"{'effective_n': 6000, 'trim_mode': 'mad'}",6000,1.164571378,20,0,3.0,1.0,sketch_mad,6000,336000,200,0,4.0,10,0,1.5,bounded_out_of_subspace,509,strong,184024,completed,0.5414057035802097,5152.110135408119,retention_audit,3.2126525221203983,0.7794969013241627
5208512,512,0.003192954039279206,4.058642056460105,0.9644300897527716,0,109800,"{'phase': 'estimating', 'ready': True, 'total_seen': 6000, 'epoch_index': 0, 'epoch_seen': 6000, 'calibration_count': 512, 'effective_n': 5488, 'serving_epoch': 0, 'serving_n': 5488, 'basis_rank': 20, 'parallel_radius': 14.793179758202665, 'residual_radius': 12.623779008134225, 'marginal_clipped_coordinates': 3154, 'parallel_clipped_rows': 0, 'residual_clipped_rows': 600, 'state_bytes': 100800, 'calibration_peak_state_bytes_bound': 5208512, 'epoch_history': []}",5488,0.64238753,20,3154,3.0,1.0,dual_bound,6000,336000,200,0,4.0,10,600,1.5,bounded_out_of_subspace,509,strong,100800,completed,0.5627288162804678,9340.15640060759,retention_audit,3.2560339067966684,0.7814509037071281
0,512,0.004565217391304348,4.786595601275226,0.9956881235083852,0,109800,"{'effective_n': 6000, 'trim_mode': 'iqr'}",6000,1.169311477,20,0,3.0,1.0,sketch_iqr,6000,336000,200,0,4.0,10,0,1.5,in_subspace_leverage,509,strong,184024,completed,0.5450386692061635,5131.224757490343,retention_audit,3.2117234773871424,0.5385646594654583
0,512,0.004016694184553293,4.7854655294824955,0.9955928626035991,0,109800,"{'effective_n': 6000, 'trim_mode': 'mad'}",6000,1.165975243,20,0,3.0,1.0,sketch_mad,6000,336000,200,0,4.0,10,0,1.5,in_subspace_leverage,509,strong,184024,completed,0.5449148252043643,5145.9068586759,retention_audit,3.2118002133837393,0.5388075605379624
5208512,512,0.003192954039279206,4.935157956885231,1.0383368018680488,0,109800,"{'phase': 'estimating', 'ready': True, 'total_seen': 6000, 'epoch_index': 0, 'epoch_seen': 6000, 'calibration_count': 512, 'effective_n': 5488, 'serving_epoch': 0, 'serving_n': 5488, 'basis_rank': 20, 'parallel_radius': 14.793179758202665, 'residual_radius': 12.623779008134225, 'marginal_clipped_coordinates': 3154, 'parallel_clipped_rows': 0, 'residual_clipped_rows': 600, 'state_bytes': 100800, 'calibration_peak_state_bytes_bound': 5208512, 'epoch_history': []}",5488,0.660730245,20,3154,3.0,1.0,dual_bound,6000,336000,200,0,4.0,10,600,1.5,in_subspace_leverage,509,strong,100800,completed,0.5948369547248641,9080.861736547266,retention_audit,3.182496826829908,0.5462270224716013
0,512,0.004529444138690148,3.823144597512392,0.9278623635773715,0,109800,"{'effective_n': 6000, 'trim_mode': 'iqr'}",6000,1.205435387,20,0,3.0,0.9601639344262295,sketch_iqr,6000,336000,200,0,4.0,10,0,1.5,mixed,509,strong,184024,completed,0.5490554793902501,4977.454672981157,retention_audit,3.350776907473646,0.8114148212736911
0,512,0.004124931205283434,3.822304894621038,0.9277852064553769,0,109800,"{'effective_n': 6000, 'trim_mode': 'mad'}",6000,1.104841231,20,0,3.0,0.9601457194899817,sketch_mad,6000,336000,200,0,4.0,10,0,1.5,mixed,509,strong,184024,completed,0.5489676536048749,5430.644541179329,retention_audit,3.3500321074923374,0.8114279484700618
5208512,512,0.003192954039279206,3.6027125248370053,0.9311845202705833,0,109800,"{'phase': 'estimating', 'ready': True, 'total_seen': 6000, 'epoch_index': 0, 'epoch_seen': 6000, 'calibration_count': 512, 'effective_n': 5488, 'serving_epoch': 0, 'serving_n': 5488, 'basis_rank': 20, 'parallel_radius': 14.793179758202665, 'residual_radius': 12.623779008134225, 'marginal_clipped_coordinates': 7529, 'parallel_clipped_rows': 0, 'residual_clipped_rows': 875, 'state_bytes': 100800, 'calibration_peak_state_bytes_bound': 5208512, 'epoch_history': []}",5488,0.632479915,20,7529,3.0,0.9601548269581056,dual_bound,6000,336000,200,0,4.0,10,875,1.5,mixed,509,strong,100800,completed,0.5545266808914987,9486.467250110227,retention_audit,3.145835419348913,0.8441005193593255
0,512,0.003265,3.3341851146772443,0.998178927124538,0,0,"{'effective_n': 6000, 'trim_mode': 'iqr'}",6000,1.191576836,20,0,3.0,,sketch_iqr,6000,336000,200,0,4.0,10,0,1.5,clean,509,weak,184024,completed,0.9126988788465209,5035.344611213976,retention_audit,3.340630872207902,0.9981666942731456
0,512,0.0028366666666666666,3.3339361638695673,0.9981782913425427,0,0,"{'effective_n': 6000, 'trim_mode': 'mad'}",6000,1.177725721,20,0,3.0,,sketch_mad,6000,336000,200,0,4.0,10,0,1.5,clean,509,weak,184024,completed,0.9127203792052276,5094.56479808001,retention_audit,3.340405946590103,0.9981671258855501
5208512,512,0.0029992711370262393,2.868678237515415,0.996734927670648,0,0,"{'phase': 'estimating', 'ready': True, 'total_seen': 6000, 'epoch_index': 0, 'epoch_seen': 6000, 'calibration_count': 512, 'effective_n': 5488, 'serving_epoch': 0, 'serving_n': 5488, 'basis_rank': 20, 'parallel_radius': 8.11075183909708, 'residual_radius': 14.293052242376813, 'marginal_clipped_coordinates': 3292, 'parallel_clipped_rows': 0, 'residual_clipped_rows': 512, 'state_bytes': 100800, 'calibration_peak_state_bytes_bound': 5208512, 'epoch_history': []}",5488,0.61911938,20,3292,3.0,,dual_bound,6000,336000,200,0,4.0,10,512,1.5,clean,509,weak,100800,completed,0.9225984988149541,9691.184275316984,retention_audit,2.8665847912343008,0.9966896285870553
0,512,0.001807007888460833,3.879306790877412,0.9902940649735307,0,109800,"{'effective_n': 6000, 'trim_mode': 'iqr'}",6000,1.20496195,20,0,3.0,0.2098087431693989,sketch_iqr,6000,336000,200,0,4.0,10,0,1.5,casewise_cauchy,509,weak,184024,completed,0.9632125055920391,4979.410345695978,retention_audit,3.864302108639597,0.9930721838875568
0,512,0.0014767932489451476,3.892256277311016,0.9904688359849595,0,109800,"{'effective_n': 6000, 'trim_mode': 'mad'}",6000,1.16302357,20,0,3.0,0.20857012750455373,sketch_mad,6000,336000,200,0,4.0,10,0,1.5,casewise_cauchy,509,weak,184024,completed,0.9630969056445782,5158.96681268463,retention_audit,3.8789845936185325,0.9931650373000045
5208512,512,0.0029621380846325167,2.7629631430257486,0.9965273462930513,0,109800,"{'phase': 'estimating', 'ready': True, 'total_seen': 6000, 'epoch_index': 0, 'epoch_seen': 6000, 'calibration_count': 512, 'effective_n': 5488, 'serving_epoch': 0, 'serving_n': 5488, 'basis_rank': 20, 'parallel_radius': 8.11075183909708, 'residual_radius': 14.293052242376813, 'marginal_clipped_coordinates': 91612, 'parallel_clipped_rows': 544, 'residual_clipped_rows': 1007, 'state_bytes': 100800, 'calibration_peak_state_bytes_bound': 5208512, 'epoch_history': []}",5488,0.651162078,20,91612,3.0,0.19229508196721312,dual_bound,6000,336000,200,544,4.0,10,1007,1.5,casewise_cauchy,509,weak,100800,completed,0.9270584630826317,9214.295799332465,retention_audit,2.783747043315836,0.9965825040155482
0,512,0.001746727293232876,3.4290482064384458,0.9974190411915029,0,109389,"{'effective_n': 6000, 'trim_mode': 'iqr'}",6000,1.24939403,20,0,3.0,0.21189516313340465,sketch_iqr,6000,336000,200,0,4.0,10,0,1.5,cellwise_cauchy,509,weak,184024,completed,0.9574289086418899,4802.328053384408,retention_audit,3.5559043985985173,0.9984341332748831
0,512,0.001400132586229187,3.427323618738536,0.9974278774934714,0,109389,"{'effective_n': 6000, 'trim_mode': 'mad'}",6000,1.190687783,20,0,3.0,0.21051476839535968,sketch_mad,6000,336000,200,0,4.0,10,0,1.5,cellwise_cauchy,509,weak,184024,completed,0.9573513846411433,5039.10436108002,retention_audit,3.553681890228937,0.9984307663750466
5208512,512,0.003022633830224517,2.7764739511933856,0.9963834880860089,0,109389,"{'phase': 'estimating', 'ready': True, 'total_seen': 6000, 'epoch_index': 0, 'epoch_seen': 6000, 'calibration_count': 512, 'effective_n': 5488, 'serving_epoch': 0, 'serving_n': 5488, 'basis_rank': 20, 'parallel_radius': 8.11075183909708, 'residual_radius': 14.293052242376813, 'marginal_clipped_coordinates': 91199, 'parallel_clipped_rows': 59, 'residual_clipped_rows': 5480, 'state_bytes': 100800, 'calibration_peak_state_bytes_bound': 5208512, 'epoch_history': []}",5488,0.649271312,20,91199,3.0,0.1935935057455503,dual_bound,6000,336000,200,59,4.0,10,5480,1.5,cellwise_cauchy,509,weak,100800,completed,0.9479941915853978,9241.129076714851,retention_audit,2.831188284338019,0.9967844295509768
0,512,0.004162538983672721,11.16109967652637,1.2633868398495103,0,109800,"{'effective_n': 6000, 'trim_mode': 'iqr'}",6000,1.210238876,20,0,3.0,1.0,sketch_iqr,6000,336000,200,0,4.0,10,0,1.5,bounded_out_of_subspace,509,weak,184024,completed,0.9488071403216624,4957.698946038484,retention_audit,7.209903269787827,0.6440601754735643
0,512,0.003632361034672537,11.160925329719813,1.2633362344529826,0,109800,"{'effective_n': 6000, 'trim_mode': 'mad'}",6000,1.15429104,20,0,3.0,1.0,sketch_mad,6000,336000,200,0,4.0,10,0,1.5,bounded_out_of_subspace,509,weak,184024,completed,0.9488021257862834,5197.995819148003,retention_audit,7.212077924757967,0.6443357835435766
5208512,512,0.0029621380846325167,10.475536019373177,1.3096483671448784,0,109800,"{'phase': 'estimating', 'ready': True, 'total_seen': 6000, 'epoch_index': 0, 'epoch_seen': 6000, 'calibration_count': 512, 'effective_n': 5488, 'serving_epoch': 0, 'serving_n': 5488, 'basis_rank': 20, 'parallel_radius': 8.11075183909708, 'residual_radius': 14.293052242376813, 'marginal_clipped_coordinates': 2926, 'parallel_clipped_rows': 0, 'residual_clipped_rows': 458, 'state_bytes': 100800, 'calibration_peak_state_bytes_bound': 5208512, 'epoch_history': []}",5488,0.623116768,20,2926,3.0,1.0,dual_bound,6000,336000,200,0,4.0,10,458,1.5,bounded_out_of_subspace,509,weak,100800,completed,0.9458257252761061,9629.013867269256,retention_audit,6.36073469267039,0.6167374065886926
0,512,0.0048330581544670705,10.225006993557857,1.0252000837407325,0,109800,"{'effective_n': 6000, 'trim_mode': 'iqr'}",6000,1.26684589,20,0,3.0,1.0,sketch_iqr,6000,336000,200,0,4.0,10,0,1.5,in_subspace_leverage,509,weak,184024,completed,0.9058322718793097,4736.171974319624,retention_audit,7.821796508765772,0.7762884095094307
0,512,0.0043395707209686295,10.224126066926802,1.025186749734302,0,109800,"{'effective_n': 6000, 'trim_mode': 'mad'}",6000,1.205595018,20,0,3.0,1.0,sketch_mad,6000,336000,200,0,4.0,10,0,1.5,in_subspace_leverage,509,weak,184024,completed,0.9058460351589457,4976.795615789448,retention_audit,7.822497978673524,0.7764839319793503
5208512,512,0.0029621380846325167,9.271624898136162,1.0347349550718368,0,109800,"{'phase': 'estimating', 'ready': True, 'total_seen': 6000, 'epoch_index': 0, 'epoch_seen': 6000, 'calibration_count': 512, 'effective_n': 5488, 'serving_epoch': 0, 'serving_n': 5488, 'basis_rank': 20, 'parallel_radius': 8.11075183909708, 'residual_radius': 14.293052242376813, 'marginal_clipped_coordinates': 2926, 'parallel_clipped_rows': 0, 'residual_clipped_rows': 458, 'state_bytes': 100800, 'calibration_peak_state_bytes_bound': 5208512, 'epoch_history': []}",5488,0.686627872,20,2926,3.0,1.0,dual_bound,6000,336000,200,0,4.0,10,458,1.5,in_subspace_leverage,509,weak,100800,completed,0.9094379766545797,8738.357769432349,retention_audit,6.788947472657716,0.7604919402866129
0,512,0.0038515868647954503,11.002050134509574,1.1948989413283662,0,109800,"{'effective_n': 6000, 'trim_mode': 'iqr'}",6000,1.187054238,20,0,3.0,0.9594535519125683,sketch_iqr,6000,336000,200,0,4.0,10,0,1.5,mixed,509,weak,184024,completed,0.9473660862293685,5054.528940572301,retention_audit,7.640993706691367,0.6972475054584467
0,512,0.00345074298293891,11.003049199845107,1.1949149425318408,0,109800,"{'effective_n': 6000, 'trim_mode': 'mad'}",6000,1.212272259,20,0,3.0,0.9594353369763206,sketch_mad,6000,336000,200,0,4.0,10,0,1.5,mixed,509,weak,184024,completed,0.947348622057762,4949.383239165584,retention_audit,7.64227379207144,0.6973620252735936
5208512,512,0.0029621380846325167,10.026689419275277,1.1498788330611778,0,109800,"{'phase': 'estimating', 'ready': True, 'total_seen': 6000, 'epoch_index': 0, 'epoch_seen': 6000, 'calibration_count': 512, 'effective_n': 5488, 'serving_epoch': 0, 'serving_n': 5488, 'basis_rank': 20, 'parallel_radius': 8.11075183909708, 'residual_radius': 14.293052242376813, 'marginal_clipped_coordinates': 7383, 'parallel_clipped_rows': 0, 'residual_clipped_rows': 733, 'state_bytes': 100800, 'calibration_peak_state_bytes_bound': 5208512, 'epoch_history': []}",5488,0.718040122,20,7383,3.0,0.959408014571949,dual_bound,6000,336000,200,0,4.0,10,733,1.5,mixed,509,weak,100800,completed,0.9433175708999647,8356.079021444988,retention_audit,6.959991285577172,0.7221772924394638
0,512,0.0034275,3.243784169370201,0.8561242619936924,0,0,"{'effective_n': 6000, 'trim_mode': 'iqr'}",6000,1.226813108,20,0,3.0,,sketch_iqr,6000,336000,200,0,4.0,10,0,1.5,clean,510,strong,184024,completed,0.476206513995785,4890.7204861720475,retention_audit,3.2515606954150837,0.855345153527072
0,512,0.0029458333333333333,3.243918711899545,0.8560623207143931,0,0,"{'effective_n': 6000, 'trim_mode': 'mad'}",6000,1.243634723,20,0,3.0,,sketch_mad,6000,336000,200,0,4.0,10,0,1.5,clean,510,strong,184024,completed,0.4762561931101482,4824.567768199891,retention_audit,3.251705456262992,0.8553687151531967
5208512,512,0.003263483965014577,3.167996785574474,0.8751968081683983,0,0,"{'phase': 'estimating', 'ready': True, 'total_seen': 6000, 'epoch_index': 0, 'epoch_seen': 6000, 'calibration_count': 512, 'effective_n': 5488, 'serving_epoch': 0, 'serving_n': 5488, 'basis_rank': 20, 'parallel_radius': 15.061870614372022, 'residual_radius': 12.661533245736269, 'marginal_clipped_coordinates': 3582, 'parallel_clipped_rows': 0, 'residual_clipped_rows': 667, 'state_bytes': 100800, 'calibration_peak_state_bytes_bound': 5208512, 'epoch_history': []}",5488,0.578130817,20,3582,3.0,,dual_bound,6000,336000,200,0,4.0,10,667,1.5,clean,510,strong,100800,completed,0.5134785842179258,10378.273953868818,retention_audit,3.1623493182925495,0.8783892184180742
0,512,0.0018060906255732893,2.283335713959724,0.9890395742009692,0,109800,"{'effective_n': 6000, 'trim_mode': 'iqr'}",6000,1.203058624,20,0,3.0,0.23818761384335155,sketch_iqr,6000,336000,200,0,4.0,10,0,1.5,casewise_cauchy,510,strong,184024,completed,0.928113602687547,4987.288134015321,retention_audit,2.9192762708117574,0.99058352216999
0,512,0.0013988259035039442,2.2812154897091457,0.9890254675272435,0,109800,"{'effective_n': 6000, 'trim_mode': 'mad'}",6000,1.237901309,20,0,3.0,0.23674863387978143,sketch_mad,6000,336000,200,0,4.0,10,0,1.5,casewise_cauchy,510,strong,184024,completed,0.9269438810194033,4846.913042564688,retention_audit,2.914328546862758,0.9905738350827565
5208512,512,0.003269892690828103,3.141915292035542,0.8998244412252777,0,109800,"{'phase': 'estimating', 'ready': True, 'total_seen': 6000, 'epoch_index': 0, 'epoch_seen': 6000, 'calibration_count': 512, 'effective_n': 5488, 'serving_epoch': 0, 'serving_n': 5488, 'basis_rank': 20, 'parallel_radius': 15.061870614372022, 'residual_radius': 12.661533245736269, 'marginal_clipped_coordinates': 89316, 'parallel_clipped_rows': 45, 'residual_clipped_rows': 1158, 'state_bytes': 100800, 'calibration_peak_state_bytes_bound': 5208512, 'epoch_history': []}",5488,0.635378058,20,89316,3.0,0.21597449908925317,dual_bound,6000,336000,200,45,4.0,10,1158,1.5,casewise_cauchy,510,strong,100800,completed,0.5489407442824282,9443.196730599091,retention_audit,3.2740494587795927,0.9068329486881885
0,512,0.001850446831992822,2.246049493287758,0.9958212261465457,0,109993,"{'effective_n': 6000, 'trim_mode': 'iqr'}",6000,1.282367332,20,0,3.0,0.23647868500722774,sketch_iqr,6000,336000,200,0,4.0,10,0,1.5,cellwise_cauchy,510,strong,184024,completed,0.7945510207385152,4678.846575608181,retention_audit,3.182075763145942,0.9969996216899596
0,512,0.001440357722473342,2.245691219199273,0.9958043568745563,0,109993,"{'effective_n': 6000, 'trim_mode': 'mad'}",6000,1.165175977,20,0,3.0,0.2350604129353686,sketch_mad,6000,336000,200,0,4.0,10,0,1.5,cellwise_cauchy,510,strong,184024,completed,0.7931738744023374,5149.436753277655,retention_audit,3.1776932820959845,0.9969754121547009
5208512,512,0.0032178791766360507,2.851358346553449,0.9702606950667312,0,109993,"{'phase': 'estimating', 'ready': True, 'total_seen': 6000, 'epoch_index': 0, 'epoch_seen': 6000, 'calibration_count': 512, 'effective_n': 5488, 'serving_epoch': 0, 'serving_n': 5488, 'basis_rank': 20, 'parallel_radius': 15.061870614372022, 'residual_radius': 12.661533245736269, 'marginal_clipped_coordinates': 89674, 'parallel_clipped_rows': 0, 'residual_clipped_rows': 5487, 'state_bytes': 100800, 'calibration_peak_state_bytes_bound': 5208512, 'epoch_history': []}",5488,0.606177769,20,89674,3.0,0.21362268507995963,dual_bound,6000,336000,200,0,4.0,10,5487,1.5,cellwise_cauchy,510,strong,100800,completed,0.6406722629251748,9898.086513298049,retention_audit,3.40766037477691,0.97205661147075
0,512,0.005035773252614199,3.6905315642841647,0.9200202161268594,0,109800,"{'effective_n': 6000, 'trim_mode': 'iqr'}",6000,1.333468233,20,0,3.0,1.0,sketch_iqr,6000,336000,200,0,4.0,10,0,1.5,bounded_out_of_subspace,510,strong,184024,completed,0.5443391046864701,4499.544759683825,retention_audit,3.186077384199417,0.8109899498960101
0,512,0.0044294624839478994,3.690069930397007,0.9199465556029012,0,109800,"{'effective_n': 6000, 'trim_mode': 'mad'}",6000,1.203166625,20,0,3.0,1.0,sketch_mad,6000,336000,200,0,4.0,10,0,1.5,bounded_out_of_subspace,510,strong,184024,completed,0.5442474327245445,4986.840455286067,retention_audit,3.1860548088077874,0.8111449278900019
5208512,512,0.003269892690828103,3.8226157364630517,0.9406595399885621,0,109800,"{'phase': 'estimating', 'ready': True, 'total_seen': 6000, 'epoch_index': 0, 'epoch_seen': 6000, 'calibration_count': 512, 'effective_n': 5488, 'serving_epoch': 0, 'serving_n': 5488, 'basis_rank': 20, 'parallel_radius': 15.061870614372022, 'residual_radius': 12.661533245736269, 'marginal_clipped_coordinates': 3230, 'parallel_clipped_rows': 0, 'residual_clipped_rows': 609, 'state_bytes': 100800, 'calibration_peak_state_bytes_bound': 5208512, 'epoch_history': []}",5488,0.656220043,20,3230,3.0,1.0,dual_bound,6000,336000,200,0,4.0,10,609,1.5,bounded_out_of_subspace,510,strong,100800,completed,0.6104418099675685,9143.274522018828,retention_audit,3.205641306601834,0.8161279187476173
0,512,0.004465235736562098,4.911725226044315,0.9218639317389403,0,109800,"{'effective_n': 6000, 'trim_mode': 'iqr'}",6000,1.160845473,20,0,3.0,1.0,sketch_iqr,6000,336000,200,0,4.0,10,0,1.5,in_subspace_leverage,510,strong,184024,completed,0.5529495991578767,5168.646593843417,retention_audit,3.4875753897717217,0.5935950809320473
0,512,0.0038488350761328198,4.910976903067931,0.9218390303337786,0,109800,"{'effective_n': 6000, 'trim_mode': 'mad'}",6000,1.124972874,20,0,3.0,1.0,sketch_mad,6000,336000,200,0,4.0,10,0,1.5,in_subspace_leverage,510,strong,184024,completed,0.5528962727071833,5333.46193376748,retention_audit,3.4876314925893266,0.5938096978252411
5208512,512,0.003269892690828103,5.070165814561592,0.9545155178148047,0,109800,"{'phase': 'estimating', 'ready': True, 'total_seen': 6000, 'epoch_index': 0, 'epoch_seen': 6000, 'calibration_count': 512, 'effective_n': 5488, 'serving_epoch': 0, 'serving_n': 5488, 'basis_rank': 20, 'parallel_radius': 15.061870614372022, 'residual_radius': 12.661533245736269, 'marginal_clipped_coordinates': 3230, 'parallel_clipped_rows': 0, 'residual_clipped_rows': 609, 'state_bytes': 100800, 'calibration_peak_state_bytes_bound': 5208512, 'epoch_history': []}",5488,0.653009497,20,3230,3.0,1.0,dual_bound,6000,336000,200,0,4.0,10,609,1.5,in_subspace_leverage,510,strong,100800,completed,0.5953826747411068,9188.227778561695,retention_audit,3.471774755094739,0.5918056331848345
0,512,0.004633094844982572,3.6109662614683975,0.9177305375228522,0,109800,"{'effective_n': 6000, 'trim_mode': 'iqr'}",6000,1.167312593,20,0,3.0,0.9600091074681238,sketch_iqr,6000,336000,200,0,4.0,10,0,1.5,mixed,510,strong,184024,completed,0.551259893555303,5140.011369688017,retention_audit,3.2814262024034897,0.8391610987346448
0,512,0.004165290772335351,3.6105853197475,0.917672324373548,0,109800,"{'effective_n': 6000, 'trim_mode': 'mad'}",6000,1.10535796,20,0,3.0,0.9599726775956284,sketch_mad,6000,336000,200,0,4.0,10,0,1.5,mixed,510,strong,184024,completed,0.5510939873341743,5428.105841839688,retention_audit,3.281098676951905,0.8392046212577475
5208512,512,0.003269892690828103,3.437640399165176,0.9229031509283007,0,109800,"{'phase': 'estimating', 'ready': True, 'total_seen': 6000, 'epoch_index': 0, 'epoch_seen': 6000, 'calibration_count': 512, 'effective_n': 5488, 'serving_epoch': 0, 'serving_n': 5488, 'basis_rank': 20, 'parallel_radius': 15.061870614372022, 'residual_radius': 12.661533245736269, 'marginal_clipped_coordinates': 7606, 'parallel_clipped_rows': 0, 'residual_clipped_rows': 882, 'state_bytes': 100800, 'calibration_peak_state_bytes_bound': 5208512, 'epoch_history': []}",5488,0.596738866,20,7606,3.0,0.9601457194899817,dual_bound,6000,336000,200,0,4.0,10,882,1.5,mixed,510,strong,100800,completed,0.6078436839910438,10054.64926428975,retention_audit,3.1005502821580984,0.8636081849839387
0,512,0.0033875,3.3114692348990253,0.9981443990230957,0,0,"{'effective_n': 6000, 'trim_mode': 'iqr'}",6000,1.234601564,20,0,3.0,,sketch_iqr,6000,336000,200,0,4.0,10,0,1.5,clean,510,weak,184024,completed,0.8934087590543163,4859.867486770817,retention_audit,3.318179994820906,0.9981362492629341
0,512,0.0029458333333333333,3.311571522297123,0.9981440291290016,0,0,"{'effective_n': 6000, 'trim_mode': 'mad'}",6000,1.199845835,20,0,3.0,,sketch_mad,6000,336000,200,0,4.0,10,0,1.5,clean,510,weak,184024,completed,0.8933130772636426,5000.642436701045,retention_audit,3.318312203729932,0.9981370201402703
5208512,512,0.003120444606413994,2.7673188248956913,0.9965380306270847,0,0,"{'phase': 'estimating', 'ready': True, 'total_seen': 6000, 'epoch_index': 0, 'epoch_seen': 6000, 'calibration_count': 512, 'effective_n': 5488, 'serving_epoch': 0, 'serving_n': 5488, 'basis_rank': 20, 'parallel_radius': 8.493875013281308, 'residual_radius': 14.360777062539436, 'marginal_clipped_coordinates': 3425, 'parallel_clipped_rows': 0, 'residual_clipped_rows': 380, 'state_bytes': 100800, 'calibration_peak_state_bytes_bound': 5208512, 'epoch_history': []}",5488,0.679659979,20,3425,3.0,,dual_bound,6000,336000,200,0,4.0,10,380,1.5,clean,510,weak,100800,completed,0.8976806538741572,8827.943656220488,retention_audit,2.7647428115147434,0.9965046317327035
0,512,0.0019464318473674555,3.439395029911479,0.9877124446633809,0,109800,"{'effective_n': 6000, 'trim_mode': 'iqr'}",6000,1.193271389,20,0,3.0,0.21296903460837888,sketch_iqr,6000,336000,200,0,4.0,10,0,1.5,casewise_cauchy,510,weak,184024,completed,0.9707711476479173,5028.193967701006,retention_audit,3.4161104344630266,0.991069446432668
0,512,0.001535498073747936,3.4405532322326238,0.9878237369283166,0,109800,"{'effective_n': 6000, 'trim_mode': 'mad'}",6000,1.179601396,20,0,3.0,0.21176684881602914,sketch_mad,6000,336000,200,0,4.0,10,0,1.5,casewise_cauchy,510,weak,184024,completed,0.9707375778417863,5086.463970241011,retention_audit,3.418350506584382,0.9911106157558842
5208512,512,0.003130188297226159,2.832658094001088,0.9965632800841479,0,109800,"{'phase': 'estimating', 'ready': True, 'total_seen': 6000, 'epoch_index': 0, 'epoch_seen': 6000, 'calibration_count': 512, 'effective_n': 5488, 'serving_epoch': 0, 'serving_n': 5488, 'basis_rank': 20, 'parallel_radius': 8.493875013281308, 'residual_radius': 14.360777062539436, 'marginal_clipped_coordinates': 91629, 'parallel_clipped_rows': 542, 'residual_clipped_rows': 889, 'state_bytes': 100800, 'calibration_peak_state_bytes_bound': 5208512, 'epoch_history': []}",5488,0.684315403,20,91629,3.0,0.19365209471766848,dual_bound,6000,336000,200,542,4.0,10,889,1.5,casewise_cauchy,510,weak,100800,completed,0.9166139756361147,8767.886816073902,retention_audit,2.8459626994837937,0.9965880163079959
0,512,0.0019044054512230026,3.2904678852890945,0.9968123455097773,0,109896,"{'effective_n': 6000, 'trim_mode': 'iqr'}",6000,1.157809402,20,0,3.0,0.2132652689815826,sketch_iqr,6000,336000,200,0,4.0,10,0,1.5,cellwise_cauchy,510,weak,184024,completed,0.9439140737789786,5182.200101014553,retention_audit,3.4085453732497446,0.9980535444563209
0,512,0.0015117823620498594,3.2912833767635603,0.9968318807122329,0,109896,"{'effective_n': 6000, 'trim_mode': 'mad'}",6000,1.12250035,20,0,3.0,0.21178204848220136,sketch_mad,6000,336000,200,0,4.0,10,0,1.5,cellwise_cauchy,510,weak,184024,completed,0.943714784935528,5345.20991463388,retention_audit,3.409024489521575,0.9980543323577125
5208512,512,0.003140617026963544,2.8064772554304924,0.9963331112993236,0,109896,"{'phase': 'estimating', 'ready': True, 'total_seen': 6000, 'epoch_index': 0, 'epoch_seen': 6000, 'calibration_count': 512, 'effective_n': 5488, 'serving_epoch': 0, 'serving_n': 5488, 'basis_rank': 20, 'parallel_radius': 8.493875013281308, 'residual_radius': 14.360777062539436, 'marginal_clipped_coordinates': 91733, 'parallel_clipped_rows': 25, 'residual_clipped_rows': 5484, 'state_bytes': 100800, 'calibration_peak_state_bytes_bound': 5208512, 'epoch_history': []}",5488,0.65963125,20,91733,3.0,0.193501128339521,dual_bound,6000,336000,200,25,4.0,10,5484,1.5,cellwise_cauchy,510,weak,100800,completed,0.9353902863256112,9095.991131408648,retention_audit,2.858249603858517,0.9967755022914725
0,512,0.004512933406714365,10.710059876803223,1.1383976934821034,0,109800,"{'effective_n': 6000, 'trim_mode': 'iqr'}",6000,1.180876327,20,0,3.0,1.0,sketch_iqr,6000,336000,200,0,4.0,10,0,1.5,bounded_out_of_subspace,510,weak,184024,completed,0.9340734575968436,5080.972378574916,retention_audit,7.61725962875313,0.7274166998197115
0,512,0.003974500091726289,10.709432045336047,1.1383672357247065,0,109800,"{'effective_n': 6000, 'trim_mode': 'mad'}",6000,1.233441725,20,0,3.0,1.0,sketch_mad,6000,336000,200,0,4.0,10,0,1.5,bounded_out_of_subspace,510,weak,184024,completed,0.9341786437718115,4864.437353130728,retention_audit,7.6187057577449435,0.7276425850148114
5208512,512,0.003130188297226159,10.037601258005271,1.1640349660345766,0,109800,"{'phase': 'estimating', 'ready': True, 'total_seen': 6000, 'epoch_index': 0, 'epoch_seen': 6000, 'calibration_count': 512, 'effective_n': 5488, 'serving_epoch': 0, 'serving_n': 5488, 'basis_rank': 20, 'parallel_radius': 8.493875013281308, 'residual_radius': 14.360777062539436, 'marginal_clipped_coordinates': 3092, 'parallel_clipped_rows': 0, 'residual_clipped_rows': 340, 'state_bytes': 100800, 'calibration_peak_state_bytes_bound': 5208512, 'epoch_history': []}",5488,0.637734573,20,3092,3.0,1.0,dual_bound,6000,336000,200,0,4.0,10,340,1.5,bounded_out_of_subspace,510,weak,100800,completed,0.9336362071728924,9408.302848903253,retention_audit,6.76417999638378,0.7032069799822854
0,512,0.004112089524857824,11.35647942161211,1.2167185315757834,0,109800,"{'effective_n': 6000, 'trim_mode': 'iqr'}",6000,1.125946709,20,0,3.0,1.0,sketch_iqr,6000,336000,200,0,4.0,10,0,1.5,in_subspace_leverage,510,weak,184024,completed,0.8980921544285524,5328.849005055354,retention_audit,7.075315336408444,0.6162658287925268
0,512,0.003585580627407815,11.355986750220413,1.216675652591819,0,109800,"{'effective_n': 6000, 'trim_mode': 'mad'}",6000,1.164371164,20,0,3.0,1.0,sketch_mad,6000,336000,200,0,4.0,10,0,1.5,in_subspace_leverage,510,weak,184024,completed,0.8980473966491006,5152.996042420026,retention_audit,7.0769702437747295,0.6165042176272204
5208512,512,0.003130188297226159,10.78748632279104,1.2616616646038588,0,109800,"{'phase': 'estimating', 'ready': True, 'total_seen': 6000, 'epoch_index': 0, 'epoch_seen': 6000, 'calibration_count': 512, 'effective_n': 5488, 'serving_epoch': 0, 'serving_n': 5488, 'basis_rank': 20, 'parallel_radius': 8.493875013281308, 'residual_radius': 14.360777062539436, 'marginal_clipped_coordinates': 3092, 'parallel_clipped_rows': 0, 'residual_clipped_rows': 340, 'state_bytes': 100800, 'calibration_peak_state_bytes_bound': 5208512, 'epoch_history': []}",5488,0.604589302,20,3092,3.0,1.0,dual_bound,6000,336000,200,0,4.0,10,340,1.5,in_subspace_leverage,510,weak,100800,completed,0.900181476760004,9924.092239395926,retention_audit,6.33511297994056,0.5953374399609036
0,512,0.004164373509447808,10.611550792839092,1.0982826089173559,0,109800,"{'effective_n': 6000, 'trim_mode': 'iqr'}",6000,1.155755888,20,0,3.0,0.9606739526411657,sketch_iqr,6000,336000,200,0,4.0,10,0,1.5,mixed,510,weak,184024,completed,0.9323485543156868,5191.407685910919,retention_audit,8.000780482496053,0.7732535542427492
0,512,0.003756191524490919,10.612363097643467,1.0982889486248189,0,109800,"{'effective_n': 6000, 'trim_mode': 'mad'}",6000,1.183046414,20,0,3.0,0.9606921675774135,sketch_mad,6000,336000,200,0,4.0,10,0,1.5,mixed,510,weak,184024,completed,0.9323076723398629,5071.652243730143,retention_audit,8.00260342112463,0.7733510228033036
5208512,512,0.003130188297226159,9.661426967040377,1.0868157760680743,0,109800,"{'phase': 'estimating', 'ready': True, 'total_seen': 6000, 'epoch_index': 0, 'epoch_seen': 6000, 'calibration_count': 512, 'effective_n': 5488, 'serving_epoch': 0, 'serving_n': 5488, 'basis_rank': 20, 'parallel_radius': 8.493875013281308, 'residual_radius': 14.360777062539436, 'marginal_clipped_coordinates': 7421, 'parallel_clipped_rows': 0, 'residual_clipped_rows': 608, 'state_bytes': 100800, 'calibration_peak_state_bytes_bound': 5208512, 'epoch_history': []}",5488,0.675915143,20,7421,3.0,0.9605737704918033,dual_bound,6000,336000,200,0,4.0,10,608,1.5,mixed,510,weak,100800,completed,0.9315529488467259,8876.853939637213,retention_audit,7.130326804818846,0.7782143110332846
0,512,0.0034625,3.131447949257255,0.8483914969706613,0,0,"{'effective_n': 6000, 'trim_mode': 'iqr'}",6000,1.153469079,20,0,3.0,,sketch_iqr,6000,336000,200,0,4.0,10,0,1.5,clean,511,strong,184024,completed,0.4568054451210417,5201.6999061662755,retention_audit,3.1360811579887065,0.8475982476308169
0,512,0.003064166666666667,3.131879042335158,0.848331293208324,0,0,"{'effective_n': 6000, 'trim_mode': 'mad'}",6000,1.09701966,20,0,3.0,,sketch_mad,6000,336000,200,0,4.0,10,0,1.5,clean,511,strong,184024,completed,0.45682397701034705,5469.3641497728495,retention_audit,3.1364199525841565,0.8476132359435551
5208512,512,0.0029956268221574345,3.110501940666354,0.8687929729225052,0,0,"{'phase': 'estimating', 'ready': True, 'total_seen': 6000, 'epoch_index': 0, 'epoch_seen': 6000, 'calibration_count': 512, 'effective_n': 5488, 'serving_epoch': 0, 'serving_n': 5488, 'basis_rank': 20, 'parallel_radius': 15.352027567967617, 'residual_radius': 12.519095711063754, 'marginal_clipped_coordinates': 3288, 'parallel_clipped_rows': 0, 'residual_clipped_rows': 641, 'state_bytes': 100800, 'calibration_peak_state_bytes_bound': 5208512, 'epoch_history': []}",5488,0.562472254,20,3288,3.0,,dual_bound,6000,336000,200,0,4.0,10,641,1.5,clean,511,strong,100800,completed,0.49546653752330566,10667.19283899113,retention_audit,3.1055416384749392,0.8715447808881744
0,512,0.0018758026050266006,2.363855163610648,0.9894402073682462,0,109800,"{'effective_n': 6000, 'trim_mode': 'iqr'}",6000,1.121851747,20,0,3.0,0.23620218579234972,sketch_iqr,6000,336000,200,0,4.0,10,0,1.5,casewise_cauchy,511,strong,184024,completed,0.8741121983035545,5348.300268769827,retention_audit,3.0760550960124946,0.9915169896510458
0,512,0.0015281599706475876,2.3630039622113257,0.9894386232312904,0,109800,"{'effective_n': 6000, 'trim_mode': 'mad'}",6000,1.141305793,20,0,3.0,0.23491803278688525,sketch_mad,6000,336000,200,0,4.0,10,0,1.5,casewise_cauchy,511,strong,184024,completed,0.8728648087898029,5257.136200306661,retention_audit,3.0724408377433767,0.9915097305273866
5208512,512,0.002981372747519741,3.106095884814845,0.8927564456590602,0,109800,"{'phase': 'estimating', 'ready': True, 'total_seen': 6000, 'epoch_index': 0, 'epoch_seen': 6000, 'calibration_count': 512, 'effective_n': 5488, 'serving_epoch': 0, 'serving_n': 5488, 'basis_rank': 20, 'parallel_radius': 15.352027567967617, 'residual_radius': 12.519095711063754, 'marginal_clipped_coordinates': 89158, 'parallel_clipped_rows': 29, 'residual_clipped_rows': 1127, 'state_bytes': 100800, 'calibration_peak_state_bytes_bound': 5208512, 'epoch_history': []}",5488,0.585988806,20,89158,3.0,0.21481785063752276,dual_bound,6000,336000,200,29,4.0,10,1127,1.5,casewise_cauchy,511,strong,100800,completed,0.539783364675743,10239.103441167099,retention_audit,3.2394298659621246,0.9000126405298836
0,512,0.0019159776392844205,2.178291027048253,0.9944280097159206,0,109695,"{'effective_n': 6000, 'trim_mode': 'iqr'}",6000,1.111788271,20,0,3.0,0.238743789598432,sketch_iqr,6000,336000,200,0,4.0,10,0,1.5,cellwise_cauchy,511,strong,184024,completed,0.7826876788380729,5396.7110073964795,retention_audit,3.126011397776166,0.9960883394876902
0,512,0.0015564452148710683,2.1782242574944584,0.9944034710374494,0,109695,"{'effective_n': 6000, 'trim_mode': 'mad'}",6000,1.230353177,20,0,3.0,0.23748575595970645,sketch_mad,6000,336000,200,0,4.0,10,0,1.5,cellwise_cauchy,511,strong,184024,completed,0.7816089333898776,4876.648520248426,retention_audit,3.121411681006058,0.9960532225883585
5208512,512,0.0029770068984365907,2.8717024893038077,0.9598197447267771,0,109695,"{'phase': 'estimating', 'ready': True, 'total_seen': 6000, 'epoch_index': 0, 'epoch_seen': 6000, 'calibration_count': 512, 'effective_n': 5488, 'serving_epoch': 0, 'serving_n': 5488, 'basis_rank': 20, 'parallel_radius': 15.352027567967617, 'residual_radius': 12.519095711063754, 'marginal_clipped_coordinates': 88634, 'parallel_clipped_rows': 0, 'residual_clipped_rows': 5485, 'state_bytes': 100800, 'calibration_peak_state_bytes_bound': 5208512, 'epoch_history': []}",5488,0.714824531,20,88634,3.0,0.21880669128036828,dual_bound,6000,336000,200,0,4.0,10,5485,1.5,cellwise_cauchy,511,strong,100800,completed,0.6005970719892476,8393.66829172235,retention_audit,3.432721020562227,0.9617787074449242
0,512,0.004967895798935975,3.933590038394396,0.9535790992380653,0,109800,"{'effective_n': 6000, 'trim_mode': 'iqr'}",6000,1.249143091,20,0,3.0,1.0,sketch_iqr,6000,336000,200,0,4.0,10,0,1.5,bounded_out_of_subspace,511,strong,184024,completed,0.5512756605752434,4803.292787855638,retention_audit,3.1792469457364807,0.7560646391203852
0,512,0.0044441386901485965,3.9333305594917296,0.9534910106875013,0,109800,"{'effective_n': 6000, 'trim_mode': 'mad'}",6000,1.274633047,20,0,3.0,1.0,sketch_mad,6000,336000,200,0,4.0,10,0,1.5,bounded_out_of_subspace,511,strong,184024,completed,0.5512715294048921,4707.23712532145,retention_audit,3.1795478839391143,0.7562343630195199
5208512,512,0.002981372747519741,4.126793562204883,0.9827934146889861,0,109800,"{'phase': 'estimating', 'ready': True, 'total_seen': 6000, 'epoch_index': 0, 'epoch_seen': 6000, 'calibration_count': 512, 'effective_n': 5488, 'serving_epoch': 0, 'serving_n': 5488, 'basis_rank': 20, 'parallel_radius': 15.352027567967617, 'residual_radius': 12.519095711063754, 'marginal_clipped_coordinates': 2945, 'parallel_clipped_rows': 0, 'residual_clipped_rows': 578, 'state_bytes': 100800, 'calibration_peak_state_bytes_bound': 5208512, 'epoch_history': []}",5488,0.641827559,20,2945,3.0,1.0,dual_bound,6000,336000,200,0,4.0,10,578,1.5,bounded_out_of_subspace,511,strong,100800,completed,0.5848263125664173,9348.305344426633,retention_audit,3.228988540292651,0.7487364099021023
0,512,0.004261603375527426,5.085124111084044,1.0446923250245441,0,109800,"{'effective_n': 6000, 'trim_mode': 'iqr'}",6000,1.260289717,20,0,3.0,1.0,sketch_iqr,6000,336000,200,0,4.0,10,0,1.5,in_subspace_leverage,511,strong,184024,completed,0.5787600828453109,4760.810089193166,retention_audit,3.199737686109138,0.5124868351411881
0,512,0.003775454045129334,5.0846265175457885,1.0447231671174255,0,109800,"{'effective_n': 6000, 'trim_mode': 'mad'}",6000,1.252086493,20,0,3.0,1.0,sketch_mad,6000,336000,200,0,4.0,10,0,1.5,in_subspace_leverage,511,strong,184024,completed,0.5787107840061325,4792.001218401451,retention_audit,3.200078347724795,0.5127052109607148
5208512,512,0.002981372747519741,5.281538995167413,1.0978381843216685,0,109800,"{'phase': 'estimating', 'ready': True, 'total_seen': 6000, 'epoch_index': 0, 'epoch_seen': 6000, 'calibration_count': 512, 'effective_n': 5488, 'serving_epoch': 0, 'serving_n': 5488, 'basis_rank': 20, 'parallel_radius': 15.352027567967617, 'residual_radius': 12.519095711063754, 'marginal_clipped_coordinates': 2945, 'parallel_clipped_rows': 0, 'residual_clipped_rows': 578, 'state_bytes': 100800, 'calibration_peak_state_bytes_bound': 5208512, 'epoch_history': []}",5488,0.620627001,20,2945,3.0,1.0,dual_bound,6000,336000,200,0,4.0,10,578,1.5,in_subspace_leverage,511,strong,100800,completed,0.6010105223847416,9667.642545896902,retention_audit,3.1870024327913833,0.5072505451839731
0,512,0.0045936525408181985,3.855346778093408,0.9406990251774352,0,109800,"{'effective_n': 6000, 'trim_mode': 'iqr'}",6000,1.228796209,20,0,3.0,0.9602823315118397,sketch_iqr,6000,336000,200,0,4.0,10,0,1.5,mixed,511,strong,184024,completed,0.5542022262522133,4882.827564127031,retention_audit,3.317533481350998,0.7920265093121212
0,512,0.004196477710511833,3.855203041602832,0.9406298092773018,0,109800,"{'effective_n': 6000, 'trim_mode': 'mad'}",6000,1.23182074,20,0,3.0,0.9602823315118397,sketch_mad,6000,336000,200,0,4.0,10,0,1.5,mixed,511,strong,184024,completed,0.5541638125260651,4870.838592959556,retention_audit,3.3172199341868427,0.7920327542656788
5208512,512,0.002981372747519741,3.6458278007143714,0.9327721663660108,0,109800,"{'phase': 'estimating', 'ready': True, 'total_seen': 6000, 'epoch_index': 0, 'epoch_seen': 6000, 'calibration_count': 512, 'effective_n': 5488, 'serving_epoch': 0, 'serving_n': 5488, 'basis_rank': 20, 'parallel_radius': 15.352027567967617, 'residual_radius': 12.519095711063754, 'marginal_clipped_coordinates': 7315, 'parallel_clipped_rows': 0, 'residual_clipped_rows': 853, 'state_bytes': 100800, 'calibration_peak_state_bytes_bound': 5208512, 'epoch_history': []}",5488,0.660075226,20,7315,3.0,0.9602003642987249,dual_bound,6000,336000,200,0,4.0,10,853,1.5,mixed,511,strong,100800,completed,0.5729023812101883,9089.873038198224,retention_audit,3.146888489375389,0.822214905997802
0,512,0.0033333333333333335,3.271310662767256,0.9983024368672088,0,0,"{'effective_n': 6000, 'trim_mode': 'iqr'}",6000,1.347544167,20,0,3.0,,sketch_iqr,6000,336000,200,0,4.0,10,0,1.5,clean,511,weak,184024,completed,0.9156458687310486,4452.54422595857,retention_audit,3.275052310321322,0.9982919408551799
0,512,0.002885,3.2714929534028427,0.9983027985989941,0,0,"{'effective_n': 6000, 'trim_mode': 'mad'}",6000,1.198452809,20,0,3.0,,sketch_mad,6000,336000,200,0,4.0,10,0,1.5,clean,511,weak,184024,completed,0.9156662177349233,5006.45495170265,retention_audit,3.275125371595484,0.9982935264927818
5208512,512,0.0032051749271137025,2.7689295051818803,0.9967053441042496,0,0,"{'phase': 'estimating', 'ready': True, 'total_seen': 6000, 'epoch_index': 0, 'epoch_seen': 6000, 'calibration_count': 512, 'effective_n': 5488, 'serving_epoch': 0, 'serving_n': 5488, 'basis_rank': 20, 'parallel_radius': 8.156054103052558, 'residual_radius': 14.406153644026551, 'marginal_clipped_coordinates': 3518, 'parallel_clipped_rows': 0, 'residual_clipped_rows': 423, 'state_bytes': 100800, 'calibration_peak_state_bytes_bound': 5208512, 'epoch_history': []}",5488,0.655578996,20,3518,3.0,,dual_bound,6000,336000,200,0,4.0,10,423,1.5,clean,511,weak,100800,completed,0.9278618644210289,9152.215120693098,retention_audit,2.7652830828022834,0.996664791387973
0,512,0.0018125114657860943,3.82367649506378,0.989831476653069,0,109800,"{'effective_n': 6000, 'trim_mode': 'iqr'}",6000,1.278552994,20,0,3.0,0.21072859744990893,sketch_iqr,6000,336000,200,0,4.0,10,0,1.5,casewise_cauchy,511,weak,184024,completed,0.9724428053649553,4692.805091503309,retention_audit,3.8044836498873362,0.9925812762665868
0,512,0.0014501926252063842,3.8294144793670997,0.9899587551410152,0,109800,"{'effective_n': 6000, 'trim_mode': 'mad'}",6000,1.172281648,20,0,3.0,0.20942622950819673,sketch_mad,6000,336000,200,0,4.0,10,0,1.5,casewise_cauchy,511,weak,184024,completed,0.9724484469470587,5118.223944080714,retention_audit,3.8115075908365514,0.9926440524549417
5208512,512,0.003201052844705406,2.870759206503859,0.9968476964183371,0,109800,"{'phase': 'estimating', 'ready': True, 'total_seen': 6000, 'epoch_index': 0, 'epoch_seen': 6000, 'calibration_count': 512, 'effective_n': 5488, 'serving_epoch': 0, 'serving_n': 5488, 'basis_rank': 20, 'parallel_radius': 8.156054103052558, 'residual_radius': 14.406153644026551, 'marginal_clipped_coordinates': 91951, 'parallel_clipped_rows': 545, 'residual_clipped_rows': 932, 'state_bytes': 100800, 'calibration_peak_state_bytes_bound': 5208512, 'epoch_history': []}",5488,0.672608951,20,91951,3.0,0.19135701275045539,dual_bound,6000,336000,200,545,4.0,10,932,1.5,casewise_cauchy,511,weak,100800,completed,0.9457547059114374,8920.48788687619,retention_audit,2.8832774583120107,0.9968516425965952
0,512,0.001751697358055194,3.3384178012776986,0.9973200132228016,0,109629,"{'effective_n': 6000, 'trim_mode': 'iqr'}",6000,1.238929658,20,0,3.0,0.20926944512857,sketch_iqr,6000,336000,200,0,4.0,10,0,1.5,cellwise_cauchy,511,weak,184024,completed,0.9478237612946305,4842.889958487054,retention_audit,3.4564860304994687,0.9983496589575342
0,512,0.0013931038151234762,3.3367619296805504,0.9973254037455201,0,109629,"{'effective_n': 6000, 'trim_mode': 'mad'}",6000,1.148776071,20,0,3.0,0.2078647073310894,sketch_mad,6000,336000,200,0,4.0,10,0,1.5,cellwise_cauchy,511,weak,184024,completed,0.9477723158390136,5222.950017384198,retention_audit,3.454336891140278,0.9983440439054893
5208512,512,0.003195437922773037,2.8118482003650627,0.996478042884824,0,109629,"{'phase': 'estimating', 'ready': True, 'total_seen': 6000, 'epoch_index': 0, 'epoch_seen': 6000, 'calibration_count': 512, 'effective_n': 5488, 'serving_epoch': 0, 'serving_n': 5488, 'basis_rank': 20, 'parallel_radius': 8.156054103052558, 'residual_radius': 14.406153644026551, 'marginal_clipped_coordinates': 91932, 'parallel_clipped_rows': 61, 'residual_clipped_rows': 5483, 'state_bytes': 100800, 'calibration_peak_state_bytes_bound': 5208512, 'epoch_history': []}",5488,0.649158202,20,91932,3.0,0.19022338979649545,dual_bound,6000,336000,200,61,4.0,10,5483,1.5,cellwise_cauchy,511,weak,100800,completed,0.950661810115276,9242.73926065252,retention_audit,2.865989504427769,0.9968723796739108
0,512,0.004142359200146762,11.507877461250834,1.1995010980380445,0,109800,"{'effective_n': 6000, 'trim_mode': 'iqr'}",6000,1.245855782,20,0,3.0,1.0,sketch_iqr,6000,336000,200,0,4.0,10,0,1.5,bounded_out_of_subspace,511,weak,184024,completed,0.9444436748620649,4815.966732817234,retention_audit,7.777424000346841,0.6828388007324137
0,512,0.003614015776921666,11.507959098912353,1.1994479335189907,0,109800,"{'effective_n': 6000, 'trim_mode': 'mad'}",6000,1.196268693,20,0,3.0,1.0,sketch_mad,6000,336000,200,0,4.0,10,0,1.5,bounded_out_of_subspace,511,weak,184024,completed,0.9444354437240742,5015.5956058276615,retention_audit,7.779282262682976,0.6831084227042731
5208512,512,0.003201052844705406,10.868826292041827,1.233980287301415,0,109800,"{'phase': 'estimating', 'ready': True, 'total_seen': 6000, 'epoch_index': 0, 'epoch_seen': 6000, 'calibration_count': 512, 'effective_n': 5488, 'serving_epoch': 0, 'serving_n': 5488, 'basis_rank': 20, 'parallel_radius': 8.156054103052558, 'residual_radius': 14.406153644026551, 'marginal_clipped_coordinates': 3162, 'parallel_clipped_rows': 0, 'residual_clipped_rows': 383, 'state_bytes': 100800, 'calibration_peak_state_bytes_bound': 5208512, 'epoch_history': []}",5488,0.672945483,20,3162,3.0,1.0,dual_bound,6000,336000,200,0,4.0,10,383,1.5,bounded_out_of_subspace,511,weak,100800,completed,0.9453337527754501,8916.026857408893,retention_audit,6.9360721548893665,0.6603151634689521
0,512,0.004575307283067327,10.965721743558758,1.1085574880389635,0,109800,"{'effective_n': 6000, 'trim_mode': 'iqr'}",6000,1.221686039,20,0,3.0,1.0,sketch_iqr,6000,336000,200,0,4.0,10,0,1.5,in_subspace_leverage,511,weak,184024,completed,0.907082630985729,4911.245449699372,retention_audit,7.508474877487059,0.6841783136067822
0,512,0.004037791230966795,10.965699636573511,1.1085136199824455,0,109800,"{'effective_n': 6000, 'trim_mode': 'mad'}",6000,1.19649903,20,0,3.0,1.0,sketch_mad,6000,336000,200,0,4.0,10,0,1.5,in_subspace_leverage,511,weak,184024,completed,0.9070185243652645,5014.6300578279615,retention_audit,7.509872692963846,0.6844335730525521
5208512,512,0.003201052844705406,10.291554601735502,1.1344262432002399,0,109800,"{'phase': 'estimating', 'ready': True, 'total_seen': 6000, 'epoch_index': 0, 'epoch_seen': 6000, 'calibration_count': 512, 'effective_n': 5488, 'serving_epoch': 0, 'serving_n': 5488, 'basis_rank': 20, 'parallel_radius': 8.156054103052558, 'residual_radius': 14.406153644026551, 'marginal_clipped_coordinates': 3162, 'parallel_clipped_rows': 0, 'residual_clipped_rows': 383, 'state_bytes': 100800, 'calibration_peak_state_bytes_bound': 5208512, 'epoch_history': []}",5488,0.596832416,20,3162,3.0,1.0,dual_bound,6000,336000,200,0,4.0,10,383,1.5,in_subspace_leverage,511,weak,100800,completed,0.9067550180654009,10053.073256664396,retention_audit,6.698422562797903,0.666575211516573
0,512,0.0038534213905705374,11.26583742264068,1.1430989713139663,0,109800,"{'effective_n': 6000, 'trim_mode': 'iqr'}",6000,1.28350181,20,0,3.0,0.9606830601092896,sketch_iqr,6000,336000,200,0,4.0,10,0,1.5,mixed,511,weak,184024,completed,0.9442259701800514,4674.710976839215,retention_audit,8.139747163553386,0.7345144167998886
0,512,0.0034296459365254083,11.265886278886661,1.143137623501542,0,109800,"{'effective_n': 6000, 'trim_mode': 'mad'}",6000,1.164609199,20,0,3.0,0.9606921675774135,sketch_mad,6000,336000,200,0,4.0,10,0,1.5,mixed,511,weak,184024,completed,0.9442085997390955,5151.942819232359,retention_audit,8.140453990593958,0.7346318232355822
5208512,512,0.003201052844705406,10.376651586589642,1.1160535699442296,0,109800,"{'phase': 'estimating', 'ready': True, 'total_seen': 6000, 'epoch_index': 0, 'epoch_seen': 6000, 'calibration_count': 512, 'effective_n': 5488, 'serving_epoch': 0, 'serving_n': 5488, 'basis_rank': 20, 'parallel_radius': 8.156054103052558, 'residual_radius': 14.406153644026551, 'marginal_clipped_coordinates': 7510, 'parallel_clipped_rows': 2, 'residual_clipped_rows': 657, 'state_bytes': 100800, 'calibration_peak_state_bytes_bound': 5208512, 'epoch_history': []}",5488,0.651071213,20,7510,3.0,0.96040072859745,dual_bound,6000,336000,200,2,4.0,10,657,1.5,mixed,511,weak,100800,completed,0.94685414606364,9215.581767704418,retention_audit,7.417366353768951,0.7527510499211852
0,512,0.0034466666666666665,3.054719021887774,0.8527662080350183,0,0,"{'effective_n': 6000, 'trim_mode': 'iqr'}",6000,1.263788784,20,0,3.0,,sketch_iqr,6000,336000,200,0,4.0,10,0,1.5,clean,512,strong,184024,completed,0.4832414919658807,4747.628777816405,retention_audit,3.060430510772402,0.8518804768294426
0,512,0.002965,3.0549056617172736,0.8526776664720231,0,0,"{'effective_n': 6000, 'trim_mode': 'mad'}",6000,1.155567182,20,0,3.0,,sketch_mad,6000,336000,200,0,4.0,10,0,1.5,clean,512,strong,184024,completed,0.4832383603819772,5192.255451228279,retention_audit,3.060850619689801,0.8518720093713321
5208512,512,0.0032798833819241984,2.981452637372977,0.8675595004072626,0,0,"{'phase': 'estimating', 'ready': True, 'total_seen': 6000, 'epoch_index': 0, 'epoch_seen': 6000, 'calibration_count': 512, 'effective_n': 5488, 'serving_epoch': 0, 'serving_n': 5488, 'basis_rank': 20, 'parallel_radius': 15.34447992603481, 'residual_radius': 12.674641178118078, 'marginal_clipped_coordinates': 3600, 'parallel_clipped_rows': 0, 'residual_clipped_rows': 558, 'state_bytes': 100800, 'calibration_peak_state_bytes_bound': 5208512, 'epoch_history': []}",5488,0.589725654,20,3600,3.0,,dual_bound,6000,336000,200,0,4.0,10,558,1.5,clean,512,strong,100800,completed,0.514330673786702,10174.22246989445,retention_audit,2.9753038383778665,0.8711113980454265
0,512,0.0018702990277013392,2.41974122832354,0.991738372657606,0,109800,"{'effective_n': 6000, 'trim_mode': 'iqr'}",6000,1.228789758,20,0,3.0,0.23663023679417122,sketch_iqr,6000,336000,200,0,4.0,10,0,1.5,casewise_cauchy,512,strong,184024,completed,0.9313466319420733,4882.853198390672,retention_audit,3.0876343324313154,0.9921834278254916
0,512,0.0014364336818932307,2.420693135785568,0.9917703174679942,0,109800,"{'effective_n': 6000, 'trim_mode': 'mad'}",6000,1.171354225,20,0,3.0,0.23545537340619307,sketch_mad,6000,336000,200,0,4.0,10,0,1.5,casewise_cauchy,512,strong,184024,completed,0.9305987980960547,5122.276312274368,retention_audit,3.086151797737773,0.9922152181016328
5208512,512,0.003284065600323952,2.9755686159325316,0.8980790213718958,0,109800,"{'phase': 'estimating', 'ready': True, 'total_seen': 6000, 'epoch_index': 0, 'epoch_seen': 6000, 'calibration_count': 512, 'effective_n': 5488, 'serving_epoch': 0, 'serving_n': 5488, 'basis_rank': 20, 'parallel_radius': 15.34447992603481, 'residual_radius': 12.674641178118078, 'marginal_clipped_coordinates': 89382, 'parallel_clipped_rows': 40, 'residual_clipped_rows': 1060, 'state_bytes': 100800, 'calibration_peak_state_bytes_bound': 5208512, 'epoch_history': []}",5488,0.617887054,20,89382,3.0,0.21550091074681238,dual_bound,6000,336000,200,40,4.0,10,1060,1.5,casewise_cauchy,512,strong,100800,completed,0.5120546577000475,9710.512562381668,retention_audit,3.1174044791564297,0.9054434297828723
0,512,0.0018617106644839715,2.1754651016232716,0.9954852195727142,0,109605,"{'effective_n': 6000, 'trim_mode': 'iqr'}",6000,1.190015347,20,0,3.0,0.23730669221294648,sketch_iqr,6000,336000,200,0,4.0,10,0,1.5,cellwise_cauchy,512,strong,184024,completed,0.7881924469548673,5041.951782492432,retention_audit,3.10192930048187,0.9967766394854541
0,512,0.0014260887109717121,2.1763705899991144,0.9954615265243743,0,109605,"{'effective_n': 6000, 'trim_mode': 'mad'}",6000,1.175674775,20,0,3.0,0.2358742758085854,sketch_mad,6000,336000,200,0,4.0,10,0,1.5,cellwise_cauchy,512,strong,184024,completed,0.7869680362190239,5103.452185575726,retention_audit,3.100029850296925,0.9967492052334116
5208512,512,0.003295563236656056,2.7035222837038786,0.9678011374873902,0,109605,"{'phase': 'estimating', 'ready': True, 'total_seen': 6000, 'epoch_index': 0, 'epoch_seen': 6000, 'calibration_count': 512, 'effective_n': 5488, 'serving_epoch': 0, 'serving_n': 5488, 'basis_rank': 20, 'parallel_radius': 15.34447992603481, 'residual_radius': 12.674641178118078, 'marginal_clipped_coordinates': 89208, 'parallel_clipped_rows': 1, 'residual_clipped_rows': 5486, 'state_bytes': 100800, 'calibration_peak_state_bytes_bound': 5208512, 'epoch_history': []}",5488,0.629228408,20,89208,3.0,0.21580219880479906,dual_bound,6000,336000,200,1,4.0,10,5486,1.5,cellwise_cauchy,512,strong,100800,completed,0.6155671869726393,9535.48810529864,retention_audit,3.256138119356865,0.9698479099859773
0,512,0.00488442487616951,3.8741517984982323,0.9468528456868981,0,109800,"{'effective_n': 6000, 'trim_mode': 'iqr'}",6000,1.184206792,20,0,3.0,1.0,sketch_iqr,6000,336000,200,0,4.0,10,0,1.5,bounded_out_of_subspace,512,strong,184024,completed,0.5607716239270231,5066.68264405631,retention_audit,3.161872821585511,0.7747350796213286
0,512,0.004291873050816364,3.8729965629108856,0.9467135478280645,0,109800,"{'effective_n': 6000, 'trim_mode': 'mad'}",6000,1.140103204,20,0,3.0,1.0,sketch_mad,6000,336000,200,0,4.0,10,0,1.5,bounded_out_of_subspace,512,strong,184024,completed,0.5606570861421808,5262.681465107083,retention_audit,3.1618082028423733,0.7748457271750216
5208512,512,0.003284065600323952,4.057457346628576,0.9718385431567377,0,109800,"{'phase': 'estimating', 'ready': True, 'total_seen': 6000, 'epoch_index': 0, 'epoch_seen': 6000, 'calibration_count': 512, 'effective_n': 5488, 'serving_epoch': 0, 'serving_n': 5488, 'basis_rank': 20, 'parallel_radius': 15.34447992603481, 'residual_radius': 12.674641178118078, 'marginal_clipped_coordinates': 3244, 'parallel_clipped_rows': 0, 'residual_clipped_rows': 511, 'state_bytes': 100800, 'calibration_peak_state_bytes_bound': 5208512, 'epoch_history': []}",5488,0.591409728,20,3244,3.0,1.0,dual_bound,6000,336000,200,0,4.0,10,511,1.5,bounded_out_of_subspace,512,strong,100800,completed,0.5836816893901801,10145.25077274346,retention_audit,3.210003339745142,0.7674456088203467
0,512,0.0041891396074114845,4.926698876693685,1.0089836446027158,0,109800,"{'effective_n': 6000, 'trim_mode': 'iqr'}",6000,1.198623733,20,0,3.0,1.0,sketch_iqr,6000,336000,200,0,4.0,10,0,1.5,in_subspace_leverage,512,strong,184024,completed,0.5680820059069532,5005.741030158628,retention_audit,3.218543342126275,0.537897166465589
0,512,0.003559897266556595,4.925376139853165,1.0088676082048782,0,109800,"{'effective_n': 6000, 'trim_mode': 'mad'}",6000,1.173987537,20,0,3.0,1.0,sketch_mad,6000,336000,200,0,4.0,10,0,1.5,in_subspace_leverage,512,strong,184024,completed,0.5679575782914785,5110.786793642086,retention_audit,3.218772053527266,0.5381260993895035
5208512,512,0.003284065600323952,5.101214989712654,1.0568211740066098,0,109800,"{'phase': 'estimating', 'ready': True, 'total_seen': 6000, 'epoch_index': 0, 'epoch_seen': 6000, 'calibration_count': 512, 'effective_n': 5488, 'serving_epoch': 0, 'serving_n': 5488, 'basis_rank': 20, 'parallel_radius': 15.34447992603481, 'residual_radius': 12.674641178118078, 'marginal_clipped_coordinates': 3244, 'parallel_clipped_rows': 0, 'residual_clipped_rows': 511, 'state_bytes': 100800, 'calibration_peak_state_bytes_bound': 5208512, 'epoch_history': []}",5488,0.617560003,20,3244,3.0,1.0,dual_bound,6000,336000,200,0,4.0,10,511,1.5,in_subspace_leverage,512,strong,100800,completed,0.5971578449733862,9715.655111815911,retention_audit,3.1992114364921473,0.5336143728630072
0,512,0.004504678040726472,3.8042996876328,0.9376560162835856,0,109800,"{'effective_n': 6000, 'trim_mode': 'iqr'}",6000,1.188351901,20,0,3.0,0.9608834244080146,sketch_iqr,6000,336000,200,0,4.0,10,0,1.5,mixed,512,strong,184024,completed,0.5729214096853756,5049.009468450372,retention_audit,3.2995214939071076,0.809780132849798
0,512,0.004036873968079251,3.802873666692827,0.9375271067545778,0,109800,"{'effective_n': 6000, 'trim_mode': 'mad'}",6000,1.179712106,20,0,3.0,0.9608925318761384,sketch_mad,6000,336000,200,0,4.0,10,0,1.5,mixed,512,strong,184024,completed,0.5726719563612015,5085.98663138581,retention_audit,3.298536209979198,0.8097270104019118
5208512,512,0.003284065600323952,3.5856254820998537,0.9319995861897331,0,109800,"{'phase': 'estimating', 'ready': True, 'total_seen': 6000, 'epoch_index': 0, 'epoch_seen': 6000, 'calibration_count': 512, 'effective_n': 5488, 'serving_epoch': 0, 'serving_n': 5488, 'basis_rank': 20, 'parallel_radius': 15.34447992603481, 'residual_radius': 12.674641178118078, 'marginal_clipped_coordinates': 7547, 'parallel_clipped_rows': 0, 'residual_clipped_rows': 786, 'state_bytes': 100800, 'calibration_peak_state_bytes_bound': 5208512, 'epoch_history': []}",5488,0.646108791,20,7547,3.0,0.9608105646630237,dual_bound,6000,336000,200,0,4.0,10,786,1.5,mixed,512,strong,100800,completed,0.5720783589074125,9286.361807140309,retention_audit,3.1042384268646326,0.8332756185272548
0,512,0.003575,3.3879064079722703,0.9980465100860679,0,0,"{'effective_n': 6000, 'trim_mode': 'iqr'}",6000,1.153102877,20,0,3.0,,sketch_iqr,6000,336000,200,0,4.0,10,0,1.5,clean,512,weak,184024,completed,0.8913726092576343,5203.351860165379,retention_audit,3.393237582939734,0.9980370341739445
0,512,0.0031341666666666666,3.3877170169610444,0.9980461034589313,0,0,"{'effective_n': 6000, 'trim_mode': 'mad'}",6000,1.152110643,20,0,3.0,,sketch_mad,6000,336000,200,0,4.0,10,0,1.5,clean,512,weak,184024,completed,0.8913778786311929,5207.833150795743,retention_audit,3.3931386857676817,0.9980383449054132
5208512,512,0.0034456997084548104,2.790947605799441,0.9964662325308415,0,0,"{'phase': 'estimating', 'ready': True, 'total_seen': 6000, 'epoch_index': 0, 'epoch_seen': 6000, 'calibration_count': 512, 'effective_n': 5488, 'serving_epoch': 0, 'serving_n': 5488, 'basis_rank': 20, 'parallel_radius': 9.00541710585231, 'residual_radius': 14.468995619881003, 'marginal_clipped_coordinates': 3782, 'parallel_clipped_rows': 0, 'residual_clipped_rows': 396, 'state_bytes': 100800, 'calibration_peak_state_bytes_bound': 5208512, 'epoch_history': []}",5488,0.642939177,20,3782,3.0,,dual_bound,6000,336000,200,0,4.0,10,396,1.5,clean,512,weak,100800,completed,0.9008907738649525,9332.142471075456,retention_audit,2.7877701592569193,0.9964163971059014
0,512,0.0019785360484314805,3.6917037426757378,0.9890947879370917,0,109800,"{'effective_n': 6000, 'trim_mode': 'iqr'}",6000,1.182117442,20,0,3.0,0.20979963570127505,sketch_iqr,6000,336000,200,0,4.0,10,0,1.5,casewise_cauchy,512,weak,184024,completed,0.96711484326388,5075.637823132636,retention_audit,3.6728251050848715,0.9922715017645346
0,512,0.0015987892129884424,3.6980010496484614,0.989244683925321,0,109800,"{'effective_n': 6000, 'trim_mode': 'mad'}",6000,1.255982736,20,0,3.0,0.20813296903460837,sketch_mad,6000,336000,200,0,4.0,10,0,1.5,casewise_cauchy,512,weak,184024,completed,0.9670344467462271,4777.135726489795,retention_audit,3.680628846803773,0.9923378402631243
5208512,512,0.0034794492812310184,2.782069561154082,0.9963585656815865,0,109800,"{'phase': 'estimating', 'ready': True, 'total_seen': 6000, 'epoch_index': 0, 'epoch_seen': 6000, 'calibration_count': 512, 'effective_n': 5488, 'serving_epoch': 0, 'serving_n': 5488, 'basis_rank': 20, 'parallel_radius': 9.00541710585231, 'residual_radius': 14.468995619881003, 'marginal_clipped_coordinates': 92363, 'parallel_clipped_rows': 535, 'residual_clipped_rows': 905, 'state_bytes': 100800, 'calibration_peak_state_bytes_bound': 5208512, 'epoch_history': []}",5488,0.65356202,20,92363,3.0,0.19010928961748633,dual_bound,6000,336000,200,535,4.0,10,905,1.5,casewise_cauchy,512,weak,100800,completed,0.9095474024685509,9180.460027343695,retention_audit,2.791233908355665,0.9964337532853004
0,512,0.001956451750487737,3.323346875818337,0.9970384218668861,0,109761,"{'effective_n': 6000, 'trim_mode': 'iqr'}",6000,1.177937595,20,0,3.0,0.21170543271289438,sketch_iqr,6000,336000,200,0,4.0,10,0,1.5,cellwise_cauchy,512,weak,184024,completed,0.9427400755822525,5093.648445782053,retention_audit,3.4466679531171933,0.9982100073125935
0,512,0.001561125588059132,3.3225671723890096,0.997048252930046,0,109761,"{'effective_n': 6000, 'trim_mode': 'mad'}",6000,1.212651146,20,0,3.0,0.2104026020171099,sketch_mad,6000,336000,200,0,4.0,10,0,1.5,cellwise_cauchy,512,weak,184024,completed,0.942561539317648,4947.836828251346,retention_audit,3.4454999487960802,0.9982065282849012
5208512,512,0.003458053387242253,2.8117764880798934,0.9962747733595876,0,109761,"{'phase': 'estimating', 'ready': True, 'total_seen': 6000, 'epoch_index': 0, 'epoch_seen': 6000, 'calibration_count': 512, 'effective_n': 5488, 'serving_epoch': 0, 'serving_n': 5488, 'basis_rank': 20, 'parallel_radius': 9.00541710585231, 'residual_radius': 14.468995619881003, 'marginal_clipped_coordinates': 92189, 'parallel_clipped_rows': 5, 'residual_clipped_rows': 5480, 'state_bytes': 100800, 'calibration_peak_state_bytes_bound': 5208512, 'epoch_history': []}",5488,0.637280478,20,92189,3.0,0.1912154590428294,dual_bound,6000,336000,200,5,4.0,10,5480,1.5,cellwise_cauchy,512,weak,100800,completed,0.9337793381187456,9415.00674684091,retention_audit,2.8669677873387047,0.9967400532894998
0,512,0.004581728123280132,10.478879917293874,1.2221117670945623,0,109800,"{'effective_n': 6000, 'trim_mode': 'iqr'}",6000,1.204440083,20,0,3.0,1.0,sketch_iqr,6000,336000,200,0,4.0,10,0,1.5,bounded_out_of_subspace,512,weak,184024,completed,0.9336425273683001,4981.56785438035,retention_audit,7.019430924283522,0.6677935171267682
0,512,0.004080902586681343,10.479208902629297,1.2220866045633403,0,109800,"{'effective_n': 6000, 'trim_mode': 'mad'}",6000,1.229275948,20,0,3.0,1.0,sketch_mad,6000,336000,200,0,4.0,10,0,1.5,bounded_out_of_subspace,512,weak,184024,completed,0.9336826423250436,4880.921984817033,retention_audit,7.021734502443852,0.6680643206234912
5208512,512,0.0034794492812310184,9.764370103275498,1.2611092743454835,0,109800,"{'phase': 'estimating', 'ready': True, 'total_seen': 6000, 'epoch_index': 0, 'epoch_seen': 6000, 'calibration_count': 512, 'effective_n': 5488, 'serving_epoch': 0, 'serving_n': 5488, 'basis_rank': 20, 'parallel_radius': 9.00541710585231, 'residual_radius': 14.468995619881003, 'marginal_clipped_coordinates': 3437, 'parallel_clipped_rows': 0, 'residual_clipped_rows': 356, 'state_bytes': 100800, 'calibration_peak_state_bytes_bound': 5208512, 'epoch_history': []}",5488,0.60080325,20,3437,3.0,1.0,dual_bound,6000,336000,200,0,4.0,10,356,1.5,bounded_out_of_subspace,512,weak,100800,completed,0.9409753658285372,9986.630398553936,retention_audit,6.158010032304036,0.6426858902040136
0,512,0.004677123463584664,11.36972816985736,1.217621525787656,0,109800,"{'effective_n': 6000, 'trim_mode': 'iqr'}",6000,1.232268097,20,0,3.0,1.0,sketch_iqr,6000,336000,200,0,4.0,10,0,1.5,in_subspace_leverage,512,weak,184024,completed,0.9016066183872982,4869.070305891398,retention_audit,7.23603965768654,0.6142108750687916
0,512,0.004103834158869932,11.369197862869399,1.217568898670558,0,109800,"{'effective_n': 6000, 'trim_mode': 'mad'}",6000,1.156842728,20,0,3.0,1.0,sketch_mad,6000,336000,200,0,4.0,10,0,1.5,in_subspace_leverage,512,weak,184024,completed,0.9015641501469208,5186.530420062423,retention_audit,7.238549305040016,0.6145042499090101
5208512,512,0.0034794492812310184,10.60654256727756,1.2569352028563987,0,109800,"{'phase': 'estimating', 'ready': True, 'total_seen': 6000, 'epoch_index': 0, 'epoch_seen': 6000, 'calibration_count': 512, 'effective_n': 5488, 'serving_epoch': 0, 'serving_n': 5488, 'basis_rank': 20, 'parallel_radius': 9.00541710585231, 'residual_radius': 14.468995619881003, 'marginal_clipped_coordinates': 3437, 'parallel_clipped_rows': 0, 'residual_clipped_rows': 356, 'state_bytes': 100800, 'calibration_peak_state_bytes_bound': 5208512, 'epoch_history': []}",5488,0.675981763,20,3437,3.0,1.0,dual_bound,6000,336000,200,0,4.0,10,356,1.5,in_subspace_leverage,512,weak,100800,completed,0.9065805053823499,8875.9790994539,retention_audit,6.371717860149742,0.6031710065383054
0,512,0.004259768849752339,10.346784943387979,1.1579014029424815,0,109800,"{'effective_n': 6000, 'trim_mode': 'iqr'}",6000,1.224531833,20,0,3.0,0.9594171220400729,sketch_iqr,6000,336000,200,0,4.0,10,0,1.5,mixed,512,weak,184024,completed,0.9359381101542832,4899.8317873864535,retention_audit,7.446034694719602,0.7226754540442938
0,512,0.003807558246193359,10.348024775851432,1.1579445682861953,0,109800,"{'effective_n': 6000, 'trim_mode': 'mad'}",6000,1.175222407,20,0,3.0,0.9594262295081967,sketch_mad,6000,336000,200,0,4.0,10,0,1.5,mixed,512,weak,184024,completed,0.9359372391151033,5105.416612431897,retention_audit,7.447539726607132,0.7228000307192646
5208512,512,0.0034794492812310184,9.379388608702179,1.126698541362908,0,109800,"{'phase': 'estimating', 'ready': True, 'total_seen': 6000, 'epoch_index': 0, 'epoch_seen': 6000, 'calibration_count': 512, 'effective_n': 5488, 'serving_epoch': 0, 'serving_n': 5488, 'basis_rank': 20, 'parallel_radius': 9.00541710585231, 'residual_radius': 14.468995619881003, 'marginal_clipped_coordinates': 7895, 'parallel_clipped_rows': 0, 'residual_clipped_rows': 630, 'state_bytes': 100800, 'calibration_peak_state_bytes_bound': 5208512, 'epoch_history': []}",5488,0.644526719,20,7895,3.0,0.9593989071038251,dual_bound,6000,336000,200,0,4.0,10,630,1.5,mixed,512,weak,100800,completed,0.9390545441126759,9309.156351670194,retention_audit,6.667267496882857,0.741546102710591
0,512,0.003438333333333333,3.1305910349926083,0.8492985375928378,0,0,"{'effective_n': 6000, 'trim_mode': 'iqr'}",6000,1.176338702,20,0,3.0,,sketch_iqr,6000,336000,200,0,4.0,10,0,1.5,clean,513,strong,184024,completed,0.4248380108911774,5100.57179092965,retention_audit,3.134996791573114,0.8482791243905496
0,512,0.002985,3.130354279058945,0.8492181358645345,0,0,"{'effective_n': 6000, 'trim_mode': 'mad'}",6000,1.145155546,20,0,3.0,,sketch_mad,6000,336000,200,0,4.0,10,0,1.5,clean,513,strong,184024,completed,0.424803909160024,5239.462901749768,retention_audit,3.1349957765011953,0.8482946919098088
5208512,512,0.0032707725947521867,3.0547619576111784,0.8686924337905082,0,0,"{'phase': 'estimating', 'ready': True, 'total_seen': 6000, 'epoch_index': 0, 'epoch_seen': 6000, 'calibration_count': 512, 'effective_n': 5488, 'serving_epoch': 0, 'serving_n': 5488, 'basis_rank': 20, 'parallel_radius': 15.406504503965952, 'residual_radius': 12.600854812088146, 'marginal_clipped_coordinates': 3590, 'parallel_clipped_rows': 0, 'residual_clipped_rows': 657, 'state_bytes': 100800, 'calibration_peak_state_bytes_bound': 5208512, 'epoch_history': []}",5488,0.674744645,20,3590,3.0,,dual_bound,6000,336000,200,0,4.0,10,657,1.5,clean,513,strong,100800,completed,0.4817632837693484,8892.252861080506,retention_audit,3.043975160064337,0.8733292108982472
0,512,0.0019299211153916713,2.535225208378045,0.9930951063541961,0,109800,"{'effective_n': 6000, 'trim_mode': 'iqr'}",6000,1.159447023,20,0,3.0,0.23827868852459017,sketch_iqr,6000,336000,200,0,4.0,10,0,1.5,casewise_cauchy,513,strong,184024,completed,0.9177141212610755,5174.8806810296155,retention_audit,3.245388522648472,0.9937416038818481
0,512,0.0015455879655109155,2.5332976280746915,0.993100919724583,0,109800,"{'effective_n': 6000, 'trim_mode': 'mad'}",6000,1.157255209,20,0,3.0,0.2367030965391621,sketch_mad,6000,336000,200,0,4.0,10,0,1.5,casewise_cauchy,513,strong,184024,completed,0.9159232853092795,5184.681782668044,retention_audit,3.2398812082523167,0.9937526383067459
5208512,512,0.003268880340149828,3.003904136209634,0.8948962927512912,0,109800,"{'phase': 'estimating', 'ready': True, 'total_seen': 6000, 'epoch_index': 0, 'epoch_seen': 6000, 'calibration_count': 512, 'effective_n': 5488, 'serving_epoch': 0, 'serving_n': 5488, 'basis_rank': 20, 'parallel_radius': 15.406504503965952, 'residual_radius': 12.600854812088146, 'marginal_clipped_coordinates': 89185, 'parallel_clipped_rows': 25, 'residual_clipped_rows': 1144, 'state_bytes': 100800, 'calibration_peak_state_bytes_bound': 5208512, 'epoch_history': []}",5488,0.658063275,20,89185,3.0,0.2171584699453552,dual_bound,6000,336000,200,25,4.0,10,1144,1.5,casewise_cauchy,513,strong,100800,completed,0.5134908547534293,9117.664255006483,retention_audit,3.1320797300805556,0.9034627694899959
0,512,0.0018403743469972188,2.24803442698583,0.9959684198959694,0,109461,"{'effective_n': 6000, 'trim_mode': 'iqr'}",6000,1.14488382,20,0,3.0,0.23634901928540758,sketch_iqr,6000,336000,200,0,4.0,10,0,1.5,cellwise_cauchy,513,strong,184024,completed,0.8199506453883882,5240.70643255313,retention_audit,3.155884763688284,0.9970383997850698
0,512,0.0014515757804168397,2.247220219972298,0.9959558636471348,0,109461,"{'effective_n': 6000, 'trim_mode': 'mad'}",6000,1.147032784,20,0,3.0,0.23481422607138616,sketch_mad,6000,336000,200,0,4.0,10,0,1.5,cellwise_cauchy,513,strong,184024,completed,0.8191263570570922,5230.8879778278415,retention_audit,3.150639754013556,0.9970176134404642
5208512,512,0.0032637108746846346,2.7996321983858246,0.9650612805951021,0,109461,"{'phase': 'estimating', 'ready': True, 'total_seen': 6000, 'epoch_index': 0, 'epoch_seen': 6000, 'calibration_count': 512, 'effective_n': 5488, 'serving_epoch': 0, 'serving_n': 5488, 'basis_rank': 20, 'parallel_radius': 15.406504503965952, 'residual_radius': 12.600854812088146, 'marginal_clipped_coordinates': 89227, 'parallel_clipped_rows': 0, 'residual_clipped_rows': 5486, 'state_bytes': 100800, 'calibration_peak_state_bytes_bound': 5208512, 'epoch_history': []}",5488,0.62105708,20,89227,3.0,0.21431377385552847,dual_bound,6000,336000,200,0,4.0,10,5486,1.5,cellwise_cauchy,513,strong,100800,completed,0.6324672217868342,9660.947750567468,retention_audit,3.3471245857400223,0.9674886080841951
0,512,0.00523115024766098,3.531649955039764,0.9176174739290781,0,109800,"{'effective_n': 6000, 'trim_mode': 'iqr'}",6000,1.224685248,20,0,3.0,1.0,sketch_iqr,6000,336000,200,0,4.0,10,0,1.5,bounded_out_of_subspace,513,strong,184024,completed,0.5240336681323131,4899.217990743692,retention_audit,3.028240036956411,0.8022687289312769
0,512,0.0046734544120344895,3.5306743847476576,0.9175319584061613,0,109800,"{'effective_n': 6000, 'trim_mode': 'mad'}",6000,1.123470334,20,0,3.0,1.0,sketch_mad,6000,336000,200,0,4.0,10,0,1.5,bounded_out_of_subspace,513,strong,184024,completed,0.5239056762828066,5340.59495691143,retention_audit,3.0280848979550155,0.8023876131814859
5208512,512,0.003268880340149828,3.639300020319499,0.9407840019154161,0,109800,"{'phase': 'estimating', 'ready': True, 'total_seen': 6000, 'epoch_index': 0, 'epoch_seen': 6000, 'calibration_count': 512, 'effective_n': 5488, 'serving_epoch': 0, 'serving_n': 5488, 'basis_rank': 20, 'parallel_radius': 15.406504503965952, 'residual_radius': 12.600854812088146, 'marginal_clipped_coordinates': 3229, 'parallel_clipped_rows': 0, 'residual_clipped_rows': 595, 'state_bytes': 100800, 'calibration_peak_state_bytes_bound': 5208512, 'epoch_history': []}",5488,0.634966404,20,3229,3.0,1.0,dual_bound,6000,336000,200,0,4.0,10,595,1.5,bounded_out_of_subspace,513,strong,100800,completed,0.5621266810019568,9449.318833567768,retention_audit,3.0249809926083007,0.8089025456115296
0,512,0.004558796551091543,4.77605901588019,0.9272039775246086,0,109800,"{'effective_n': 6000, 'trim_mode': 'iqr'}",6000,1.166178926,20,0,3.0,1.0,sketch_iqr,6000,336000,200,0,4.0,10,0,1.5,in_subspace_leverage,513,strong,184024,completed,0.515556402153987,5145.0080825761725,retention_audit,3.3942798237162006,0.5819758614348709
0,512,0.004027701339203816,4.774831254625714,0.9271068789110937,0,109800,"{'effective_n': 6000, 'trim_mode': 'mad'}",6000,1.113242452,20,0,3.0,1.0,sketch_mad,6000,336000,200,0,4.0,10,0,1.5,in_subspace_leverage,513,strong,184024,completed,0.5154340318735479,5389.661514632933,retention_audit,3.394233307900136,0.5822134952659942
5208512,512,0.003268880340149828,4.942327839099083,0.9567583573277367,0,109800,"{'phase': 'estimating', 'ready': True, 'total_seen': 6000, 'epoch_index': 0, 'epoch_seen': 6000, 'calibration_count': 512, 'effective_n': 5488, 'serving_epoch': 0, 'serving_n': 5488, 'basis_rank': 20, 'parallel_radius': 15.406504503965952, 'residual_radius': 12.600854812088146, 'marginal_clipped_coordinates': 3229, 'parallel_clipped_rows': 0, 'residual_clipped_rows': 595, 'state_bytes': 100800, 'calibration_peak_state_bytes_bound': 5208512, 'epoch_history': []}",5488,0.619104722,20,3229,3.0,1.0,dual_bound,6000,336000,200,0,4.0,10,595,1.5,in_subspace_leverage,513,strong,100800,completed,0.5730656793388673,9691.413724994978,retention_audit,3.390357378334927,0.5910592639091512
0,512,0.004799119427627958,3.4524329777685643,0.914301584633534,0,109800,"{'effective_n': 6000, 'trim_mode': 'iqr'}",6000,1.232550588,20,0,3.0,0.961120218579235,sketch_iqr,6000,336000,200,0,4.0,10,0,1.5,mixed,513,strong,184024,completed,0.533688150153718,4867.954352880483,retention_audit,3.125773345605091,0.8315316466427228
0,512,0.0043744267106952854,3.451351925503324,0.9142218279118336,0,109800,"{'effective_n': 6000, 'trim_mode': 'mad'}",6000,1.120121612,20,0,3.0,0.961120218579235,sketch_mad,6000,336000,200,0,4.0,10,0,1.5,mixed,513,strong,184024,completed,0.5334486643067383,5356.561230246132,retention_audit,3.1249563619227394,0.8315136891129872
5208512,512,0.003268880340149828,3.276944773757496,0.920568736967727,0,109800,"{'phase': 'estimating', 'ready': True, 'total_seen': 6000, 'epoch_index': 0, 'epoch_seen': 6000, 'calibration_count': 512, 'effective_n': 5488, 'serving_epoch': 0, 'serving_n': 5488, 'basis_rank': 20, 'parallel_radius': 15.406504503965952, 'residual_radius': 12.600854812088146, 'marginal_clipped_coordinates': 7479, 'parallel_clipped_rows': 0, 'residual_clipped_rows': 870, 'state_bytes': 100800, 'calibration_peak_state_bytes_bound': 5208512, 'epoch_history': []}",5488,0.569723118,20,7479,3.0,0.9612932604735883,dual_bound,6000,336000,200,0,4.0,10,870,1.5,mixed,513,strong,100800,completed,0.5628199525643347,10531.431515475208,retention_audit,2.9370171134954983,0.8567670259679605
0,512,0.0034308333333333335,3.396536117293545,0.9982206950442358,0,0,"{'effective_n': 6000, 'trim_mode': 'iqr'}",6000,1.122300817,20,0,3.0,,sketch_iqr,6000,336000,200,0,4.0,10,0,1.5,clean,513,weak,184024,completed,0.8941944629130939,5346.160235397922,retention_audit,3.402624139045795,0.9982121095934345
0,512,0.0029633333333333334,3.396497669425775,0.9982207862203093,0,0,"{'effective_n': 6000, 'trim_mode': 'mad'}",6000,1.131828381,20,0,3.0,,sketch_mad,6000,336000,200,0,4.0,10,0,1.5,clean,513,weak,184024,completed,0.8941458197550967,5301.157048826469,retention_audit,3.402694703518357,0.9982134369360512
5208512,512,0.002988338192419825,2.7071653066289127,0.9964894628436766,0,0,"{'phase': 'estimating', 'ready': True, 'total_seen': 6000, 'epoch_index': 0, 'epoch_seen': 6000, 'calibration_count': 512, 'effective_n': 5488, 'serving_epoch': 0, 'serving_n': 5488, 'basis_rank': 20, 'parallel_radius': 8.581320366581778, 'residual_radius': 14.313135885035376, 'marginal_clipped_coordinates': 3280, 'parallel_clipped_rows': 0, 'residual_clipped_rows': 419, 'state_bytes': 100800, 'calibration_peak_state_bytes_bound': 5208512, 'epoch_history': []}",5488,0.645325251,20,3280,3.0,,dual_bound,6000,336000,200,0,4.0,10,419,1.5,clean,513,weak,100800,completed,0.9023017149690818,9297.637107338296,retention_audit,2.70526151855942,0.9964823417606007
0,512,0.0018473674555127498,3.8522274826351803,0.9906940191795738,0,109800,"{'effective_n': 6000, 'trim_mode': 'iqr'}",6000,1.219325748,20,0,3.0,0.20996357012750455,sketch_iqr,6000,336000,200,0,4.0,10,0,1.5,casewise_cauchy,513,weak,184024,completed,0.9745825179882857,4920.752317288063,retention_audit,3.8374095771012646,0.993214687717913
0,512,0.0014254265272427079,3.860578324169969,0.9908157810170267,0,109800,"{'effective_n': 6000, 'trim_mode': 'mad'}",6000,1.085346883,20,0,3.0,0.2088888888888889,sketch_mad,6000,336000,200,0,4.0,10,0,1.5,casewise_cauchy,513,weak,184024,completed,0.9744901649656843,5528.186512514268,retention_audit,3.847174981051016,0.9932761117146454
5208512,512,0.0029742862927718164,2.725500593152031,0.9965907541620932,0,109800,"{'phase': 'estimating', 'ready': True, 'total_seen': 6000, 'epoch_index': 0, 'epoch_seen': 6000, 'calibration_count': 512, 'effective_n': 5488, 'serving_epoch': 0, 'serving_n': 5488, 'basis_rank': 20, 'parallel_radius': 8.581320366581778, 'residual_radius': 14.313135885035376, 'marginal_clipped_coordinates': 91671, 'parallel_clipped_rows': 541, 'residual_clipped_rows': 913, 'state_bytes': 100800, 'calibration_peak_state_bytes_bound': 5208512, 'epoch_history': []}",5488,0.58601489,20,91671,3.0,0.19186703096539162,dual_bound,6000,336000,200,541,4.0,10,913,1.5,casewise_cauchy,513,weak,100800,completed,0.9115479856956924,10238.647690334286,retention_audit,2.742655518905578,0.9966964642788169
0,512,0.0018570919187169384,3.3640644822415453,0.9972285658981432,0,109047,"{'effective_n': 6000, 'trim_mode': 'iqr'}",6000,1.182205297,20,0,3.0,0.21118416829440517,sketch_iqr,6000,336000,200,0,4.0,10,0,1.5,cellwise_cauchy,513,weak,184024,completed,0.9524499170651829,5075.260629626497,retention_audit,3.492253036587384,0.9983034057203756
0,512,0.0014446085211736895,3.3643814202586344,0.9972374352620598,0,109047,"{'effective_n': 6000, 'trim_mode': 'mad'}",6000,1.162984866,20,0,3.0,0.20975359248764294,sketch_mad,6000,336000,200,0,4.0,10,0,1.5,cellwise_cauchy,513,weak,184024,completed,0.9523307717978748,5159.138502495354,retention_audit,3.4922008064089645,0.9982996200726276
5208512,512,0.002992252312217959,2.8534553244752905,0.9965822747935381,0,109047,"{'phase': 'estimating', 'ready': True, 'total_seen': 6000, 'epoch_index': 0, 'epoch_seen': 6000, 'calibration_count': 512, 'effective_n': 5488, 'serving_epoch': 0, 'serving_n': 5488, 'basis_rank': 20, 'parallel_radius': 8.581320366581778, 'residual_radius': 14.313135885035376, 'marginal_clipped_coordinates': 90987, 'parallel_clipped_rows': 28, 'residual_clipped_rows': 5474, 'state_bytes': 100800, 'calibration_peak_state_bytes_bound': 5208512, 'epoch_history': []}",5488,0.650497639,20,90987,3.0,0.19274257888800242,dual_bound,6000,336000,200,28,4.0,10,5474,1.5,cellwise_cauchy,513,weak,100800,completed,0.9478579972527426,9223.707574440557,retention_audit,2.9124560954421823,0.996969491304774
0,512,0.00485874151531829,10.581937850270634,1.1522746980372085,0,109800,"{'effective_n': 6000, 'trim_mode': 'iqr'}",6000,1.227809516,20,0,3.0,1.0,sketch_iqr,6000,336000,200,0,4.0,10,0,1.5,bounded_out_of_subspace,513,weak,184024,completed,0.928242307828578,4886.751504864538,retention_audit,7.498032620539767,0.7163268206819544
0,512,0.004261603375527426,10.582765037325599,1.152249844625474,0,109800,"{'effective_n': 6000, 'trim_mode': 'mad'}",6000,1.131517475,20,0,3.0,1.0,sketch_mad,6000,336000,200,0,4.0,10,0,1.5,bounded_out_of_subspace,513,weak,184024,completed,0.9282215854160106,5302.613642798578,retention_audit,7.501209995819704,0.7165800201650001
5208512,512,0.0029742862927718164,9.719733459170335,1.1757467339424164,0,109800,"{'phase': 'estimating', 'ready': True, 'total_seen': 6000, 'epoch_index': 0, 'epoch_seen': 6000, 'calibration_count': 512, 'effective_n': 5488, 'serving_epoch': 0, 'serving_n': 5488, 'basis_rank': 20, 'parallel_radius': 8.581320366581778, 'residual_radius': 14.313135885035376, 'marginal_clipped_coordinates': 2938, 'parallel_clipped_rows': 0, 'residual_clipped_rows': 364, 'state_bytes': 100800, 'calibration_peak_state_bytes_bound': 5208512, 'epoch_history': []}",5488,0.64926815,20,2938,3.0,1.0,dual_bound,6000,336000,200,0,4.0,10,364,1.5,bounded_out_of_subspace,513,weak,100800,completed,0.9273967938493087,9241.174081925934,retention_audit,6.5107329288836455,0.6999589782735113
0,512,0.004750504494588149,10.523211325071014,1.092480537932967,0,109800,"{'effective_n': 6000, 'trim_mode': 'iqr'}",6000,1.153704868,20,0,3.0,1.0,sketch_iqr,6000,336000,200,0,4.0,10,0,1.5,in_subspace_leverage,513,weak,184024,completed,0.8948876717609727,5200.636806188808,retention_audit,7.379594876144819,0.6976122331008734
0,512,0.004168959823885526,10.523262717760403,1.0924631701226781,0,109800,"{'effective_n': 6000, 'trim_mode': 'mad'}",6000,1.19176042,20,0,3.0,1.0,sketch_mad,6000,336000,200,0,4.0,10,0,1.5,in_subspace_leverage,513,weak,184024,completed,0.8948423184992742,5034.568944654161,retention_audit,7.382490946600956,0.6978697689233408
5208512,512,0.0029742862927718164,9.834728473827932,1.1193027318919173,0,109800,"{'phase': 'estimating', 'ready': True, 'total_seen': 6000, 'epoch_index': 0, 'epoch_seen': 6000, 'calibration_count': 512, 'effective_n': 5488, 'serving_epoch': 0, 'serving_n': 5488, 'basis_rank': 20, 'parallel_radius': 8.581320366581778, 'residual_radius': 14.313135885035376, 'marginal_clipped_coordinates': 2938, 'parallel_clipped_rows': 0, 'residual_clipped_rows': 364, 'state_bytes': 100800, 'calibration_peak_state_bytes_bound': 5208512, 'epoch_history': []}",5488,0.643435034,20,2938,3.0,1.0,dual_bound,6000,336000,200,0,4.0,10,364,1.5,in_subspace_leverage,513,weak,100800,completed,0.8963346269163136,9324.950745532455,retention_audit,6.55784894506161,0.6719744261057328
0,512,0.004473491102549991,10.39303052739327,1.1078389861351885,0,109800,"{'effective_n': 6000, 'trim_mode': 'iqr'}",6000,1.188701831,20,0,3.0,0.9601001821493624,sketch_iqr,6000,336000,200,0,4.0,10,0,1.5,mixed,513,weak,184024,completed,0.9272243357890326,5047.52314123423,retention_audit,7.819252632724224,0.7641101695139789
0,512,0.004009356081452945,10.39407553896079,1.107894272394158,0,109800,"{'effective_n': 6000, 'trim_mode': 'mad'}",6000,1.196817912,20,0,3.0,0.9601001821493624,sketch_mad,6000,336000,200,0,4.0,10,0,1.5,mixed,513,weak,184024,completed,0.9272039814685656,5013.293952104554,retention_audit,7.821678160787799,0.7641904335759467
5208512,512,0.0029742862927718164,9.248329719087002,1.0879052811385843,0,109800,"{'phase': 'estimating', 'ready': True, 'total_seen': 6000, 'epoch_index': 0, 'epoch_seen': 6000, 'calibration_count': 512, 'effective_n': 5488, 'serving_epoch': 0, 'serving_n': 5488, 'basis_rank': 20, 'parallel_radius': 8.581320366581778, 'residual_radius': 14.313135885035376, 'marginal_clipped_coordinates': 7308, 'parallel_clipped_rows': 0, 'residual_clipped_rows': 638, 'state_bytes': 100800, 'calibration_peak_state_bytes_bound': 5208512, 'epoch_history': []}",5488,0.695706376,20,7308,3.0,0.9602003642987249,dual_bound,6000,336000,200,0,4.0,10,638,1.5,mixed,513,weak,100800,completed,0.9244331176726001,8624.328031169289,retention_audit,6.821648107729887,0.7814984744413759
0,512,0.0033791666666666666,3.194673814842387,0.8535564255352825,0,0,"{'effective_n': 6000, 'trim_mode': 'iqr'}",6000,1.147274937,20,0,3.0,,sketch_iqr,6000,336000,200,0,4.0,10,0,1.5,clean,514,strong,184024,completed,0.47182372200402983,5229.783904884519,retention_audit,3.201370034876599,0.8531014130686172
0,512,0.002980833333333333,3.194677402589021,0.8535324837166672,0,0,"{'effective_n': 6000, 'trim_mode': 'mad'}",6000,1.194103179,20,0,3.0,,sketch_mad,6000,336000,200,0,4.0,10,0,1.5,clean,514,strong,184024,completed,0.471813399576595,5024.691421577732,retention_audit,3.201509091414026,0.8531637378735148
5208512,512,0.003244351311953353,3.1703185327996963,0.872936542427159,0,0,"{'phase': 'estimating', 'ready': True, 'total_seen': 6000, 'epoch_index': 0, 'epoch_seen': 6000, 'calibration_count': 512, 'effective_n': 5488, 'serving_epoch': 0, 'serving_n': 5488, 'basis_rank': 20, 'parallel_radius': 15.678187065188245, 'residual_radius': 12.565010951201042, 'marginal_clipped_coordinates': 3561, 'parallel_clipped_rows': 0, 'residual_clipped_rows': 682, 'state_bytes': 100800, 'calibration_peak_state_bytes_bound': 5208512, 'epoch_history': []}",5488,0.652928382,20,3561,3.0,,dual_bound,6000,336000,200,0,4.0,10,682,1.5,clean,514,strong,100800,completed,0.5172561934514863,9189.369256121568,retention_audit,3.1617239770134797,0.8752501447644057
0,512,0.001776738213171895,2.4490308078362224,0.9913696411529265,0,109800,"{'effective_n': 6000, 'trim_mode': 'iqr'}",6000,1.204801897,20,0,3.0,0.2382695810564663,sketch_iqr,6000,336000,200,0,4.0,10,0,1.5,casewise_cauchy,514,strong,184024,completed,0.9166949288786148,4980.0718399765265,retention_audit,3.147816575224899,0.9924464890244148
0,512,0.0014263437901302514,2.4466555576194713,0.9913671039140065,0,109800,"{'effective_n': 6000, 'trim_mode': 'mad'}",6000,1.181503319,20,0,3.0,0.23677595628415302,sketch_mad,6000,336000,200,0,4.0,10,0,1.5,casewise_cauchy,514,strong,184024,completed,0.9152543329944637,5078.276043336278,retention_audit,3.1418555781252615,0.9924475878796101
5208512,512,0.0032354727677667543,3.1503390647290344,0.901435879808076,0,109800,"{'phase': 'estimating', 'ready': True, 'total_seen': 6000, 'epoch_index': 0, 'epoch_seen': 6000, 'calibration_count': 512, 'effective_n': 5488, 'serving_epoch': 0, 'serving_n': 5488, 'basis_rank': 20, 'parallel_radius': 15.678187065188245, 'residual_radius': 12.565010951201042, 'marginal_clipped_coordinates': 89183, 'parallel_clipped_rows': 23, 'residual_clipped_rows': 1179, 'state_bytes': 100800, 'calibration_peak_state_bytes_bound': 5208512, 'epoch_history': []}",5488,0.741981607,20,89183,3.0,0.21687613843351547,dual_bound,6000,336000,200,23,4.0,10,1179,1.5,casewise_cauchy,514,strong,100800,completed,0.5195066454489409,8086.453819602565,retention_audit,3.2951049492110456,0.9079151675319425
0,512,0.0018246166378617585,2.1474387440056173,0.9956229984996761,0,109908,"{'effective_n': 6000, 'trim_mode': 'iqr'}",6000,1.221493869,20,0,3.0,0.23687993594642792,sketch_iqr,6000,336000,200,0,4.0,10,0,1.5,cellwise_cauchy,514,strong,184024,completed,0.8030151874633272,4912.018105266478,retention_audit,3.054347190441046,0.9968785744867308
0,512,0.0014714354384767524,2.1474364977254035,0.9956054408852872,0,109908,"{'effective_n': 6000, 'trim_mode': 'mad'}",6000,1.229435515,20,0,3.0,0.23560614331986754,sketch_mad,6000,336000,200,0,4.0,10,0,1.5,cellwise_cauchy,514,strong,184024,completed,0.8019028156875853,4880.2884956516,retention_audit,3.0503609845725923,0.9968536235244687
5208512,512,0.0032449387055883817,2.975530384291826,0.9672162670660028,0,109908,"{'phase': 'estimating', 'ready': True, 'total_seen': 6000, 'epoch_index': 0, 'epoch_seen': 6000, 'calibration_count': 512, 'effective_n': 5488, 'serving_epoch': 0, 'serving_n': 5488, 'basis_rank': 20, 'parallel_radius': 15.678187065188245, 'residual_radius': 12.565010951201042, 'marginal_clipped_coordinates': 89406, 'parallel_clipped_rows': 0, 'residual_clipped_rows': 5487, 'state_bytes': 100800, 'calibration_peak_state_bytes_bound': 5208512, 'epoch_history': []}",5488,0.649914368,20,89406,3.0,0.21569858427048078,dual_bound,6000,336000,200,0,4.0,10,5487,1.5,cellwise_cauchy,514,strong,100800,completed,0.6380052212954035,9231.985466737673,retention_audit,3.55712806519275,0.96885345645318
0,512,0.004511098880939277,4.333037393218003,1.0086858640168905,0,109800,"{'effective_n': 6000, 'trim_mode': 'iqr'}",6000,1.249773588,20,0,3.0,1.0,sketch_iqr,6000,336000,200,0,4.0,10,0,1.5,bounded_out_of_subspace,514,strong,184024,completed,0.5723065278648027,4800.869579586602,retention_audit,3.334068161824369,0.7146083297378789
0,512,0.003968079251513484,4.332263131628755,1.0086133691615415,0,109800,"{'effective_n': 6000, 'trim_mode': 'mad'}",6000,1.176885159,20,0,3.0,1.0,sketch_mad,6000,336000,200,0,4.0,10,0,1.5,bounded_out_of_subspace,514,strong,184024,completed,0.5722380632645623,5098.203468805914,retention_audit,3.3343645651588907,0.7148430474729661
5208512,512,0.0032354727677667543,4.460607791260462,1.0243004876815147,0,109800,"{'phase': 'estimating', 'ready': True, 'total_seen': 6000, 'epoch_index': 0, 'epoch_seen': 6000, 'calibration_count': 512, 'effective_n': 5488, 'serving_epoch': 0, 'serving_n': 5488, 'basis_rank': 20, 'parallel_radius': 15.678187065188245, 'residual_radius': 12.565010951201042, 'marginal_clipped_coordinates': 3196, 'parallel_clipped_rows': 0, 'residual_clipped_rows': 1179, 'state_bytes': 100800, 'calibration_peak_state_bytes_bound': 5208512, 'epoch_history': []}",5488,0.611083874,20,3196,3.0,1.0,dual_bound,6000,336000,200,0,4.0,10,1179,1.5,bounded_out_of_subspace,514,strong,100800,completed,0.5901061852488322,9818.619432264712,retention_audit,3.3530406033063285,0.7259644854099533
0,512,0.004360667767382131,4.940444766804581,0.926025199203296,0,109800,"{'effective_n': 6000, 'trim_mode': 'iqr'}",6000,1.12472007,20,0,3.0,1.0,sketch_iqr,6000,336000,200,0,4.0,10,0,1.5,in_subspace_leverage,514,strong,184024,completed,0.5488565271697934,5334.660739182862,retention_audit,3.4628210665531474,0.5893163858903436
0,512,0.0038680975967712345,4.9400015201204805,0.9260271729615681,0,109800,"{'effective_n': 6000, 'trim_mode': 'mad'}",6000,1.155601799,20,0,3.0,1.0,sketch_mad,6000,336000,200,0,4.0,10,0,1.5,in_subspace_leverage,514,strong,184024,completed,0.5488495447927723,5192.099912956262,retention_audit,3.463449866781676,0.5895456562043021
5208512,512,0.0032354727677667543,5.159473049033038,0.9652940373136697,0,109800,"{'phase': 'estimating', 'ready': True, 'total_seen': 6000, 'epoch_index': 0, 'epoch_seen': 6000, 'calibration_count': 512, 'effective_n': 5488, 'serving_epoch': 0, 'serving_n': 5488, 'basis_rank': 20, 'parallel_radius': 15.678187065188245, 'residual_radius': 12.565010951201042, 'marginal_clipped_coordinates': 3196, 'parallel_clipped_rows': 0, 'residual_clipped_rows': 630, 'state_bytes': 100800, 'calibration_peak_state_bytes_bound': 5208512, 'epoch_history': []}",5488,0.656023383,20,3196,3.0,1.0,dual_bound,6000,336000,200,0,4.0,10,630,1.5,in_subspace_leverage,514,strong,100800,completed,0.5823316174557247,9146.01545536678,retention_audit,3.4816249412605242,0.5799507226674924
0,512,0.004153366354797285,4.297144366592592,0.9847491014529507,0,109800,"{'effective_n': 6000, 'trim_mode': 'iqr'}",6000,1.236836885,20,0,3.0,0.9611930783242258,sketch_iqr,6000,336000,200,0,4.0,10,0,1.5,mixed,514,strong,184024,completed,0.5834124812151438,4851.084304459436,retention_audit,3.547181129305766,0.7575256910758633
0,512,0.003741515318290222,4.296395874898013,0.9847182869272825,0,109800,"{'effective_n': 6000, 'trim_mode': 'mad'}",6000,1.121853663,20,0,3.0,0.9611293260473588,sketch_mad,6000,336000,200,0,4.0,10,0,1.5,mixed,514,strong,184024,completed,0.5833685103942041,5348.291134473927,retention_audit,3.5466368870521015,0.7575868627325069
5208512,512,0.0032354727677667543,3.9911612879089593,0.9541299508065365,0,109800,"{'phase': 'estimating', 'ready': True, 'total_seen': 6000, 'epoch_index': 0, 'epoch_seen': 6000, 'calibration_count': 512, 'effective_n': 5488, 'serving_epoch': 0, 'serving_n': 5488, 'basis_rank': 20, 'parallel_radius': 15.678187065188245, 'residual_radius': 12.565010951201042, 'marginal_clipped_coordinates': 7456, 'parallel_clipped_rows': 0, 'residual_clipped_rows': 1179, 'state_bytes': 100800, 'calibration_peak_state_bytes_bound': 5208512, 'epoch_history': []}",5488,0.606255745,20,7456,3.0,0.9612021857923497,dual_bound,6000,336000,200,0,4.0,10,1179,1.5,mixed,514,strong,100800,completed,0.5747580318305011,9896.813431433957,retention_audit,3.3374796818793238,0.8071005457251699
0,512,0.0032383333333333335,3.42109463634542,0.9981427863050715,0,0,"{'effective_n': 6000, 'trim_mode': 'iqr'}",6000,1.155060529,20,0,3.0,,sketch_iqr,6000,336000,200,0,4.0,10,0,1.5,clean,514,weak,184024,completed,0.8875233799221125,5194.532969795559,retention_audit,3.4265096185158628,0.9981353061157713
0,512,0.0028283333333333333,3.4207678548832767,0.9981424034797465,0,0,"{'effective_n': 6000, 'trim_mode': 'mad'}",6000,1.132337932,20,0,3.0,,sketch_mad,6000,336000,200,0,4.0,10,0,1.5,clean,514,weak,184024,completed,0.8875183274528599,5298.771533161003,retention_audit,3.4262411913948467,0.9981359032538095
5208512,512,0.0030967565597667637,2.7928136472843006,0.9965554843046673,0,0,"{'phase': 'estimating', 'ready': True, 'total_seen': 6000, 'epoch_index': 0, 'epoch_seen': 6000, 'calibration_count': 512, 'effective_n': 5488, 'serving_epoch': 0, 'serving_n': 5488, 'basis_rank': 20, 'parallel_radius': 8.433875513330753, 'residual_radius': 14.186978696780146, 'marginal_clipped_coordinates': 3399, 'parallel_clipped_rows': 0, 'residual_clipped_rows': 690, 'state_bytes': 100800, 'calibration_peak_state_bytes_bound': 5208512, 'epoch_history': []}",5488,0.588488883,20,3399,3.0,,dual_bound,6000,336000,200,0,4.0,10,690,1.5,clean,514,weak,100800,completed,0.8982163815245853,10195.604663614351,retention_audit,2.7914603756362153,0.9965221069944531
0,512,0.0017391304347826088,3.6195565361263684,0.9883123303770921,0,109800,"{'effective_n': 6000, 'trim_mode': 'iqr'}",6000,1.244853432,20,0,3.0,0.21122040072859746,sketch_iqr,6000,336000,200,0,4.0,10,0,1.5,casewise_cauchy,514,weak,184024,completed,0.9680426049843189,4819.844526082328,retention_audit,3.6002110305574386,0.9916892558597182
0,512,0.0013933223261786828,3.6215077186568645,0.9884155017855778,0,109800,"{'effective_n': 6000, 'trim_mode': 'mad'}",6000,1.19252797,20,0,3.0,0.20982695810564664,sketch_mad,6000,336000,200,0,4.0,10,0,1.5,casewise_cauchy,514,weak,184024,completed,0.9680438108027587,5031.328531438973,retention_audit,3.603372834104607,0.9917229055883093
5208512,512,0.0030745090099210367,2.7947312932048574,0.9965489209162904,0,109800,"{'phase': 'estimating', 'ready': True, 'total_seen': 6000, 'epoch_index': 0, 'epoch_seen': 6000, 'calibration_count': 512, 'effective_n': 5488, 'serving_epoch': 0, 'serving_n': 5488, 'basis_rank': 20, 'parallel_radius': 8.433875513330753, 'residual_radius': 14.186978696780146, 'marginal_clipped_coordinates': 91827, 'parallel_clipped_rows': 546, 'residual_clipped_rows': 1167, 'state_bytes': 100800, 'calibration_peak_state_bytes_bound': 5208512, 'epoch_history': []}",5488,0.647587926,20,91827,3.0,0.1913479052823315,dual_bound,6000,336000,200,546,4.0,10,1167,1.5,casewise_cauchy,514,weak,100800,completed,0.9045389850555556,9265.151123277736,retention_audit,2.8109557670594545,0.9966021589116965
0,512,0.0017687602806897799,3.3228369951937604,0.9971457833173993,0,109971,"{'effective_n': 6000, 'trim_mode': 'iqr'}",6000,1.193658511,20,0,3.0,0.21356539451309892,sketch_iqr,6000,336000,200,0,4.0,10,0,1.5,cellwise_cauchy,514,weak,184024,completed,0.9402526470178022,5026.563246278399,retention_audit,3.444951197279246,0.9982807239844382
0,512,0.0014054671939920864,3.320304456159523,0.9971506327022358,0,109971,"{'effective_n': 6000, 'trim_mode': 'mad'}",6000,1.191788788,20,0,3.0,0.2122468650826127,sketch_mad,6000,336000,200,0,4.0,10,0,1.5,cellwise_cauchy,514,weak,184024,completed,0.9400700533370568,5034.44910743698,retention_audit,3.4419278944871206,0.998274718226835
5208512,512,0.0031185799525935347,2.748992583220837,0.9962380663091547,0,109971,"{'phase': 'estimating', 'ready': True, 'total_seen': 6000, 'epoch_index': 0, 'epoch_seen': 6000, 'calibration_count': 512, 'effective_n': 5488, 'serving_epoch': 0, 'serving_n': 5488, 'basis_rank': 20, 'parallel_radius': 8.433875513330753, 'residual_radius': 14.186978696780146, 'marginal_clipped_coordinates': 91730, 'parallel_clipped_rows': 34, 'residual_clipped_rows': 5484, 'state_bytes': 100800, 'calibration_peak_state_bytes_bound': 5208512, 'epoch_history': []}",5488,0.557826145,20,91730,3.0,0.1938783861199771,dual_bound,6000,336000,200,34,4.0,10,5484,1.5,cellwise_cauchy,514,weak,100800,completed,0.9248685157607189,10756.039410809615,retention_audit,2.797255763633542,0.9966239827927529
0,512,0.004925701706108971,10.148648484396793,1.100669263009758,0,109800,"{'effective_n': 6000, 'trim_mode': 'iqr'}",6000,1.17967111,20,0,3.0,1.0,sketch_iqr,6000,336000,200,0,4.0,10,0,1.5,bounded_out_of_subspace,514,weak,184024,completed,0.9302976434266524,5086.163379893232,retention_audit,7.5612430568166245,0.7621803612351796
0,512,0.0043991928086589615,10.148709191390184,1.1006382944980624,0,109800,"{'effective_n': 6000, 'trim_mode': 'mad'}",6000,1.160963669,20,0,3.0,1.0,sketch_mad,6000,336000,200,0,4.0,10,0,1.5,bounded_out_of_subspace,514,weak,184024,completed,0.9301788108390546,5168.12038155175,retention_audit,7.563780351627687,0.762392246447422
5208512,512,0.0030745090099210367,9.352255199452808,1.1208774923239655,0,109800,"{'phase': 'estimating', 'ready': True, 'total_seen': 6000, 'epoch_index': 0, 'epoch_seen': 6000, 'calibration_count': 512, 'effective_n': 5488, 'serving_epoch': 0, 'serving_n': 5488, 'basis_rank': 20, 'parallel_radius': 8.433875513330753, 'residual_radius': 14.186978696780146, 'marginal_clipped_coordinates': 3037, 'parallel_clipped_rows': 0, 'residual_clipped_rows': 618, 'state_bytes': 100800, 'calibration_peak_state_bytes_bound': 5208512, 'epoch_history': []}",5488,0.600396095,20,3037,3.0,1.0,dual_bound,6000,336000,200,0,4.0,10,618,1.5,bounded_out_of_subspace,514,weak,100800,completed,0.930992371385216,9993.402771881785,retention_audit,6.626409829990631,0.7367815515190113
0,512,0.005547605943863511,9.681989955049168,0.9816358554523141,0,109800,"{'effective_n': 6000, 'trim_mode': 'iqr'}",6000,1.203065182,20,0,3.0,1.0,sketch_iqr,6000,336000,200,0,4.0,10,0,1.5,in_subspace_leverage,514,weak,184024,completed,0.8801683509430538,4987.260947927591,retention_audit,8.236548486947587,0.8838760925022697
0,512,0.005004586314437718,9.682926027272995,0.9816317712820549,0,109800,"{'effective_n': 6000, 'trim_mode': 'mad'}",6000,1.170969407,20,0,3.0,1.0,sketch_mad,6000,336000,200,0,4.0,10,0,1.5,in_subspace_leverage,514,weak,184024,completed,0.8801487403047713,5123.959656103979,retention_audit,8.238432674804482,0.8840188087408073
5208512,512,0.0030745090099210367,8.50127469940493,0.980333200111241,0,109800,"{'phase': 'estimating', 'ready': True, 'total_seen': 6000, 'epoch_index': 0, 'epoch_seen': 6000, 'calibration_count': 512, 'effective_n': 5488, 'serving_epoch': 0, 'serving_n': 5488, 'basis_rank': 20, 'parallel_radius': 8.433875513330753, 'residual_radius': 14.186978696780146, 'marginal_clipped_coordinates': 3037, 'parallel_clipped_rows': 0, 'residual_clipped_rows': 618, 'state_bytes': 100800, 'calibration_peak_state_bytes_bound': 5208512, 'epoch_history': []}",5488,0.719634494,20,3037,3.0,1.0,dual_bound,6000,336000,200,0,4.0,10,618,1.5,in_subspace_leverage,514,weak,100800,completed,0.8816359395348009,8337.56587549012,retention_audit,7.006401095976847,0.8832931742726311
0,512,0.004550541185103651,10.046222530993713,1.0683542987315187,0,109800,"{'effective_n': 6000, 'trim_mode': 'iqr'}",6000,1.254130098,20,0,3.0,0.9603005464480874,sketch_iqr,6000,336000,200,0,4.0,10,0,1.5,mixed,514,weak,184024,completed,0.925723476101935,4784.19265239578,retention_audit,7.890954667987563,0.8059852788212755
0,512,0.004146028251696936,10.045803076130259,1.0683799082381822,0,109800,"{'effective_n': 6000, 'trim_mode': 'mad'}",6000,1.171161506,20,0,3.0,0.9603005464480874,sketch_mad,6000,336000,200,0,4.0,10,0,1.5,mixed,514,weak,184024,completed,0.9256663718233165,5123.119201972815,retention_audit,7.892191414904597,0.806048690045126
5208512,512,0.0030745090099210367,9.015836436047694,1.0619847732963832,0,109800,"{'phase': 'estimating', 'ready': True, 'total_seen': 6000, 'epoch_index': 0, 'epoch_seen': 6000, 'calibration_count': 512, 'effective_n': 5488, 'serving_epoch': 0, 'serving_n': 5488, 'basis_rank': 20, 'parallel_radius': 8.433875513330753, 'residual_radius': 14.186978696780146, 'marginal_clipped_coordinates': 7391, 'parallel_clipped_rows': 0, 'residual_clipped_rows': 879, 'state_bytes': 100800, 'calibration_peak_state_bytes_bound': 5208512, 'epoch_history': []}",5488,0.648308146,20,7391,3.0,0.9603460837887068,dual_bound,6000,336000,200,0,4.0,10,879,1.5,mixed,514,weak,100800,completed,0.9268117342714732,9254.858259948503,retention_audit,6.9014619065152845,0.8060139497033659
0,512,0.0034191666666666667,3.24530459034462,0.8475883953456494,0,0,"{'effective_n': 6000, 'trim_mode': 'iqr'}",6000,1.229308391,20,0,3.0,,sketch_iqr,6000,336000,200,0,4.0,10,0,1.5,clean,515,strong,184024,completed,0.532815600111753,4880.793171125438,retention_audit,3.255284200826005,0.8467270403769925
0,512,0.0029916666666666668,3.245712617274412,0.8475207261861993,0,0,"{'effective_n': 6000, 'trim_mode': 'mad'}",6000,1.198140417,20,0,3.0,,sketch_mad,6000,336000,200,0,4.0,10,0,1.5,clean,515,strong,184024,completed,0.5327896168409888,5007.760288250087,retention_audit,3.2558762055811044,0.846717826539918
5208512,512,0.003296282798833819,3.1670718888015332,0.8679854559287428,0,0,"{'phase': 'estimating', 'ready': True, 'total_seen': 6000, 'epoch_index': 0, 'epoch_seen': 6000, 'calibration_count': 512, 'effective_n': 5488, 'serving_epoch': 0, 'serving_n': 5488, 'basis_rank': 20, 'parallel_radius': 14.93788097489303, 'residual_radius': 12.611497048139128, 'marginal_clipped_coordinates': 3618, 'parallel_clipped_rows': 0, 'residual_clipped_rows': 775, 'state_bytes': 100800, 'calibration_peak_state_bytes_bound': 5208512, 'epoch_history': []}",5488,0.602825012,20,3618,3.0,,dual_bound,6000,336000,200,0,4.0,10,775,1.5,clean,515,strong,100800,completed,0.5428445253322409,9953.137113693616,retention_audit,3.158315054275073,0.8728575176228219
0,512,0.0018501192441753808,2.4725224163443342,0.9920877525585802,0,109800,"{'effective_n': 6000, 'trim_mode': 'iqr'}",6000,1.291671155,20,0,3.0,0.23754098360655737,sketch_iqr,6000,336000,200,0,4.0,10,0,1.5,casewise_cauchy,515,strong,184024,completed,0.9319559616457171,4645.1451491924045,retention_audit,3.1640578733705684,0.9926902437279443
0,512,0.0014813795633828654,2.4702098060072064,0.9920684403085351,0,109800,"{'effective_n': 6000, 'trim_mode': 'mad'}",6000,1.150565649,20,0,3.0,0.23624772313296905,sketch_mad,6000,336000,200,0,4.0,10,0,1.5,casewise_cauchy,515,strong,184024,completed,0.9309093834240747,5214.826294540278,retention_audit,3.158434999407505,0.9926820291228934
5208512,512,0.003271917392184653,3.2116758677879735,0.9000871679831615,0,109800,"{'phase': 'estimating', 'ready': True, 'total_seen': 6000, 'epoch_index': 0, 'epoch_seen': 6000, 'calibration_count': 512, 'effective_n': 5488, 'serving_epoch': 0, 'serving_n': 5488, 'basis_rank': 20, 'parallel_radius': 14.93788097489303, 'residual_radius': 12.611497048139128, 'marginal_clipped_coordinates': 89310, 'parallel_clipped_rows': 50, 'residual_clipped_rows': 1247, 'state_bytes': 100800, 'calibration_peak_state_bytes_bound': 5208512, 'epoch_history': []}",5488,0.653113068,20,89310,3.0,0.21604735883424409,dual_bound,6000,336000,200,50,4.0,10,1247,1.5,casewise_cauchy,515,strong,100800,completed,0.563939403276702,9186.770704762563,retention_audit,3.3663683641518305,0.9080981454272702
0,512,0.0018406308952692942,2.190503727871723,0.9950161749679357,0,109613,"{'effective_n': 6000, 'trim_mode': 'iqr'}",6000,1.210876039,20,0,3.0,0.2366872542490398,sketch_iqr,6000,336000,200,0,4.0,10,0,1.5,cellwise_cauchy,515,strong,184024,completed,0.819043539232395,4955.090204737299,retention_audit,3.1119887634119237,0.9964596826352259
0,512,0.0014820426142277926,2.1926403730146506,0.9949960102946669,0,109613,"{'effective_n': 6000, 'trim_mode': 'mad'}",6000,1.157905181,20,0,3.0,0.23514546632242525,sketch_mad,6000,336000,200,0,4.0,10,0,1.5,cellwise_cauchy,515,strong,184024,completed,0.8182707322606685,5181.771442475306,retention_audit,3.1109735270610113,0.9964306238243492
5208512,512,0.003281419694793555,3.0291811081826054,0.9627777359015529,0,109613,"{'phase': 'estimating', 'ready': True, 'total_seen': 6000, 'epoch_index': 0, 'epoch_seen': 6000, 'calibration_count': 512, 'effective_n': 5488, 'serving_epoch': 0, 'serving_n': 5488, 'basis_rank': 20, 'parallel_radius': 14.93788097489303, 'residual_radius': 12.611497048139128, 'marginal_clipped_coordinates': 89285, 'parallel_clipped_rows': 0, 'residual_clipped_rows': 5488, 'state_bytes': 100800, 'calibration_peak_state_bytes_bound': 5208512, 'epoch_history': []}",5488,0.609858622,20,89285,3.0,0.21502923923257278,dual_bound,6000,336000,200,0,4.0,10,5488,1.5,cellwise_cauchy,515,strong,100800,completed,0.6407749431496963,9838.345779753525,retention_audit,3.611095437067992,0.9654338751694641
0,512,0.004695468721335535,4.063366252556429,0.9560219403329222,0,109800,"{'effective_n': 6000, 'trim_mode': 'iqr'}",6000,1.155853894,20,0,3.0,1.0,sketch_iqr,6000,336000,200,0,4.0,10,0,1.5,bounded_out_of_subspace,515,strong,184024,completed,0.5925794435401467,5190.967501295627,retention_audit,3.292915620684355,0.7522147534080726
0,512,0.004124931205283434,4.062601175689197,0.95593159584079,0,109800,"{'effective_n': 6000, 'trim_mode': 'mad'}",6000,1.154730617,20,0,3.0,1.0,sketch_mad,6000,336000,200,0,4.0,10,0,1.5,bounded_out_of_subspace,515,strong,184024,completed,0.5925205737117509,5196.017072438983,retention_audit,3.292922601956794,0.7523339858926658
5208512,512,0.003271917392184653,4.275696686727752,0.9858262495388841,0,109800,"{'phase': 'estimating', 'ready': True, 'total_seen': 6000, 'epoch_index': 0, 'epoch_seen': 6000, 'calibration_count': 512, 'effective_n': 5488, 'serving_epoch': 0, 'serving_n': 5488, 'basis_rank': 20, 'parallel_radius': 14.93788097489303, 'residual_radius': 12.611497048139128, 'marginal_clipped_coordinates': 3232, 'parallel_clipped_rows': 0, 'residual_clipped_rows': 698, 'state_bytes': 100800, 'calibration_peak_state_bytes_bound': 5208512, 'epoch_history': []}",5488,0.663349152,20,3232,3.0,1.0,dual_bound,6000,336000,200,0,4.0,10,698,1.5,bounded_out_of_subspace,515,strong,100800,completed,0.6187641799481779,9045.010432153233,retention_audit,3.3449271388285062,0.7525742316074824
0,512,0.004287286736378646,5.158463354290329,0.9629199921919647,0,109800,"{'effective_n': 6000, 'trim_mode': 'iqr'}",6000,1.163355337,20,0,3.0,1.0,sketch_iqr,6000,336000,200,0,4.0,10,0,1.5,in_subspace_leverage,515,strong,184024,completed,0.5912110846269808,5157.495572653224,retention_audit,3.4707237027799698,0.5547690083410435
0,512,0.0037424325811777656,5.15771115089721,0.9629493461123222,0,109800,"{'effective_n': 6000, 'trim_mode': 'mad'}",6000,1.251720501,20,0,3.0,1.0,sketch_mad,6000,336000,200,0,4.0,10,0,1.5,in_subspace_leverage,515,strong,184024,completed,0.591150140613863,4793.402357160881,retention_audit,3.4709811556187185,0.5548803781442496
5208512,512,0.003271917392184653,5.34765934442785,1.0041556318029121,0,109800,"{'phase': 'estimating', 'ready': True, 'total_seen': 6000, 'epoch_index': 0, 'epoch_seen': 6000, 'calibration_count': 512, 'effective_n': 5488, 'serving_epoch': 0, 'serving_n': 5488, 'basis_rank': 20, 'parallel_radius': 14.93788097489303, 'residual_radius': 12.611497048139128, 'marginal_clipped_coordinates': 3232, 'parallel_clipped_rows': 0, 'residual_clipped_rows': 698, 'state_bytes': 100800, 'calibration_peak_state_bytes_bound': 5208512, 'epoch_history': []}",5488,0.606512841,20,3232,3.0,1.0,dual_bound,6000,336000,200,0,4.0,10,698,1.5,in_subspace_leverage,515,strong,100800,completed,0.6063322880509379,9892.61825043536,retention_audit,3.450837660965607,0.5537550470283749
0,512,0.004343239772518804,4.002125205133249,0.9434976359870639,0,109800,"{'effective_n': 6000, 'trim_mode': 'iqr'}",6000,1.155217726,20,0,3.0,0.9614754098360656,sketch_iqr,6000,336000,200,0,4.0,10,0,1.5,mixed,515,strong,184024,completed,0.598775749001114,5193.826120358544,retention_audit,3.4450745535467613,0.7872088183400244
0,512,0.0038763529627591268,4.001317031553871,0.9434161547338347,0,109800,"{'effective_n': 6000, 'trim_mode': 'mad'}",6000,1.140665292,20,0,3.0,0.9614663023679417,sketch_mad,6000,336000,200,0,4.0,10,0,1.5,mixed,515,strong,184024,completed,0.5986681558384432,5260.088162654466,retention_audit,3.4445578427902097,0.7872097251237732
5208512,512,0.003271917392184653,3.817961218104787,0.9377476877861963,0,109800,"{'phase': 'estimating', 'ready': True, 'total_seen': 6000, 'epoch_index': 0, 'epoch_seen': 6000, 'calibration_count': 512, 'effective_n': 5488, 'serving_epoch': 0, 'serving_n': 5488, 'basis_rank': 20, 'parallel_radius': 14.93788097489303, 'residual_radius': 12.611497048139128, 'marginal_clipped_coordinates': 7473, 'parallel_clipped_rows': 0, 'residual_clipped_rows': 973, 'state_bytes': 100800, 'calibration_peak_state_bytes_bound': 5208512, 'epoch_history': []}",5488,0.626521135,20,7473,3.0,0.9613752276867031,dual_bound,6000,336000,200,0,4.0,10,973,1.5,mixed,515,strong,100800,completed,0.6057708217192852,9576.692093555632,retention_audit,3.2800222287608825,0.821588187633599
0,512,0.00336,3.495676944977038,0.9984380583251645,0,0,"{'effective_n': 6000, 'trim_mode': 'iqr'}",6000,1.238413368,20,0,3.0,,sketch_iqr,6000,336000,200,0,4.0,10,0,1.5,clean,515,weak,184024,completed,0.9052645932369076,4844.908941583712,retention_audit,3.5024489973627966,0.9984363651629599
0,512,0.002948333333333333,3.4957837842139483,0.9984383835953758,0,0,"{'effective_n': 6000, 'trim_mode': 'mad'}",6000,1.18945124,20,0,3.0,,sketch_mad,6000,336000,200,0,4.0,10,0,1.5,clean,515,weak,184024,completed,0.9052860283052128,5044.342969452031,retention_audit,3.5027047012818335,0.9984375600001951
5208512,512,0.00327350583090379,2.7918701976764657,0.9966899196317854,0,0,"{'phase': 'estimating', 'ready': True, 'total_seen': 6000, 'epoch_index': 0, 'epoch_seen': 6000, 'calibration_count': 512, 'effective_n': 5488, 'serving_epoch': 0, 'serving_n': 5488, 'basis_rank': 20, 'parallel_radius': 8.372295885442623, 'residual_radius': 14.384203152335896, 'marginal_clipped_coordinates': 3593, 'parallel_clipped_rows': 0, 'residual_clipped_rows': 519, 'state_bytes': 100800, 'calibration_peak_state_bytes_bound': 5208512, 'epoch_history': []}",5488,0.559964173,20,3593,3.0,,dual_bound,6000,336000,200,0,4.0,10,519,1.5,clean,515,weak,100800,completed,0.9151026870917246,10714.971223703627,retention_audit,2.7893015462245967,0.9966422197093288
0,512,0.0018097596771234636,3.5161319084276172,0.9876921412364619,0,109800,"{'effective_n': 6000, 'trim_mode': 'iqr'}",6000,1.173840507,20,0,3.0,0.2106830601092896,sketch_iqr,6000,336000,200,0,4.0,10,0,1.5,casewise_cauchy,515,weak,184024,completed,0.9680061610820512,5111.42694788603,retention_audit,3.4896420905199697,0.9909999287067466
0,512,0.0014180884241423591,3.518344781558523,0.9878044484223336,0,109800,"{'effective_n': 6000, 'trim_mode': 'mad'}",6000,1.243536721,20,0,3.0,0.20941712204007287,sketch_mad,6000,336000,200,0,4.0,10,0,1.5,casewise_cauchy,515,weak,184024,completed,0.9679869379363072,4824.947988005575,retention_audit,3.4931077019059913,0.9910380125177191
5208512,512,0.0032759667948977526,2.823159573817207,0.9965379528200357,0,109800,"{'phase': 'estimating', 'ready': True, 'total_seen': 6000, 'epoch_index': 0, 'epoch_seen': 6000, 'calibration_count': 512, 'effective_n': 5488, 'serving_epoch': 0, 'serving_n': 5488, 'basis_rank': 20, 'parallel_radius': 8.372295885442623, 'residual_radius': 14.384203152335896, 'marginal_clipped_coordinates': 92118, 'parallel_clipped_rows': 545, 'residual_clipped_rows': 1016, 'state_bytes': 100800, 'calibration_peak_state_bytes_bound': 5208512, 'epoch_history': []}",5488,0.618720417,20,92118,3.0,0.19051001821493624,dual_bound,6000,336000,200,545,4.0,10,1016,1.5,casewise_cauchy,515,weak,100800,completed,0.9194487245893613,9697.433340073534,retention_audit,2.8370842926918107,0.9965743847433977
0,512,0.0018045162420215718,3.288690824752941,0.9973702463219684,0,109403,"{'effective_n': 6000, 'trim_mode': 'iqr'}",6000,1.227552985,20,0,3.0,0.2107803259508423,sketch_iqr,6000,336000,200,0,4.0,10,0,1.5,cellwise_cauchy,515,weak,184024,completed,0.9490522386383171,4887.772726160574,retention_audit,3.408319462196893,0.9983937558180369
0,512,0.00143407693217568,3.289214329043557,0.9973829259921617,0,109403,"{'effective_n': 6000, 'trim_mode': 'mad'}",6000,1.256148631,20,0,3.0,0.20937268630659123,sketch_mad,6000,336000,200,0,4.0,10,0,1.5,cellwise_cauchy,515,weak,184024,completed,0.9488896021353205,4776.504827476901,retention_audit,3.408492284849136,0.9983923228917565
5208512,512,0.003285782085960593,2.7549806294967443,0.996344276979154,0,109403,"{'phase': 'estimating', 'ready': True, 'total_seen': 6000, 'epoch_index': 0, 'epoch_seen': 6000, 'calibration_count': 512, 'effective_n': 5488, 'serving_epoch': 0, 'serving_n': 5488, 'basis_rank': 20, 'parallel_radius': 8.372295885442623, 'residual_radius': 14.384203152335896, 'marginal_clipped_coordinates': 91821, 'parallel_clipped_rows': 43, 'residual_clipped_rows': 5475, 'state_bytes': 100800, 'calibration_peak_state_bytes_bound': 5208512, 'epoch_history': []}",5488,0.642676869,20,91821,3.0,0.19038783214354268,dual_bound,6000,336000,200,43,4.0,10,5475,1.5,cellwise_cauchy,515,weak,100800,completed,0.9380747413985632,9335.951376834133,retention_audit,2.8049331619551334,0.9967322781067758
0,512,0.005774169877086773,8.798920232943571,1.0007214160829416,0,109800,"{'effective_n': 6000, 'trim_mode': 'iqr'}",6000,1.218917314,20,0,3.0,1.0,sketch_iqr,6000,336000,200,0,4.0,10,0,1.5,bounded_out_of_subspace,515,weak,184024,completed,0.9221145744549414,4922.401159690147,retention_audit,7.6877272713300435,0.9325443324876183
0,512,0.00523115024766098,8.797874110051216,1.0007136300699366,0,109800,"{'effective_n': 6000, 'trim_mode': 'mad'}",6000,1.194553951,20,0,3.0,1.0,sketch_mad,6000,336000,200,0,4.0,10,0,1.5,bounded_out_of_subspace,515,weak,184024,completed,0.9221515805045108,5022.795324545371,retention_audit,7.687881783161339,0.9326446648292442
5208512,512,0.0032759667948977526,7.635282407967098,1.0000592952766836,0,109800,"{'phase': 'estimating', 'ready': True, 'total_seen': 6000, 'epoch_index': 0, 'epoch_seen': 6000, 'calibration_count': 512, 'effective_n': 5488, 'serving_epoch': 0, 'serving_n': 5488, 'basis_rank': 20, 'parallel_radius': 8.372295885442623, 'residual_radius': 14.384203152335896, 'marginal_clipped_coordinates': 3236, 'parallel_clipped_rows': 0, 'residual_clipped_rows': 467, 'state_bytes': 100800, 'calibration_peak_state_bytes_bound': 5208512, 'epoch_history': []}",5488,0.626957186,20,3236,3.0,1.0,dual_bound,6000,336000,200,0,4.0,10,467,1.5,bounded_out_of_subspace,515,weak,100800,completed,0.9259532194451032,9570.031469421581,retention_audit,6.4578544669573015,0.925422904886107
0,512,0.004461566685011924,11.242963425495914,1.1701196097753255,0,109800,"{'effective_n': 6000, 'trim_mode': 'iqr'}",6000,1.234270658,20,0,3.0,1.0,sketch_iqr,6000,336000,200,0,4.0,10,0,1.5,in_subspace_leverage,515,weak,184024,completed,0.8919870015281923,4861.170409513211,retention_audit,7.332511535556426,0.6414969719524206
0,512,0.003946064942212438,11.243620185216997,1.1700897600409836,0,109800,"{'effective_n': 6000, 'trim_mode': 'mad'}",6000,1.188701284,20,0,3.0,1.0,sketch_mad,6000,336000,200,0,4.0,10,0,1.5,in_subspace_leverage,515,weak,184024,completed,0.8919518953253878,5047.525463933124,retention_audit,7.335016960297669,0.6417348804567679
5208512,512,0.0032759667948977526,10.608590220621096,1.2055282967701626,0,109800,"{'phase': 'estimating', 'ready': True, 'total_seen': 6000, 'epoch_index': 0, 'epoch_seen': 6000, 'calibration_count': 512, 'effective_n': 5488, 'serving_epoch': 0, 'serving_n': 5488, 'basis_rank': 20, 'parallel_radius': 8.372295885442623, 'residual_radius': 14.384203152335896, 'marginal_clipped_coordinates': 3236, 'parallel_clipped_rows': 0, 'residual_clipped_rows': 467, 'state_bytes': 100800, 'calibration_peak_state_bytes_bound': 5208512, 'epoch_history': []}",5488,0.667017164,20,3236,3.0,1.0,dual_bound,6000,336000,200,0,4.0,10,467,1.5,in_subspace_leverage,515,weak,100800,completed,0.8907112260224473,8995.270772372509,retention_audit,6.542923359457267,0.6240240102789604
0,512,0.005269675288937809,8.197449413270862,0.9976725118486566,0,109800,"{'effective_n': 6000, 'trim_mode': 'iqr'}",6000,1.150420622,20,0,3.0,0.9591165755919854,sketch_iqr,6000,336000,200,0,4.0,10,0,1.5,mixed,515,weak,184024,completed,0.9226272813449733,5215.483698100816,retention_audit,7.347254788174743,0.9546601441105231
0,512,0.0048633278297560084,8.196873130390042,0.9976737833621308,0,109800,"{'effective_n': 6000, 'trim_mode': 'mad'}",6000,1.125849514,20,0,3.0,0.9591803278688524,sketch_mad,6000,336000,200,0,4.0,10,0,1.5,mixed,515,weak,184024,completed,0.9227043779938829,5329.309046537458,retention_audit,7.347225125712503,0.9546694045478934
5208512,512,0.0032759667948977526,6.721765697356101,0.9958690302757064,0,109800,"{'phase': 'estimating', 'ready': True, 'total_seen': 6000, 'epoch_index': 0, 'epoch_seen': 6000, 'calibration_count': 512, 'effective_n': 5488, 'serving_epoch': 0, 'serving_n': 5488, 'basis_rank': 20, 'parallel_radius': 8.372295885442623, 'residual_radius': 14.384203152335896, 'marginal_clipped_coordinates': 7690, 'parallel_clipped_rows': 0, 'residual_clipped_rows': 607, 'state_bytes': 100800, 'calibration_peak_state_bytes_bound': 5208512, 'epoch_history': []}",5488,0.607083888,20,7690,3.0,0.9594353369763206,dual_bound,6000,336000,200,0,4.0,10,607,1.5,mixed,515,weak,100800,completed,0.9280730360079952,9883.312864333504,retention_audit,5.856428051363053,0.9545135366994916
0,512,0.003426666666666667,3.2166500121057986,0.8581099409217215,0,0,"{'effective_n': 6000, 'trim_mode': 'iqr'}",6000,1.20565182,20,0,3.0,,sketch_iqr,6000,336000,200,0,4.0,10,0,1.5,clean,516,strong,184024,completed,0.44099657033579387,4976.561143498295,retention_audit,3.2279767970455504,0.8575801004530422
0,512,0.002995,3.217023140461511,0.8580667930279778,0,0,"{'effective_n': 6000, 'trim_mode': 'mad'}",6000,1.1798868,20,0,3.0,,sketch_mad,6000,336000,200,0,4.0,10,0,1.5,clean,516,strong,184024,completed,0.44103386441034803,5085.2336003759,retention_audit,3.2285903859101586,0.8576113447720268
5208512,512,0.0031732871720116618,3.1109611553705925,0.8700577724885533,0,0,"{'phase': 'estimating', 'ready': True, 'total_seen': 6000, 'epoch_index': 0, 'epoch_seen': 6000, 'calibration_count': 512, 'effective_n': 5488, 'serving_epoch': 0, 'serving_n': 5488, 'basis_rank': 20, 'parallel_radius': 15.178785293768932, 'residual_radius': 12.615861695554884, 'marginal_clipped_coordinates': 3483, 'parallel_clipped_rows': 0, 'residual_clipped_rows': 586, 'state_bytes': 100800, 'calibration_peak_state_bytes_bound': 5208512, 'epoch_history': []}",5488,0.544121424,20,3483,3.0,,dual_bound,6000,336000,200,0,4.0,10,586,1.5,clean,516,strong,100800,completed,0.47065071593999963,11026.950484493329,retention_audit,3.1062140461578704,0.8730504221799543
0,512,0.0019014859658778205,2.385386139115572,0.9917918759789517,0,109800,"{'effective_n': 6000, 'trim_mode': 'iqr'}",6000,1.15097895,20,0,3.0,0.2346448087431694,sketch_iqr,6000,336000,200,0,4.0,10,0,1.5,casewise_cauchy,516,strong,184024,completed,0.9451901008450326,5212.953720830428,retention_audit,3.0179735403680628,0.9919396191735853
0,512,0.0015171528159970648,2.385929521420795,0.9918303530965578,0,109800,"{'effective_n': 6000, 'trim_mode': 'mad'}",6000,1.168594899,20,0,3.0,0.2331967213114754,sketch_mad,6000,336000,200,0,4.0,10,0,1.5,casewise_cauchy,516,strong,184024,completed,0.9443408644022611,5134.3712052263545,retention_audit,3.016252288006343,0.9919817206126965
5208512,512,0.003170682324357157,3.115166698678177,0.8971122595153362,0,109800,"{'phase': 'estimating', 'ready': True, 'total_seen': 6000, 'epoch_index': 0, 'epoch_seen': 6000, 'calibration_count': 512, 'effective_n': 5488, 'serving_epoch': 0, 'serving_n': 5488, 'basis_rank': 20, 'parallel_radius': 15.178785293768932, 'residual_radius': 12.615861695554884, 'marginal_clipped_coordinates': 89359, 'parallel_clipped_rows': 36, 'residual_clipped_rows': 1069, 'state_bytes': 100800, 'calibration_peak_state_bytes_bound': 5208512, 'epoch_history': []}",5488,0.667301561,20,89359,3.0,0.2146903460837887,dual_bound,6000,336000,200,36,4.0,10,1069,1.5,casewise_cauchy,516,strong,100800,completed,0.5234124171655884,8991.437081322816,retention_audit,3.251639690259084,0.9041812496476445
0,512,0.0019058741994686654,2.1990880717900287,0.995848242593254,0,109162,"{'effective_n': 6000, 'trim_mode': 'iqr'}",6000,1.186498289,20,0,3.0,0.23742694344185705,sketch_iqr,6000,336000,200,0,4.0,10,0,1.5,cellwise_cauchy,516,strong,184024,completed,0.8147507959932605,5056.897304973695,retention_audit,3.098043562374141,0.9969843251643772
0,512,0.0015098483917868647,2.1998336662042606,0.995831869814779,0,109162,"{'effective_n': 6000, 'trim_mode': 'mad'}",6000,1.179983311,20,0,3.0,0.23617192796027922,sketch_mad,6000,336000,200,0,4.0,10,0,1.5,cellwise_cauchy,516,strong,184024,completed,0.8136564422504782,5084.817678408674,retention_audit,3.0954594745206654,0.9969618619885949
5208512,512,0.0031595304915432226,2.816489567674742,0.965315326684795,0,109162,"{'phase': 'estimating', 'ready': True, 'total_seen': 6000, 'epoch_index': 0, 'epoch_seen': 6000, 'calibration_count': 512, 'effective_n': 5488, 'serving_epoch': 0, 'serving_n': 5488, 'basis_rank': 20, 'parallel_radius': 15.178785293768932, 'residual_radius': 12.615861695554884, 'marginal_clipped_coordinates': 88566, 'parallel_clipped_rows': 0, 'residual_clipped_rows': 5487, 'state_bytes': 100800, 'calibration_peak_state_bytes_bound': 5208512, 'epoch_history': []}",5488,0.614054075,20,88566,3.0,0.21728257085799088,dual_bound,6000,336000,200,0,4.0,10,5487,1.5,cellwise_cauchy,516,strong,100800,completed,0.6146951064810404,9771.126427261313,retention_audit,3.3916280077312155,0.967685060127502
0,512,0.004590900752155568,4.110825903612432,0.95616965307297,0,109800,"{'effective_n': 6000, 'trim_mode': 'iqr'}",6000,1.190380658,20,0,3.0,1.0,sketch_iqr,6000,336000,200,0,4.0,10,0,1.5,bounded_out_of_subspace,516,strong,184024,completed,0.5375805781242127,5040.4044787495195,retention_audit,3.331460310595397,0.7666949561463865
0,512,0.003979086406164007,4.109977344596112,0.956083204701069,0,109800,"{'effective_n': 6000, 'trim_mode': 'mad'}",6000,1.127107294,20,0,3.0,1.0,sketch_mad,6000,336000,200,0,4.0,10,0,1.5,bounded_out_of_subspace,516,strong,184024,completed,0.5376279034862445,5323.361876850741,retention_audit,3.331501613512832,0.76684557366319
5208512,512,0.003170682324357157,4.234641106041965,0.97950803569509,0,109800,"{'phase': 'estimating', 'ready': True, 'total_seen': 6000, 'epoch_index': 0, 'epoch_seen': 6000, 'calibration_count': 512, 'effective_n': 5488, 'serving_epoch': 0, 'serving_n': 5488, 'basis_rank': 20, 'parallel_radius': 15.178785293768932, 'residual_radius': 12.615861695554884, 'marginal_clipped_coordinates': 3132, 'parallel_clipped_rows': 0, 'residual_clipped_rows': 520, 'state_bytes': 100800, 'calibration_peak_state_bytes_bound': 5208512, 'epoch_history': []}",5488,0.611544789,20,3132,3.0,1.0,dual_bound,6000,336000,200,0,4.0,10,520,1.5,bounded_out_of_subspace,516,strong,100800,completed,0.5638660319892722,9811.219240067796,retention_audit,3.313074822478612,0.7551992019029199
0,512,0.004275362318840579,5.005225454145531,0.966731448304265,0,109800,"{'effective_n': 6000, 'trim_mode': 'iqr'}",6000,1.204884115,20,0,3.0,1.0,sketch_iqr,6000,336000,200,0,4.0,10,0,1.5,in_subspace_leverage,516,strong,184024,completed,0.5435561619324274,4979.732013480815,retention_audit,3.4210825459024994,0.565753353468757
0,512,0.0037534397358282884,5.005409108241087,0.9667770037977796,0,109800,"{'effective_n': 6000, 'trim_mode': 'mad'}",6000,1.162056797,20,0,3.0,1.0,sketch_mad,6000,336000,200,0,4.0,10,0,1.5,in_subspace_leverage,516,strong,184024,completed,0.5436229821594969,5163.258814448464,retention_audit,3.4219768654501306,0.5659061270616664
5208512,512,0.003170682324357157,5.088178656878339,1.0024988567763855,0,109800,"{'phase': 'estimating', 'ready': True, 'total_seen': 6000, 'epoch_index': 0, 'epoch_seen': 6000, 'calibration_count': 512, 'effective_n': 5488, 'serving_epoch': 0, 'serving_n': 5488, 'basis_rank': 20, 'parallel_radius': 15.178785293768932, 'residual_radius': 12.615861695554884, 'marginal_clipped_coordinates': 3132, 'parallel_clipped_rows': 0, 'residual_clipped_rows': 520, 'state_bytes': 100800, 'calibration_peak_state_bytes_bound': 5208512, 'epoch_history': []}",5488,0.626557427,20,3132,3.0,1.0,dual_bound,6000,336000,200,0,4.0,10,520,1.5,in_subspace_leverage,516,strong,100800,completed,0.5715365729503624,9576.13738413159,retention_audit,3.334639989648207,0.5596276284150355
0,512,0.004252430746651991,4.048536483199251,0.9456229561206116,0,109800,"{'effective_n': 6000, 'trim_mode': 'iqr'}",6000,1.161278935,20,0,3.0,0.96132058287796,sketch_iqr,6000,336000,200,0,4.0,10,0,1.5,mixed,516,strong,184024,completed,0.5485049317418084,5166.7173313532985,retention_audit,3.4812365454891188,0.8000644866569342
0,512,0.003780040359567052,4.047625915679213,0.9455472028040789,0,109800,"{'effective_n': 6000, 'trim_mode': 'mad'}",6000,1.117590322,20,0,3.0,0.9612932604735883,sketch_mad,6000,336000,200,0,4.0,10,0,1.5,mixed,516,strong,184024,completed,0.548478498619049,5368.693591818702,retention_audit,3.480583592300877,0.8000758863162165
5208512,512,0.003170682324357157,3.7825605184584594,0.9359151751531432,0,109800,"{'phase': 'estimating', 'ready': True, 'total_seen': 6000, 'epoch_index': 0, 'epoch_seen': 6000, 'calibration_count': 512, 'effective_n': 5488, 'serving_epoch': 0, 'serving_n': 5488, 'basis_rank': 20, 'parallel_radius': 15.178785293768932, 'residual_radius': 12.615861695554884, 'marginal_clipped_coordinates': 7373, 'parallel_clipped_rows': 0, 'residual_clipped_rows': 795, 'state_bytes': 100800, 'calibration_peak_state_bytes_bound': 5208512, 'epoch_history': []}",5488,0.669552361,20,7373,3.0,0.9613752276867031,dual_bound,6000,336000,200,0,4.0,10,795,1.5,mixed,516,strong,100800,completed,0.5570400488549828,8961.21102618291,retention_audit,3.2382547743466388,0.8206381370065521
0,512,0.003319166666666667,3.342952696147224,0.9982310466751532,0,0,"{'effective_n': 6000, 'trim_mode': 'iqr'}",6000,1.184881405,20,0,3.0,,sketch_iqr,6000,336000,200,0,4.0,10,0,1.5,clean,516,weak,184024,completed,0.8778762198346041,5063.797924991489,retention_audit,3.3477605490185645,0.9982203726171297
0,512,0.002885833333333333,3.343107585416642,0.998231381914962,0,0,"{'effective_n': 6000, 'trim_mode': 'mad'}",6000,1.151116132,20,0,3.0,,sketch_mad,6000,336000,200,0,4.0,10,0,1.5,clean,516,weak,184024,completed,0.8778910333211991,5212.3324773281865,retention_audit,3.3480677063901036,0.9982218924395871
5208512,512,0.00307033527696793,2.7751661304078437,0.9965781109989282,0,0,"{'phase': 'estimating', 'ready': True, 'total_seen': 6000, 'epoch_index': 0, 'epoch_seen': 6000, 'calibration_count': 512, 'effective_n': 5488, 'serving_epoch': 0, 'serving_n': 5488, 'basis_rank': 20, 'parallel_radius': 8.552051882508568, 'residual_radius': 14.291932139507411, 'marginal_clipped_coordinates': 3370, 'parallel_clipped_rows': 0, 'residual_clipped_rows': 556, 'state_bytes': 100800, 'calibration_peak_state_bytes_bound': 5208512, 'epoch_history': []}",5488,0.686221123,20,3370,3.0,,dual_bound,6000,336000,200,0,4.0,10,556,1.5,clean,516,weak,100800,completed,0.8899230304413748,8743.537321861191,retention_audit,2.7733982526951166,0.996596873176682
0,512,0.0017116125481563015,3.743107189232247,0.9898624671998246,0,109800,"{'effective_n': 6000, 'trim_mode': 'iqr'}",6000,1.229055695,20,0,3.0,0.21351548269581055,sketch_iqr,6000,336000,200,0,4.0,10,0,1.5,casewise_cauchy,516,weak,184024,completed,0.9622136416922611,4881.796670735902,retention_audit,3.732870279650361,0.9928267865225725
0,512,0.0013474591818015043,3.7513436957986954,0.9900034388244293,0,109800,"{'effective_n': 6000, 'trim_mode': 'mad'}",6000,1.191386214,20,0,3.0,0.21195810564663023,sketch_mad,6000,336000,200,0,4.0,10,0,1.5,casewise_cauchy,516,weak,184024,completed,0.962165152181532,5036.1502672214065,retention_audit,3.742555785859103,0.9928921974760753
5208512,512,0.0030805831139906863,2.7535767476927506,0.9965373236314569,0,109800,"{'phase': 'estimating', 'ready': True, 'total_seen': 6000, 'epoch_index': 0, 'epoch_seen': 6000, 'calibration_count': 512, 'effective_n': 5488, 'serving_epoch': 0, 'serving_n': 5488, 'basis_rank': 20, 'parallel_radius': 8.552051882508568, 'residual_radius': 14.291932139507411, 'marginal_clipped_coordinates': 91608, 'parallel_clipped_rows': 537, 'residual_clipped_rows': 1057, 'state_bytes': 100800, 'calibration_peak_state_bytes_bound': 5208512, 'epoch_history': []}",5488,0.713792488,20,91608,3.0,0.19339708561020036,dual_bound,6000,336000,200,537,4.0,10,1057,1.5,casewise_cauchy,516,weak,100800,completed,0.895355839526828,8405.80434912058,retention_audit,2.7707356924797883,0.9966593701423455
0,512,0.001730567361829887,3.372561836661676,0.9974047613082815,0,110184,"{'effective_n': 6000, 'trim_mode': 'iqr'}",6000,1.294260389,20,0,3.0,0.20968561678646627,sketch_iqr,6000,336000,200,0,4.0,10,0,1.5,cellwise_cauchy,516,weak,184024,completed,0.9538667360510822,4635.852299115677,retention_audit,3.501696666279876,0.9984120959848373
0,512,0.0013460987909885706,3.3745448671142553,0.9974180593652515,0,110184,"{'effective_n': 6000, 'trim_mode': 'mad'}",6000,1.258237007,20,0,3.0,0.20833333333333334,sketch_mad,6000,336000,200,0,4.0,10,0,1.5,cellwise_cauchy,516,weak,184024,completed,0.9537330638468756,4768.576958569778,retention_audit,3.5034040402355036,0.9984116581516672
5208512,512,0.003081781133787583,2.7950255567896356,0.9965049050471305,0,110184,"{'phase': 'estimating', 'ready': True, 'total_seen': 6000, 'epoch_index': 0, 'epoch_seen': 6000, 'calibration_count': 512, 'effective_n': 5488, 'serving_epoch': 0, 'serving_n': 5488, 'basis_rank': 20, 'parallel_radius': 8.552051882508568, 'residual_radius': 14.291932139507411, 'marginal_clipped_coordinates': 92208, 'parallel_clipped_rows': 31, 'residual_clipped_rows': 5484, 'state_bytes': 100800, 'calibration_peak_state_bytes_bound': 5208512, 'epoch_history': []}",5488,0.611147873,20,92208,3.0,0.19076272417047846,dual_bound,6000,336000,200,31,4.0,10,5484,1.5,cellwise_cauchy,516,weak,100800,completed,0.9459987206134709,9817.591232948625,retention_audit,2.8499027485723856,0.9968774744587159
0,512,0.005336635479728491,9.530834512668564,1.0482683608891052,0,109800,"{'effective_n': 6000, 'trim_mode': 'iqr'}",6000,1.294758593,20,0,3.0,1.0,sketch_iqr,6000,336000,200,0,4.0,10,0,1.5,bounded_out_of_subspace,516,weak,184024,completed,0.9175529840286287,4634.068491561654,retention_audit,7.6313825391349885,0.8254194112152871
0,512,0.004832140891579527,9.530957852676707,1.0482488302331603,0,109800,"{'effective_n': 6000, 'trim_mode': 'mad'}",6000,1.276014474,20,0,3.0,1.0,sketch_mad,6000,336000,200,0,4.0,10,0,1.5,bounded_out_of_subspace,516,weak,184024,completed,0.9175897473984883,4702.141019757743,retention_audit,7.633322512184695,0.8256016585997188
5208512,512,0.0030805831139906863,8.354832046965829,1.0559787359840964,0,109800,"{'phase': 'estimating', 'ready': True, 'total_seen': 6000, 'epoch_index': 0, 'epoch_seen': 6000, 'calibration_count': 512, 'effective_n': 5488, 'serving_epoch': 0, 'serving_n': 5488, 'basis_rank': 20, 'parallel_radius': 8.552051882508568, 'residual_radius': 14.291932139507411, 'marginal_clipped_coordinates': 3043, 'parallel_clipped_rows': 0, 'residual_clipped_rows': 508, 'state_bytes': 100800, 'calibration_peak_state_bytes_bound': 5208512, 'epoch_history': []}",5488,0.636618996,20,3043,3.0,1.0,dual_bound,6000,336000,200,0,4.0,10,508,1.5,bounded_out_of_subspace,516,weak,100800,completed,0.9233425355943725,9424.789454444743,retention_audit,6.388197397529946,0.809494157003436
0,512,0.004779856906989543,10.883980135264718,1.0813396549372283,0,109800,"{'effective_n': 6000, 'trim_mode': 'iqr'}",6000,1.238530975,20,0,3.0,1.0,sketch_iqr,6000,336000,200,0,4.0,10,0,1.5,in_subspace_leverage,516,weak,184024,completed,0.886519489498351,4844.448884292135,retention_audit,7.6787757521259286,0.7046530964558032
0,512,0.004234085488901119,10.884033599419833,1.0813070398224485,0,109800,"{'effective_n': 6000, 'trim_mode': 'mad'}",6000,1.199569232,20,0,3.0,1.0,sketch_mad,6000,336000,200,0,4.0,10,0,1.5,in_subspace_leverage,516,weak,184024,completed,0.8865141729634841,5001.79551120731,retention_audit,7.681371006061227,0.7048939466880413
5208512,512,0.0030805831139906863,9.925846982421,1.1029075189074473,0,109800,"{'phase': 'estimating', 'ready': True, 'total_seen': 6000, 'epoch_index': 0, 'epoch_seen': 6000, 'calibration_count': 512, 'effective_n': 5488, 'serving_epoch': 0, 'serving_n': 5488, 'basis_rank': 20, 'parallel_radius': 8.552051882508568, 'residual_radius': 14.291932139507411, 'marginal_clipped_coordinates': 3043, 'parallel_clipped_rows': 0, 'residual_clipped_rows': 508, 'state_bytes': 100800, 'calibration_peak_state_bytes_bound': 5208512, 'epoch_history': []}",5488,0.626392828,20,3043,3.0,1.0,dual_bound,6000,336000,200,0,4.0,10,508,1.5,in_subspace_leverage,516,weak,100800,completed,0.8877287255468936,9578.653732606275,retention_audit,6.6473799963197395,0.6857217894525246
0,512,0.0048633278297560084,9.228234295684175,1.0266726983786763,0,109800,"{'effective_n': 6000, 'trim_mode': 'iqr'}",6000,1.176055696,20,0,3.0,0.9592987249544627,sketch_iqr,6000,336000,200,0,4.0,10,0,1.5,mixed,516,weak,184024,completed,0.9181681082212634,5101.799192340292,retention_audit,7.729015637876702,0.8673677082211113
0,512,0.004490001834525775,9.229280970519014,1.0267133308219623,0,109800,"{'effective_n': 6000, 'trim_mode': 'mad'}",6000,1.112501117,20,0,3.0,0.9593260473588342,sketch_mad,6000,336000,200,0,4.0,10,0,1.5,mixed,516,weak,184024,completed,0.9182187442184125,5393.253011897875,retention_audit,7.730795332996464,0.8673668546436387
5208512,512,0.0030805831139906863,7.845065665197292,1.0220832953715862,0,109800,"{'phase': 'estimating', 'ready': True, 'total_seen': 6000, 'epoch_index': 0, 'epoch_seen': 6000, 'calibration_count': 512, 'effective_n': 5488, 'serving_epoch': 0, 'serving_n': 5488, 'basis_rank': 20, 'parallel_radius': 8.552051882508568, 'residual_radius': 14.291932139507411, 'marginal_clipped_coordinates': 7497, 'parallel_clipped_rows': 0, 'residual_clipped_rows': 741, 'state_bytes': 100800, 'calibration_peak_state_bytes_bound': 5208512, 'epoch_history': []}",5488,0.61993495,20,7497,3.0,0.9594353369763206,dual_bound,6000,336000,200,0,4.0,10,741,1.5,mixed,516,weak,100800,completed,0.9217818621659197,9678.43480997482,retention_audit,6.376186669409765,0.8691905225390496
0,512,0.0033541666666666668,3.16141024682671,0.8493777941667437,0,0,"{'effective_n': 6000, 'trim_mode': 'iqr'}",6000,1.178405426,20,0,3.0,,sketch_iqr,6000,336000,200,0,4.0,10,0,1.5,clean,517,strong,184024,completed,0.4618416021545457,5091.626249860801,retention_audit,3.1640176900244903,0.8484648020610803
0,512,0.002948333333333333,3.16181609257252,0.8492688849099906,0,0,"{'effective_n': 6000, 'trim_mode': 'mad'}",6000,1.125161179,20,0,3.0,,sketch_mad,6000,336000,200,0,4.0,10,0,1.5,clean,517,strong,184024,completed,0.4618695886927081,5332.569334939701,retention_audit,3.1642441345810384,0.8484140388402324
5208512,512,0.0032543731778425654,3.0798018062763717,0.868782868906938,0,0,"{'phase': 'estimating', 'ready': True, 'total_seen': 6000, 'epoch_index': 0, 'epoch_seen': 6000, 'calibration_count': 512, 'effective_n': 5488, 'serving_epoch': 0, 'serving_n': 5488, 'basis_rank': 20, 'parallel_radius': 15.530796015379408, 'residual_radius': 12.525207185989547, 'marginal_clipped_coordinates': 3572, 'parallel_clipped_rows': 0, 'residual_clipped_rows': 914, 'state_bytes': 100800, 'calibration_peak_state_bytes_bound': 5208512, 'epoch_history': []}",5488,0.628450868,20,3572,3.0,,dual_bound,6000,336000,200,0,4.0,10,914,1.5,clean,517,strong,100800,completed,0.48210252128339265,9547.28572353567,retention_audit,3.0696268784849177,0.8724937160571941
0,512,0.0018712162905888828,2.391128046662152,0.9913430938620417,0,109800,"{'effective_n': 6000, 'trim_mode': 'iqr'}",6000,1.146624243,20,0,3.0,0.23835154826958105,sketch_iqr,6000,336000,200,0,4.0,10,0,1.5,casewise_cauchy,517,strong,184024,completed,0.9380269829691441,5232.7517376588385,retention_audit,3.047372294259477,0.992057968254028
0,512,0.0015134837644468905,2.389778901390165,0.9913522816695888,0,109800,"{'effective_n': 6000, 'trim_mode': 'mad'}",6000,1.120101647,20,0,3.0,0.2365391621129326,sketch_mad,6000,336000,200,0,4.0,10,0,1.5,casewise_cauchy,517,strong,184024,completed,0.9372368957216195,5356.6567070675865,retention_audit,3.0426823208261555,0.9920708279753063
5208512,512,0.003242559222514679,3.0304326285462744,0.8964353987337108,0,109800,"{'phase': 'estimating', 'ready': True, 'total_seen': 6000, 'epoch_index': 0, 'epoch_seen': 6000, 'calibration_count': 512, 'effective_n': 5488, 'serving_epoch': 0, 'serving_n': 5488, 'basis_rank': 20, 'parallel_radius': 15.530796015379408, 'residual_radius': 12.525207185989547, 'marginal_clipped_coordinates': 89195, 'parallel_clipped_rows': 22, 'residual_clipped_rows': 1372, 'state_bytes': 100800, 'calibration_peak_state_bytes_bound': 5208512, 'epoch_history': []}",5488,0.633876519,20,89195,3.0,0.21683060109289617,dual_bound,6000,336000,200,22,4.0,10,1372,1.5,casewise_cauchy,517,strong,100800,completed,0.5202237265768165,9465.565958280906,retention_audit,3.1629926156174615,0.9041764229413318
0,512,0.0018611895652301536,2.1940597612137243,0.9959398826088813,0,109837,"{'effective_n': 6000, 'trim_mode': 'iqr'}",6000,1.228476328,20,0,3.0,0.2380800640949771,sketch_iqr,6000,336000,200,0,4.0,10,0,1.5,cellwise_cauchy,517,strong,184024,completed,0.8041496028372661,4884.098995841619,retention_audit,3.0827928011377934,0.9970177678384637
0,512,0.0014997757216122726,2.192462550458476,0.9959142253498685,0,109837,"{'effective_n': 6000, 'trim_mode': 'mad'}",6000,1.205875174,20,0,3.0,0.2366051512696086,sketch_mad,6000,336000,200,0,4.0,10,0,1.5,cellwise_cauchy,517,strong,184024,completed,0.8027654483916324,4975.639377413702,retention_audit,3.0774235847751403,0.9969897694349428
5208512,512,0.0032102842483470225,2.8817192795879283,0.9631352369892214,0,109837,"{'phase': 'estimating', 'ready': True, 'total_seen': 6000, 'epoch_index': 0, 'epoch_seen': 6000, 'calibration_count': 512, 'effective_n': 5488, 'serving_epoch': 0, 'serving_n': 5488, 'basis_rank': 20, 'parallel_radius': 15.530796015379408, 'residual_radius': 12.525207185989547, 'marginal_clipped_coordinates': 89206, 'parallel_clipped_rows': 1, 'residual_clipped_rows': 5486, 'state_bytes': 100800, 'calibration_peak_state_bytes_bound': 5208512, 'epoch_history': []}",5488,0.570634209,20,89206,3.0,0.21670293252729045,dual_bound,6000,336000,200,1,4.0,10,5486,1.5,cellwise_cauchy,517,strong,100800,completed,0.6180880113028261,10514.616728840385,retention_audit,3.421191687538416,0.9653138555726513
0,512,0.004402861860209136,4.297613011768223,1.0136669593085035,0,109800,"{'effective_n': 6000, 'trim_mode': 'iqr'}",6000,1.220983965,20,0,3.0,1.0,sketch_iqr,6000,336000,200,0,4.0,10,0,1.5,bounded_out_of_subspace,517,strong,184024,completed,0.5578384721882388,4914.069448897308,retention_audit,3.218671958883836,0.7024153682501839
0,512,0.003880939277196845,4.296483143358824,1.013523594002802,0,109800,"{'effective_n': 6000, 'trim_mode': 'mad'}",6000,1.146476113,20,0,3.0,1.0,sketch_mad,6000,336000,200,0,4.0,10,0,1.5,bounded_out_of_subspace,517,strong,184024,completed,0.5578359652547156,5233.427833310645,retention_audit,3.2181845333458354,0.7025375978826394
5208512,512,0.003242559222514679,4.2642332916233965,1.0013455557493023,0,109800,"{'phase': 'estimating', 'ready': True, 'total_seen': 6000, 'epoch_index': 0, 'epoch_seen': 6000, 'calibration_count': 512, 'effective_n': 5488, 'serving_epoch': 0, 'serving_n': 5488, 'basis_rank': 20, 'parallel_radius': 15.530796015379408, 'residual_radius': 12.525207185989547, 'marginal_clipped_coordinates': 3203, 'parallel_clipped_rows': 0, 'residual_clipped_rows': 1372, 'state_bytes': 100800, 'calibration_peak_state_bytes_bound': 5208512, 'epoch_history': []}",5488,0.556656702,20,3203,3.0,1.0,dual_bound,6000,336000,200,0,4.0,10,1372,1.5,bounded_out_of_subspace,517,strong,100800,completed,0.5648983035489901,10778.636057812164,retention_audit,3.223149322147684,0.7327799585503578
0,512,0.0039955971381397904,5.3621015612197604,1.0351288796405018,0,109800,"{'effective_n': 6000, 'trim_mode': 'iqr'}",6000,1.234063973,20,0,3.0,1.0,sketch_iqr,6000,336000,200,0,4.0,10,0,1.5,in_subspace_leverage,517,strong,184024,completed,0.5532373505301947,4861.984573955308,retention_audit,3.417027818629429,0.5181511394818261
0,512,0.0034865162355531094,5.361246956903653,1.0351837050261035,0,109800,"{'effective_n': 6000, 'trim_mode': 'mad'}",6000,1.146785529,20,0,3.0,1.0,sketch_mad,6000,336000,200,0,4.0,10,0,1.5,in_subspace_leverage,517,strong,184024,completed,0.5531908224280121,5232.015793948862,retention_audit,3.416843554169803,0.5182518613661851
5208512,512,0.003242559222514679,5.548683203435418,1.0857236221293283,0,109800,"{'phase': 'estimating', 'ready': True, 'total_seen': 6000, 'epoch_index': 0, 'epoch_seen': 6000, 'calibration_count': 512, 'effective_n': 5488, 'serving_epoch': 0, 'serving_n': 5488, 'basis_rank': 20, 'parallel_radius': 15.530796015379408, 'residual_radius': 12.525207185989547, 'marginal_clipped_coordinates': 3203, 'parallel_clipped_rows': 0, 'residual_clipped_rows': 823, 'state_bytes': 100800, 'calibration_peak_state_bytes_bound': 5208512, 'epoch_history': []}",5488,0.631036735,20,3203,3.0,1.0,dual_bound,6000,336000,200,0,4.0,10,823,1.5,in_subspace_leverage,517,strong,100800,completed,0.5775676780155975,9508.162785483479,retention_audit,3.383646651781499,0.5157543246035106
0,512,0.0040598055402678405,4.261405509524952,0.9880182777318374,0,109800,"{'effective_n': 6000, 'trim_mode': 'iqr'}",6000,1.219763562,20,0,3.0,0.9606102003642987,sketch_iqr,6000,336000,200,0,4.0,10,0,1.5,mixed,517,strong,184024,completed,0.5614083938419366,4918.9860944542625,retention_audit,3.4305236364869462,0.7457139669728003
0,512,0.0036672170243991927,4.259900243367196,0.9878802825892639,0,109800,"{'effective_n': 6000, 'trim_mode': 'mad'}",6000,1.1415479,20,0,3.0,0.9606193078324226,sketch_mad,6000,336000,200,0,4.0,10,0,1.5,mixed,517,strong,184024,completed,0.5613694130517396,5256.02123222337,retention_audit,3.4290073491621498,0.7456626101679881
5208512,512,0.003242559222514679,3.8013642889442827,0.9428799001405339,0,109800,"{'phase': 'estimating', 'ready': True, 'total_seen': 6000, 'epoch_index': 0, 'epoch_seen': 6000, 'calibration_count': 512, 'effective_n': 5488, 'serving_epoch': 0, 'serving_n': 5488, 'basis_rank': 20, 'parallel_radius': 15.530796015379408, 'residual_radius': 12.525207185989547, 'marginal_clipped_coordinates': 7538, 'parallel_clipped_rows': 0, 'residual_clipped_rows': 1372, 'state_bytes': 100800, 'calibration_peak_state_bytes_bound': 5208512, 'epoch_history': []}",5488,0.611339811,20,7538,3.0,0.9605191256830601,dual_bound,6000,336000,200,0,4.0,10,1372,1.5,mixed,517,strong,100800,completed,0.5507031153724279,9814.508873854445,retention_audit,3.1730930621266724,0.8080727244740278
0,512,0.0034641666666666666,3.4296947489729357,0.9984235571836324,0,0,"{'effective_n': 6000, 'trim_mode': 'iqr'}",6000,1.245737346,20,0,3.0,,sketch_iqr,6000,336000,200,0,4.0,10,0,1.5,clean,517,weak,184024,completed,0.8976046202460674,4816.424601273854,retention_audit,3.4366811512452573,0.9984165651649994
0,512,0.0030183333333333334,3.429617958114276,0.9984237146024056,0,0,"{'effective_n': 6000, 'trim_mode': 'mad'}",6000,1.125304763,20,0,3.0,,sketch_mad,6000,336000,200,0,4.0,10,0,1.5,clean,517,weak,184024,completed,0.8976262554980258,5331.888922254567,retention_audit,3.4366335964211183,0.9984177207992306
5208512,512,0.003320881924198251,2.7649173884956553,0.9967006990488255,0,0,"{'phase': 'estimating', 'ready': True, 'total_seen': 6000, 'epoch_index': 0, 'epoch_seen': 6000, 'calibration_count': 512, 'effective_n': 5488, 'serving_epoch': 0, 'serving_n': 5488, 'basis_rank': 20, 'parallel_radius': 8.374520765661863, 'residual_radius': 14.477238304419375, 'marginal_clipped_coordinates': 3645, 'parallel_clipped_rows': 0, 'residual_clipped_rows': 386, 'state_bytes': 100800, 'calibration_peak_state_bytes_bound': 5208512, 'epoch_history': []}",5488,0.623065189,20,3645,3.0,,dual_bound,6000,336000,200,0,4.0,10,386,1.5,clean,517,weak,100800,completed,0.9058333301572412,9629.810982747746,retention_audit,2.763532942382635,0.9966948101601616
0,512,0.0019088240689781693,3.859983991182333,0.9904444780084026,0,109800,"{'effective_n': 6000, 'trim_mode': 'iqr'}",6000,1.206271295,20,0,3.0,0.2117304189435337,sketch_iqr,6000,336000,200,0,4.0,10,0,1.5,casewise_cauchy,517,weak,184024,completed,0.9767434916471999,4974.005453723409,retention_audit,3.8431440669108996,0.9929758356268071
0,512,0.0015199046046596955,3.8700056444542263,0.9905897053018936,0,109800,"{'effective_n': 6000, 'trim_mode': 'mad'}",6000,1.16873153,20,0,3.0,0.2104007285974499,sketch_mad,6000,336000,200,0,4.0,10,0,1.5,casewise_cauchy,517,weak,184024,completed,0.9767183059578634,5133.770969625505,retention_audit,3.8548169366201863,0.9930510033389728
5208512,512,0.003331646082202875,2.735940748651494,0.9965084432835767,0,109800,"{'phase': 'estimating', 'ready': True, 'total_seen': 6000, 'epoch_index': 0, 'epoch_seen': 6000, 'calibration_count': 512, 'effective_n': 5488, 'serving_epoch': 0, 'serving_n': 5488, 'basis_rank': 20, 'parallel_radius': 8.374520765661863, 'residual_radius': 14.477238304419375, 'marginal_clipped_coordinates': 91979, 'parallel_clipped_rows': 547, 'residual_clipped_rows': 898, 'state_bytes': 100800, 'calibration_peak_state_bytes_bound': 5208512, 'epoch_history': []}",5488,0.643626075,20,91979,3.0,0.1922768670309654,dual_bound,6000,336000,200,547,4.0,10,898,1.5,casewise_cauchy,517,weak,100800,completed,0.9147677633879104,9322.182914979012,retention_audit,2.752518310614283,0.996588590745839
0,512,0.0019123475281188462,3.3271763937243763,0.9973394458221061,0,109717,"{'effective_n': 6000, 'trim_mode': 'iqr'}",6000,1.193902461,20,0,3.0,0.21328508799912502,sketch_iqr,6000,336000,200,0,4.0,10,0,1.5,cellwise_cauchy,517,weak,184024,completed,0.950513401945475,5025.536168988599,retention_audit,3.4504392385142624,0.9983702035770381
0,512,0.0015280436363769774,3.325309952265073,0.9973486106583613,0,109717,"{'effective_n': 6000, 'trim_mode': 'mad'}",6000,1.133061516,20,0,3.0,0.21201819225826443,sketch_mad,6000,336000,200,0,4.0,10,0,1.5,cellwise_cauchy,517,weak,184024,completed,0.9503890991743594,5295.3876866117125,retention_audit,3.448087072054726,0.998367032621197
5208512,512,0.0033070717888656854,2.7994698352363674,0.9964038750577227,0,109717,"{'phase': 'estimating', 'ready': True, 'total_seen': 6000, 'epoch_index': 0, 'epoch_seen': 6000, 'calibration_count': 512, 'effective_n': 5488, 'serving_epoch': 0, 'serving_n': 5488, 'basis_rank': 20, 'parallel_radius': 8.374520765661863, 'residual_radius': 14.477238304419375, 'marginal_clipped_coordinates': 91865, 'parallel_clipped_rows': 51, 'residual_clipped_rows': 5481, 'state_bytes': 100800, 'calibration_peak_state_bytes_bound': 5208512, 'epoch_history': []}",5488,0.576866344,20,91865,3.0,0.19248612339017654,dual_bound,6000,336000,200,51,4.0,10,5481,1.5,cellwise_cauchy,517,weak,100800,completed,0.9485412756761815,10401.022806073082,retention_audit,2.855368902898112,0.9968250181257816
0,512,0.004968813061823518,10.299357094280142,1.0439859715127167,0,109800,"{'effective_n': 6000, 'trim_mode': 'iqr'}",6000,1.191564588,20,0,3.0,1.0,sketch_iqr,6000,336000,200,0,4.0,10,0,1.5,bounded_out_of_subspace,517,weak,184024,completed,0.93152601362253,5035.396369130768,retention_audit,8.158681578713264,0.8299117182409719
0,512,0.004431297009722987,10.299947495229135,1.0439756841929029,0,109800,"{'effective_n': 6000, 'trim_mode': 'mad'}",6000,1.119065066,20,0,3.0,1.0,sketch_mad,6000,336000,200,0,4.0,10,0,1.5,bounded_out_of_subspace,517,weak,184024,completed,0.9314936337449239,5361.618535235376,retention_audit,8.161061995471005,0.8300742128854868
5208512,512,0.003331646082202875,9.282401478657414,1.0518255824603944,0,109800,"{'phase': 'estimating', 'ready': True, 'total_seen': 6000, 'epoch_index': 0, 'epoch_seen': 6000, 'calibration_count': 512, 'effective_n': 5488, 'serving_epoch': 0, 'serving_n': 5488, 'basis_rank': 20, 'parallel_radius': 8.374520765661863, 'residual_radius': 14.477238304419375, 'marginal_clipped_coordinates': 3291, 'parallel_clipped_rows': 0, 'residual_clipped_rows': 349, 'state_bytes': 100800, 'calibration_peak_state_bytes_bound': 5208512, 'epoch_history': []}",5488,0.645512717,20,3291,3.0,1.0,dual_bound,6000,336000,200,0,4.0,10,349,1.5,bounded_out_of_subspace,517,weak,100800,completed,0.928803904919825,9294.936942349968,retention_audit,7.033223862020349,0.813408700096165
0,512,0.004697303247110622,10.880402049121829,1.1448730028177254,0,109800,"{'effective_n': 6000, 'trim_mode': 'iqr'}",6000,1.214030637,20,0,3.0,1.0,sketch_iqr,6000,336000,200,0,4.0,10,0,1.5,in_subspace_leverage,517,weak,184024,completed,0.9097363741768726,4942.214650222209,retention_audit,7.3397819050613435,0.6568959621483451
0,512,0.004147862777472024,10.880305687349756,1.1448412522656033,0,109800,"{'effective_n': 6000, 'trim_mode': 'mad'}",6000,1.186298312,20,0,3.0,1.0,sketch_mad,6000,336000,200,0,4.0,10,0,1.5,in_subspace_leverage,517,weak,184024,completed,0.909731451724791,5057.749757634318,retention_audit,7.3415854336014865,0.6571439798785073
5208512,512,0.003331646082202875,10.031702936508276,1.1765804387496839,0,109800,"{'phase': 'estimating', 'ready': True, 'total_seen': 6000, 'epoch_index': 0, 'epoch_seen': 6000, 'calibration_count': 512, 'effective_n': 5488, 'serving_epoch': 0, 'serving_n': 5488, 'basis_rank': 20, 'parallel_radius': 8.374520765661863, 'residual_radius': 14.477238304419375, 'marginal_clipped_coordinates': 3291, 'parallel_clipped_rows': 0, 'residual_clipped_rows': 349, 'state_bytes': 100800, 'calibration_peak_state_bytes_bound': 5208512, 'epoch_history': []}",5488,0.64491772,20,3291,3.0,1.0,dual_bound,6000,336000,200,0,4.0,10,349,1.5,in_subspace_leverage,517,weak,100800,completed,0.9107771280798727,9303.512392247494,retention_audit,6.406110746371375,0.6398568968932629
0,512,0.004580810860392588,10.014674363975216,1.0244112322293377,0,109800,"{'effective_n': 6000, 'trim_mode': 'iqr'}",6000,1.179788148,20,0,3.0,0.9606648451730418,sketch_iqr,6000,336000,200,0,4.0,10,0,1.5,mixed,517,weak,184024,completed,0.9310993618430112,5085.658819484936,retention_audit,8.308786718863898,0.8694797606567362
0,512,0.004167125298110438,10.017386076301147,1.0244485667428596,0,109800,"{'effective_n': 6000, 'trim_mode': 'mad'}",6000,1.147252058,20,0,3.0,0.9606284153005464,sketch_mad,6000,336000,200,0,4.0,10,0,1.5,mixed,517,weak,184024,completed,0.9310643087496308,5229.88819951195,retention_audit,8.311684924265604,0.8694802607684204
5208512,512,0.003331646082202875,8.81487092358809,1.0215850327247138,0,109800,"{'phase': 'estimating', 'ready': True, 'total_seen': 6000, 'epoch_index': 0, 'epoch_seen': 6000, 'calibration_count': 512, 'effective_n': 5488, 'serving_epoch': 0, 'serving_n': 5488, 'basis_rank': 20, 'parallel_radius': 8.374520765661863, 'residual_radius': 14.477238304419375, 'marginal_clipped_coordinates': 7603, 'parallel_clipped_rows': 0, 'residual_clipped_rows': 570, 'state_bytes': 100800, 'calibration_peak_state_bytes_bound': 5208512, 'epoch_history': []}",5488,0.65288341,20,7603,3.0,0.9607285974499089,dual_bound,6000,336000,200,0,4.0,10,570,1.5,mixed,517,weak,100800,completed,0.9269838462319756,9190.002239450378,retention_audit,7.107231696469631,0.8685900188995246
0,512,0.0033875,3.249644255170103,0.8450624442545757,0,0,"{'effective_n': 6000, 'trim_mode': 'iqr'}",6000,1.202457295,20,0,3.0,,sketch_iqr,6000,336000,200,0,4.0,10,0,1.5,clean,518,strong,184024,completed,0.5269221587902,4989.782194302376,retention_audit,3.249876341263608,0.8443462902242876
0,512,0.0030058333333333334,3.2496671759266698,0.8449859315119761,0,0,"{'effective_n': 6000, 'trim_mode': 'mad'}",6000,1.221088332,20,0,3.0,,sketch_mad,6000,336000,200,0,4.0,10,0,1.5,clean,518,strong,184024,completed,0.5269615136841067,4913.649441046333,retention_audit,3.249974473539296,0.8443592826542982
5208512,512,0.003181486880466472,3.2063008346651016,0.8624706007632714,0,0,"{'phase': 'estimating', 'ready': True, 'total_seen': 6000, 'epoch_index': 0, 'epoch_seen': 6000, 'calibration_count': 512, 'effective_n': 5488, 'serving_epoch': 0, 'serving_n': 5488, 'basis_rank': 20, 'parallel_radius': 15.631541761717552, 'residual_radius': 12.402023899936154, 'marginal_clipped_coordinates': 3492, 'parallel_clipped_rows': 0, 'residual_clipped_rows': 728, 'state_bytes': 100800, 'calibration_peak_state_bytes_bound': 5208512, 'epoch_history': []}",5488,0.670314405,20,3492,3.0,,dual_bound,6000,336000,200,0,4.0,10,728,1.5,clean,518,strong,100800,completed,0.5326297088611558,8951.023512615697,retention_audit,3.199985370147516,0.8657511293242633
0,512,0.0018932305998899284,2.3497345945294823,0.9923052848446695,0,109800,"{'effective_n': 6000, 'trim_mode': 'iqr'}",6000,1.164858821,20,0,3.0,0.23605646630236793,sketch_iqr,6000,336000,200,0,4.0,10,0,1.5,casewise_cauchy,518,strong,184024,completed,0.9511796487908167,5150.838789930922,retention_audit,2.966118877826282,0.9921259785575294
0,512,0.0015391671252981104,2.3452280040904356,0.9922712172121211,0,109800,"{'effective_n': 6000, 'trim_mode': 'mad'}",6000,1.223613035,20,0,3.0,0.2345264116575592,sketch_mad,6000,336000,200,0,4.0,10,0,1.5,casewise_cauchy,518,strong,184024,completed,0.9505728288260983,4903.511018906398,retention_audit,2.9573657660677917,0.9921117142699705
5208512,512,0.003202065195383681,3.1473075194284896,0.8892154830245441,0,109800,"{'phase': 'estimating', 'ready': True, 'total_seen': 6000, 'epoch_index': 0, 'epoch_seen': 6000, 'calibration_count': 512, 'effective_n': 5488, 'serving_epoch': 0, 'serving_n': 5488, 'basis_rank': 20, 'parallel_radius': 15.631541761717552, 'residual_radius': 12.402023899936154, 'marginal_clipped_coordinates': 89287, 'parallel_clipped_rows': 17, 'residual_clipped_rows': 1215, 'state_bytes': 100800, 'calibration_peak_state_bytes_bound': 5208512, 'epoch_history': []}",5488,0.644927694,20,89287,3.0,0.21562841530054644,dual_bound,6000,336000,200,17,4.0,10,1215,1.5,casewise_cauchy,518,strong,100800,completed,0.5531557858323188,9303.368510641132,retention_audit,3.2772849835983076,0.8971951967962961
0,512,0.0018942345953617842,2.2040629274598973,0.9949377506767001,0,109322,"{'effective_n': 6000, 'trim_mode': 'iqr'}",6000,1.209429169,20,0,3.0,0.2369788331717312,sketch_iqr,6000,336000,200,0,4.0,10,0,1.5,cellwise_cauchy,518,strong,184024,completed,0.7974884319383599,4961.01810159004,retention_audit,3.161835682036582,0.9964755707563413
0,512,0.0015559129275551538,2.2054643961351084,0.994901180484587,0,109322,"{'effective_n': 6000, 'trim_mode': 'mad'}",6000,1.175674786,20,0,3.0,0.23526829000567132,sketch_mad,6000,336000,200,0,4.0,10,0,1.5,cellwise_cauchy,518,strong,184024,completed,0.7959172537181272,5103.452137826149,retention_audit,3.1598551145217333,0.9964355910756594
5208512,512,0.0031964690097320793,3.245599191116804,0.9537133587010289,0,109322,"{'phase': 'estimating', 'ready': True, 'total_seen': 6000, 'epoch_index': 0, 'epoch_seen': 6000, 'calibration_count': 512, 'effective_n': 5488, 'serving_epoch': 0, 'serving_n': 5488, 'basis_rank': 20, 'parallel_radius': 15.631541761717552, 'residual_radius': 12.402023899936154, 'marginal_clipped_coordinates': 88876, 'parallel_clipped_rows': 0, 'residual_clipped_rows': 5488, 'state_bytes': 100800, 'calibration_peak_state_bytes_bound': 5208512, 'epoch_history': []}",5488,0.672687654,20,88876,3.0,0.21592177237884416,dual_bound,6000,336000,200,0,4.0,10,5488,1.5,cellwise_cauchy,518,strong,100800,completed,0.6247011902703289,8919.444209095,retention_audit,3.820563312144031,0.9565372436587634
0,512,0.00497156485048615,3.5974280417195432,0.9055916472447586,0,109800,"{'effective_n': 6000, 'trim_mode': 'iqr'}",6000,1.215643749,20,0,3.0,1.0,sketch_iqr,6000,336000,200,0,4.0,10,0,1.5,bounded_out_of_subspace,518,strong,184024,completed,0.5698423101874764,4935.656523496836,retention_audit,3.1206551203008255,0.8118654997095048
0,512,0.004450559530361401,3.596487661573268,0.9054887191843701,0,109800,"{'effective_n': 6000, 'trim_mode': 'mad'}",6000,1.14512009,20,0,3.0,1.0,sketch_mad,6000,336000,200,0,4.0,10,0,1.5,bounded_out_of_subspace,518,strong,184024,completed,0.569806397446216,5239.6251296228675,retention_audit,3.120242554147032,0.8119746764252079
5208512,512,0.003202065195383681,3.745965447197889,0.9252312135536919,0,109800,"{'phase': 'estimating', 'ready': True, 'total_seen': 6000, 'epoch_index': 0, 'epoch_seen': 6000, 'calibration_count': 512, 'effective_n': 5488, 'serving_epoch': 0, 'serving_n': 5488, 'basis_rank': 20, 'parallel_radius': 15.631541761717552, 'residual_radius': 12.402023899936154, 'marginal_clipped_coordinates': 3163, 'parallel_clipped_rows': 0, 'residual_clipped_rows': 666, 'state_bytes': 100800, 'calibration_peak_state_bytes_bound': 5208512, 'epoch_history': []}",5488,0.610004291,20,3163,3.0,1.0,dual_bound,6000,336000,200,0,4.0,10,666,1.5,bounded_out_of_subspace,518,strong,100800,completed,0.583320626114959,9835.996383179541,retention_audit,3.164459394888838,0.8159174358550291
0,512,0.0038552559163456245,5.338902284529224,1.1115249840074228,0,109800,"{'effective_n': 6000, 'trim_mode': 'iqr'}",6000,1.199363757,20,0,3.0,1.0,sketch_iqr,6000,336000,200,0,4.0,10,0,1.5,in_subspace_leverage,518,strong,184024,completed,0.6109476995708668,5002.652418819089,retention_audit,3.1415349517062268,0.47933160366701927
0,512,0.0033718583746101633,5.338224551757772,1.11150275963621,0,109800,"{'effective_n': 6000, 'trim_mode': 'mad'}",6000,1.186435436,20,0,3.0,1.0,sketch_mad,6000,336000,200,0,4.0,10,0,1.5,in_subspace_leverage,518,strong,184024,completed,0.6109089454216624,5057.165200854638,retention_audit,3.1421645341269087,0.4795520640066393
5208512,512,0.003202065195383681,5.508474775319258,1.172395095652261,0,109800,"{'phase': 'estimating', 'ready': True, 'total_seen': 6000, 'epoch_index': 0, 'epoch_seen': 6000, 'calibration_count': 512, 'effective_n': 5488, 'serving_epoch': 0, 'serving_n': 5488, 'basis_rank': 20, 'parallel_radius': 15.631541761717552, 'residual_radius': 12.402023899936154, 'marginal_clipped_coordinates': 3163, 'parallel_clipped_rows': 0, 'residual_clipped_rows': 666, 'state_bytes': 100800, 'calibration_peak_state_bytes_bound': 5208512, 'epoch_history': []}",5488,0.648521006,20,3163,3.0,1.0,dual_bound,6000,336000,200,0,4.0,10,666,1.5,in_subspace_leverage,518,strong,100800,completed,0.6227292517020862,9251.820595615372,retention_audit,3.092605170130273,0.4760426972610928
0,512,0.004571638231517153,3.5153706482017775,0.9042842252084307,0,109800,"{'effective_n': 6000, 'trim_mode': 'iqr'}",6000,1.186908416,20,0,3.0,0.9614936247723133,sketch_iqr,6000,336000,200,0,4.0,10,0,1.5,mixed,518,strong,184024,completed,0.5809314013071116,5055.14993332055,retention_audit,3.218423281262139,0.8389378616684434
0,512,0.0041496973032471105,3.514244933490611,0.9041538858656822,0,109800,"{'effective_n': 6000, 'trim_mode': 'mad'}",6000,1.156916442,20,0,3.0,0.9614389799635701,sketch_mad,6000,336000,200,0,4.0,10,0,1.5,mixed,518,strong,184024,completed,0.5808896201399799,5186.199955484772,retention_audit,3.2174141773701908,0.8389205124867882
5208512,512,0.003202065195383681,3.356024718622869,0.9091708244907195,0,109800,"{'phase': 'estimating', 'ready': True, 'total_seen': 6000, 'epoch_index': 0, 'epoch_seen': 6000, 'calibration_count': 512, 'effective_n': 5488, 'serving_epoch': 0, 'serving_n': 5488, 'basis_rank': 20, 'parallel_radius': 15.631541761717552, 'residual_radius': 12.402023899936154, 'marginal_clipped_coordinates': 7391, 'parallel_clipped_rows': 0, 'residual_clipped_rows': 940, 'state_bytes': 100800, 'calibration_peak_state_bytes_bound': 5208512, 'epoch_history': []}",5488,0.620406506,20,7391,3.0,0.9614936247723133,dual_bound,6000,336000,200,0,4.0,10,940,1.5,mixed,518,strong,100800,completed,0.5776792846556044,9671.078465447297,retention_audit,3.06331537064793,0.8607571578698742
0,512,0.0034833333333333335,3.342598634838521,0.9982003777216243,0,0,"{'effective_n': 6000, 'trim_mode': 'iqr'}",6000,1.226232197,20,0,3.0,,sketch_iqr,6000,336000,200,0,4.0,10,0,1.5,clean,518,weak,184024,completed,0.9146375563531765,4893.037399180279,retention_audit,3.348936827141941,0.9981961958703949
0,512,0.002965,3.342602804136043,0.9982000540243469,0,0,"{'effective_n': 6000, 'trim_mode': 'mad'}",6000,1.217111719,20,0,3.0,,sketch_mad,6000,336000,200,0,4.0,10,0,1.5,clean,518,weak,184024,completed,0.9145976040683856,4929.703581302876,retention_audit,3.3489759701735626,0.9981968263532933
5208512,512,0.00317966472303207,2.7598565337276573,0.9966194312765942,0,0,"{'phase': 'estimating', 'ready': True, 'total_seen': 6000, 'epoch_index': 0, 'epoch_seen': 6000, 'calibration_count': 512, 'effective_n': 5488, 'serving_epoch': 0, 'serving_n': 5488, 'basis_rank': 20, 'parallel_radius': 7.875224416877508, 'residual_radius': 14.369644706722921, 'marginal_clipped_coordinates': 3490, 'parallel_clipped_rows': 1, 'residual_clipped_rows': 412, 'state_bytes': 100800, 'calibration_peak_state_bytes_bound': 5208512, 'epoch_history': []}",5488,0.534837532,20,3490,3.0,,dual_bound,6000,336000,200,1,4.0,10,412,1.5,clean,518,weak,100800,completed,0.9108391271133746,11218.36004583164,retention_audit,2.758375673961704,0.9965871542861636
0,512,0.001964777105118327,3.799612897692577,0.9894923669605834,0,109800,"{'effective_n': 6000, 'trim_mode': 'iqr'}",6000,1.243660684,20,0,3.0,0.2124863387978142,sketch_iqr,6000,336000,200,0,4.0,10,0,1.5,casewise_cauchy,518,weak,184024,completed,0.9675843097036966,4824.4670569645505,retention_audit,3.77395876878238,0.9923113506233586
0,512,0.0014859658778205835,3.80743317541273,0.9896160452479601,0,109800,"{'effective_n': 6000, 'trim_mode': 'mad'}",6000,1.18291186,20,0,3.0,0.21145719489981785,sketch_mad,6000,336000,200,0,4.0,10,0,1.5,casewise_cauchy,518,weak,184024,completed,0.9675555805498699,5072.229134637301,retention_audit,3.783174781830212,0.9923733604316588
5208512,512,0.0031899169872443814,2.7773541711317686,0.9966677805342654,0,109800,"{'phase': 'estimating', 'ready': True, 'total_seen': 6000, 'epoch_index': 0, 'epoch_seen': 6000, 'calibration_count': 512, 'effective_n': 5488, 'serving_epoch': 0, 'serving_n': 5488, 'basis_rank': 20, 'parallel_radius': 7.875224416877508, 'residual_radius': 14.369644706722921, 'marginal_clipped_coordinates': 91758, 'parallel_clipped_rows': 550, 'residual_clipped_rows': 924, 'state_bytes': 100800, 'calibration_peak_state_bytes_bound': 5208512, 'epoch_history': []}",5488,0.598062952,20,91758,3.0,0.19301457194899818,dual_bound,6000,336000,200,550,4.0,10,924,1.5,casewise_cauchy,518,weak,100800,completed,0.9194002085729132,10032.388697435985,retention_audit,2.7932494288161553,0.9967008297021429
0,512,0.0019203116517247957,3.4113352177928293,0.9973766590411917,0,109552,"{'effective_n': 6000, 'trim_mode': 'iqr'}",6000,1.200085363,20,0,3.0,0.2109683072878633,sketch_iqr,6000,336000,200,0,4.0,10,0,1.5,cellwise_cauchy,518,weak,184024,completed,0.9527239335893442,4999.644346133068,retention_audit,3.5331561086297643,0.9983803980259084
0,512,0.0014562821886050503,3.4114693612701967,0.9973852949281674,0,109552,"{'effective_n': 6000, 'trim_mode': 'mad'}",6000,1.15252585,20,0,3.0,0.20984555279684533,sketch_mad,6000,336000,200,0,4.0,10,0,1.5,cellwise_cauchy,518,weak,184024,completed,0.952653808039441,5205.95698569364,retention_audit,3.5329685104538537,0.9983779185215891
5208512,512,0.00318101954560912,2.793909725898705,0.9964622213535332,0,109552,"{'phase': 'estimating', 'ready': True, 'total_seen': 6000, 'epoch_index': 0, 'epoch_seen': 6000, 'calibration_count': 512, 'effective_n': 5488, 'serving_epoch': 0, 'serving_n': 5488, 'basis_rank': 20, 'parallel_radius': 7.875224416877508, 'residual_radius': 14.369644706722921, 'marginal_clipped_coordinates': 91709, 'parallel_clipped_rows': 125, 'residual_clipped_rows': 5477, 'state_bytes': 100800, 'calibration_peak_state_bytes_bound': 5208512, 'epoch_history': []}",5488,0.596450496,20,91709,3.0,0.1915619979553089,dual_bound,6000,336000,200,125,4.0,10,5477,1.5,cellwise_cauchy,518,weak,100800,completed,0.9461964008370234,10059.51045432612,retention_audit,2.8455689217357074,0.9968676739049992
0,512,0.005495321959273528,9.140457580109727,1.0033199642886395,0,109800,"{'effective_n': 6000, 'trim_mode': 'iqr'}",6000,1.169696931,20,0,3.0,1.0,sketch_iqr,6000,336000,200,0,4.0,10,0,1.5,bounded_out_of_subspace,518,weak,184024,completed,0.9260271124024284,5129.53384845634,retention_audit,7.864839203402229,0.9215962679129324
0,512,0.004832140891579527,9.138986734476724,1.0033069827384353,0,109800,"{'effective_n': 6000, 'trim_mode': 'mad'}",6000,1.18027041,20,0,3.0,1.0,sketch_mad,6000,336000,200,0,4.0,10,0,1.5,bounded_out_of_subspace,518,weak,184024,completed,0.9260109597916232,5083.580804165038,retention_audit,7.865002779702371,0.9217343801334779
5208512,512,0.0031899169872443814,8.150729986720874,1.0050663206467219,0,109800,"{'phase': 'estimating', 'ready': True, 'total_seen': 6000, 'epoch_index': 0, 'epoch_seen': 6000, 'calibration_count': 512, 'effective_n': 5488, 'serving_epoch': 0, 'serving_n': 5488, 'basis_rank': 20, 'parallel_radius': 7.875224416877508, 'residual_radius': 14.369644706722921, 'marginal_clipped_coordinates': 3151, 'parallel_clipped_rows': 1, 'residual_clipped_rows': 375, 'state_bytes': 100800, 'calibration_peak_state_bytes_bound': 5208512, 'epoch_history': []}",5488,0.650774848,20,3151,3.0,1.0,dual_bound,6000,336000,200,1,4.0,10,375,1.5,bounded_out_of_subspace,518,weak,100800,completed,0.9259996874255337,9219.778573863998,retention_audit,6.781768068445036,0.9039287662527289
0,512,0.005047697670152266,10.878327926834455,1.0772364203629512,0,109800,"{'effective_n': 6000, 'trim_mode': 'iqr'}",6000,1.196627906,20,0,3.0,1.0,sketch_iqr,6000,336000,200,0,4.0,10,0,1.5,in_subspace_leverage,518,weak,184024,completed,0.9095113794552272,5014.089985630002,retention_audit,7.811753610253686,0.7133257150991408
0,512,0.004395523757108787,10.878492041672633,1.0771970242455722,0,109800,"{'effective_n': 6000, 'trim_mode': 'mad'}",6000,1.147500443,20,0,3.0,1.0,sketch_mad,6000,336000,200,0,4.0,10,0,1.5,in_subspace_leverage,518,weak,184024,completed,0.909481257227961,5228.756151338584,retention_audit,7.814108522208217,0.7135874078263169
5208512,512,0.0031899169872443814,10.053519321045403,1.0937980820573892,0,109800,"{'phase': 'estimating', 'ready': True, 'total_seen': 6000, 'epoch_index': 0, 'epoch_seen': 6000, 'calibration_count': 512, 'effective_n': 5488, 'serving_epoch': 0, 'serving_n': 5488, 'basis_rank': 20, 'parallel_radius': 7.875224416877508, 'residual_radius': 14.369644706722921, 'marginal_clipped_coordinates': 3151, 'parallel_clipped_rows': 550, 'residual_clipped_rows': 375, 'state_bytes': 100800, 'calibration_peak_state_bytes_bound': 5208512, 'epoch_history': []}",5488,0.638076821,20,3151,3.0,1.0,dual_bound,6000,336000,200,550,4.0,10,375,1.5,in_subspace_leverage,518,weak,100800,completed,0.9059886412887376,9403.256477169542,retention_audit,6.8913376351691475,0.7015473979766184
0,512,0.005055953036140158,8.542972941413074,0.9987616923959446,0,109800,"{'effective_n': 6000, 'trim_mode': 'iqr'}",6000,1.186146507,20,0,3.0,0.9591712204007286,sketch_iqr,6000,336000,200,0,4.0,10,0,1.5,mixed,518,weak,184024,completed,0.9261917900703782,5058.39705684856,retention_audit,7.576698667262436,0.9470428300291361
0,512,0.004532195927352779,8.540808960843203,0.9987615911401885,0,109800,"{'effective_n': 6000, 'trim_mode': 'mad'}",6000,1.180713074,20,0,3.0,0.9591712204007286,sketch_mad,6000,336000,200,0,4.0,10,0,1.5,mixed,518,weak,184024,completed,0.9262022681697122,5081.674906565827,retention_audit,7.575401639589564,0.9470742594277792
5208512,512,0.0031899169872443814,7.408992323539066,0.9979111094067035,0,109800,"{'phase': 'estimating', 'ready': True, 'total_seen': 6000, 'epoch_index': 0, 'epoch_seen': 6000, 'calibration_count': 512, 'effective_n': 5488, 'serving_epoch': 0, 'serving_n': 5488, 'basis_rank': 20, 'parallel_radius': 7.875224416877508, 'residual_radius': 14.369644706722921, 'marginal_clipped_coordinates': 7607, 'parallel_clipped_rows': 1, 'residual_clipped_rows': 525, 'state_bytes': 100800, 'calibration_peak_state_bytes_bound': 5208512, 'epoch_history': []}",5488,0.677382361,20,7607,3.0,0.9594171220400729,dual_bound,6000,336000,200,1,4.0,10,525,1.5,mixed,518,weak,100800,completed,0.924197825448141,8857.626571708146,retention_audit,6.403656700537206,0.9393385508539986
0,512,0.003406666666666667,3.154240843117744,0.8577627095738825,0,0,"{'effective_n': 6000, 'trim_mode': 'iqr'}",6000,1.17805967,20,0,3.0,,sketch_iqr,6000,336000,200,0,4.0,10,0,1.5,clean,519,strong,184024,completed,0.47567659801721696,5093.120622659123,retention_audit,3.162490104237659,0.8568338869254448
0,512,0.0029633333333333334,3.1551668423524006,0.8575877873466209,0,0,"{'effective_n': 6000, 'trim_mode': 'mad'}",6000,1.19041505,20,0,3.0,,sketch_mad,6000,336000,200,0,4.0,10,0,1.5,clean,519,strong,184024,completed,0.4757121308577126,5040.25885761441,retention_audit,3.1629101719588877,0.8567181212703127
5208512,512,0.0031942419825072886,3.1343660986690147,0.8765369684702081,0,0,"{'phase': 'estimating', 'ready': True, 'total_seen': 6000, 'epoch_index': 0, 'epoch_seen': 6000, 'calibration_count': 512, 'effective_n': 5488, 'serving_epoch': 0, 'serving_n': 5488, 'basis_rank': 20, 'parallel_radius': 15.09054084847508, 'residual_radius': 12.575995207847155, 'marginal_clipped_coordinates': 3506, 'parallel_clipped_rows': 0, 'residual_clipped_rows': 724, 'state_bytes': 100800, 'calibration_peak_state_bytes_bound': 5208512, 'epoch_history': []}",5488,0.66819353,20,3506,3.0,,dual_bound,6000,336000,200,0,4.0,10,724,1.5,clean,519,strong,100800,completed,0.5026939246499845,8979.434446185074,retention_audit,3.1251204763545988,0.87913797755805
0,512,0.0019253348009539535,2.3359161015899286,0.9905670957834666,0,109800,"{'effective_n': 6000, 'trim_mode': 'iqr'}",6000,1.181534068,20,0,3.0,0.23654826958105646,sketch_iqr,6000,336000,200,0,4.0,10,0,1.5,casewise_cauchy,519,strong,184024,completed,0.9338959739824972,5078.143883025132,retention_audit,2.971432998608468,0.9912611293967964
0,512,0.001520821867547239,2.334619007782123,0.9905953088702317,0,109800,"{'effective_n': 6000, 'trim_mode': 'mad'}",6000,1.221145443,20,0,3.0,0.23518214936247722,sketch_mad,6000,336000,200,0,4.0,10,0,1.5,casewise_cauchy,519,strong,184024,completed,0.9329946391407598,4913.419637598402,retention_audit,2.9673049265509137,0.9912958590744099
5208512,512,0.0032142134035229803,3.1071887559551357,0.9039793242876255,0,109800,"{'phase': 'estimating', 'ready': True, 'total_seen': 6000, 'epoch_index': 0, 'epoch_seen': 6000, 'calibration_count': 512, 'effective_n': 5488, 'serving_epoch': 0, 'serving_n': 5488, 'basis_rank': 20, 'parallel_radius': 15.09054084847508, 'residual_radius': 12.575995207847155, 'marginal_clipped_coordinates': 89191, 'parallel_clipped_rows': 45, 'residual_clipped_rows': 1201, 'state_bytes': 100800, 'calibration_peak_state_bytes_bound': 5208512, 'epoch_history': []}",5488,0.652984911,20,89191,3.0,0.2166120218579235,dual_bound,6000,336000,200,45,4.0,10,1201,1.5,casewise_cauchy,519,strong,100800,completed,0.5511401748145032,9188.573731070486,retention_audit,3.249844221929669,0.910302163289828
0,512,0.001834456987896801,2.2436345670334847,0.9955020117498079,0,109214,"{'effective_n': 6000, 'trim_mode': 'iqr'}",6000,1.256973515,20,0,3.0,0.2377534015785522,sketch_iqr,6000,336000,200,0,4.0,10,0,1.5,cellwise_cauchy,519,strong,184024,completed,0.8168326204423686,4773.3702646869215,retention_audit,3.180499532075506,0.996785117173167
0,512,0.001441162611181295,2.243323779965661,0.9954848324774604,0,109214,"{'effective_n': 6000, 'trim_mode': 'mad'}",6000,1.14681438,20,0,3.0,0.23645320197044334,sketch_mad,6000,336000,200,0,4.0,10,0,1.5,cellwise_cauchy,519,strong,184024,completed,0.8159472364124741,5231.884169432895,retention_audit,3.176462170581955,0.9967621833240898
5208512,512,0.0032052254888272395,2.841544196919353,0.9670690200896908,0,109214,"{'phase': 'estimating', 'ready': True, 'total_seen': 6000, 'epoch_index': 0, 'epoch_seen': 6000, 'calibration_count': 512, 'effective_n': 5488, 'serving_epoch': 0, 'serving_n': 5488, 'basis_rank': 20, 'parallel_radius': 15.09054084847508, 'residual_radius': 12.575995207847155, 'marginal_clipped_coordinates': 88647, 'parallel_clipped_rows': 0, 'residual_clipped_rows': 5487, 'state_bytes': 100800, 'calibration_peak_state_bytes_bound': 5208512, 'epoch_history': []}",5488,0.627264972,20,88647,3.0,0.21732561759481386,dual_bound,6000,336000,200,0,4.0,10,5487,1.5,cellwise_cauchy,519,strong,100800,completed,0.638318031593406,9565.335652123742,retention_audit,3.4012088413265347,0.9687445557910628
0,512,0.004501926252063842,4.3407381958167495,1.003941924535031,0,109800,"{'effective_n': 6000, 'trim_mode': 'iqr'}",6000,1.163822416,20,0,3.0,1.0,sketch_iqr,6000,336000,200,0,4.0,10,0,1.5,bounded_out_of_subspace,519,strong,184024,completed,0.5694312244398979,5155.425705428242,retention_audit,3.3512119999825183,0.7205624279758848
0,512,0.003936892313337002,4.338731628860204,1.0037332901986635,0,109800,"{'effective_n': 6000, 'trim_mode': 'mad'}",6000,1.180015816,20,0,3.0,1.0,sketch_mad,6000,336000,200,0,4.0,10,0,1.5,bounded_out_of_subspace,519,strong,184024,completed,0.5693744383573067,5084.677610795684,retention_audit,3.3500552308750957,0.7206429998327064
5208512,512,0.0032142134035229803,4.4688314360347,1.018112441339233,0,109800,"{'phase': 'estimating', 'ready': True, 'total_seen': 6000, 'epoch_index': 0, 'epoch_seen': 6000, 'calibration_count': 512, 'effective_n': 5488, 'serving_epoch': 0, 'serving_n': 5488, 'basis_rank': 20, 'parallel_radius': 15.09054084847508, 'residual_radius': 12.575995207847155, 'marginal_clipped_coordinates': 3175, 'parallel_clipped_rows': 0, 'residual_clipped_rows': 1201, 'state_bytes': 100800, 'calibration_peak_state_bytes_bound': 5208512, 'epoch_history': []}",5488,0.750529198,20,3175,3.0,1.0,dual_bound,6000,336000,200,0,4.0,10,1201,1.5,bounded_out_of_subspace,519,strong,100800,completed,0.5934809904187208,7994.359201465738,retention_audit,3.386633304749183,0.7270520370080604
0,512,0.004582645386167676,4.823107857924609,0.9410362368739423,0,109800,"{'effective_n': 6000, 'trim_mode': 'iqr'}",6000,1.173989522,20,0,3.0,1.0,sketch_iqr,6000,336000,200,0,4.0,10,0,1.5,in_subspace_leverage,519,strong,184024,completed,0.5555304386672241,5110.778152243168,retention_audit,3.401815898913548,0.5842929938131578
0,512,0.0040350394423041645,4.822370347872418,0.941003116087096,0,109800,"{'effective_n': 6000, 'trim_mode': 'mad'}",6000,1.21153904,20,0,3.0,1.0,sketch_mad,6000,336000,200,0,4.0,10,0,1.5,in_subspace_leverage,519,strong,184024,completed,0.5555581968713399,4952.3785878167,retention_audit,3.4016997641802416,0.5844127470954587
5208512,512,0.0032142134035229803,4.983032885175186,0.973619250276167,0,109800,"{'phase': 'estimating', 'ready': True, 'total_seen': 6000, 'epoch_index': 0, 'epoch_seen': 6000, 'calibration_count': 512, 'effective_n': 5488, 'serving_epoch': 0, 'serving_n': 5488, 'basis_rank': 20, 'parallel_radius': 15.09054084847508, 'residual_radius': 12.575995207847155, 'marginal_clipped_coordinates': 3175, 'parallel_clipped_rows': 0, 'residual_clipped_rows': 652, 'state_bytes': 100800, 'calibration_peak_state_bytes_bound': 5208512, 'epoch_history': []}",5488,0.657357231,20,3175,3.0,1.0,dual_bound,6000,336000,200,0,4.0,10,652,1.5,in_subspace_leverage,519,strong,100800,completed,0.5976796536595037,9127.457213595328,retention_audit,3.387254399229125,0.586028397993614
0,512,0.004192808658961659,4.317338993177779,0.9839228011897214,0,109800,"{'effective_n': 6000, 'trim_mode': 'iqr'}",6000,1.215396799,20,0,3.0,0.9611111111111111,sketch_iqr,6000,336000,200,0,4.0,10,0,1.5,mixed,519,strong,184024,completed,0.5785076129101614,4936.659373248851,retention_audit,3.5621718933518576,0.760519306283934
0,512,0.003728673637864612,4.315129401153102,0.9837186509967176,0,109800,"{'effective_n': 6000, 'trim_mode': 'mad'}",6000,1.168503201,20,0,3.0,0.9611020036429873,sketch_mad,6000,336000,200,0,4.0,10,0,1.5,mixed,519,strong,184024,completed,0.5783916002703146,5134.7741237381515,retention_audit,3.560377180953808,0.7605006418459354
5208512,512,0.0032142134035229803,3.9742975897667487,0.9528597084475482,0,109800,"{'phase': 'estimating', 'ready': True, 'total_seen': 6000, 'epoch_index': 0, 'epoch_seen': 6000, 'calibration_count': 512, 'effective_n': 5488, 'serving_epoch': 0, 'serving_n': 5488, 'basis_rank': 20, 'parallel_radius': 15.09054084847508, 'residual_radius': 12.575995207847155, 'marginal_clipped_coordinates': 7467, 'parallel_clipped_rows': 0, 'residual_clipped_rows': 1201, 'state_bytes': 100800, 'calibration_peak_state_bytes_bound': 5208512, 'epoch_history': []}",5488,0.676215057,20,7467,3.0,0.9609107468123862,dual_bound,6000,336000,200,0,4.0,10,1201,1.5,mixed,519,strong,100800,completed,0.5809040221687095,8872.916889219756,retention_audit,3.332653648769711,0.8056019104038987
0,512,0.0033225,3.3025260064627373,0.9983667345281144,0,0,"{'effective_n': 6000, 'trim_mode': 'iqr'}",6000,1.201016301,20,0,3.0,,sketch_iqr,6000,336000,200,0,4.0,10,0,1.5,clean,519,weak,184024,completed,0.9101161241971198,4995.768995811491,retention_audit,3.3080611925145362,0.9983616345342118
0,512,0.0028583333333333334,3.3027657029515205,0.9983668790124924,0,0,"{'effective_n': 6000, 'trim_mode': 'mad'}",6000,1.263442245,20,0,3.0,,sketch_mad,6000,336000,200,0,4.0,10,0,1.5,clean,519,weak,184024,completed,0.9101548914346019,4748.930965182346,retention_audit,3.308145418526773,0.9983626353722074
5208512,512,0.0030566690962099126,2.7451299504723043,0.9967851288275653,0,0,"{'phase': 'estimating', 'ready': True, 'total_seen': 6000, 'epoch_index': 0, 'epoch_seen': 6000, 'calibration_count': 512, 'effective_n': 5488, 'serving_epoch': 0, 'serving_n': 5488, 'basis_rank': 20, 'parallel_radius': 8.598021292585356, 'residual_radius': 14.269712719592965, 'marginal_clipped_coordinates': 3355, 'parallel_clipped_rows': 0, 'residual_clipped_rows': 509, 'state_bytes': 100800, 'calibration_peak_state_bytes_bound': 5208512, 'epoch_history': []}",5488,0.636465886,20,3355,3.0,,dual_bound,6000,336000,200,0,4.0,10,509,1.5,clean,519,weak,100800,completed,0.9134898438297668,9427.056707953709,retention_audit,2.7440464627785057,0.9967425599454183
0,512,0.0018868097596771234,3.9709588031394376,0.99006366812462,0,109800,"{'effective_n': 6000, 'trim_mode': 'iqr'}",6000,1.2825276,20,0,3.0,0.2112841530054645,sketch_iqr,6000,336000,200,0,4.0,10,0,1.5,casewise_cauchy,519,weak,184024,completed,0.967776559363272,4678.26189471478,retention_audit,3.9591210174787475,0.9928417959271313
0,512,0.001506145661346542,3.982635760256346,0.9902120066791359,0,109800,"{'effective_n': 6000, 'trim_mode': 'mad'}",6000,1.171961827,20,0,3.0,0.2097905282331512,sketch_mad,6000,336000,200,0,4.0,10,0,1.5,casewise_cauchy,519,weak,184024,completed,0.9677554312911447,5119.620675153611,retention_audit,3.972454417148427,0.9929118217543561
5208512,512,0.003062360801781737,2.810256555219105,0.9967040045736796,0,109800,"{'phase': 'estimating', 'ready': True, 'total_seen': 6000, 'epoch_index': 0, 'epoch_seen': 6000, 'calibration_count': 512, 'effective_n': 5488, 'serving_epoch': 0, 'serving_n': 5488, 'basis_rank': 20, 'parallel_radius': 8.598021292585356, 'residual_radius': 14.269712719592965, 'marginal_clipped_coordinates': 91622, 'parallel_clipped_rows': 543, 'residual_clipped_rows': 1001, 'state_bytes': 100800, 'calibration_peak_state_bytes_bound': 5208512, 'epoch_history': []}",5488,0.665436019,20,91622,3.0,0.1931056466302368,dual_bound,6000,336000,200,543,4.0,10,1001,1.5,casewise_cauchy,519,weak,100800,completed,0.9305965984616236,9016.64446871488,retention_audit,2.8223362634038742,0.9967344270062511
0,512,0.0018496068783000856,3.328003705883531,0.9973591974891044,0,109498,"{'effective_n': 6000, 'trim_mode': 'iqr'}",6000,1.242124641,20,0,3.0,0.21200387221684414,sketch_iqr,6000,336000,200,0,4.0,10,0,1.5,cellwise_cauchy,519,weak,184024,completed,0.9522282357937456,4830.433115930755,retention_audit,3.447201816015316,0.9983666772093435
0,512,0.0014589611023180151,3.3291131765316044,0.9973721438545151,0,109498,"{'effective_n': 6000, 'trim_mode': 'mad'}",6000,1.24375183,20,0,3.0,0.21069791229063545,sketch_mad,6000,336000,200,0,4.0,10,0,1.5,cellwise_cauchy,519,weak,184024,completed,0.9521137870821671,4824.113505022944,retention_audit,3.4479376283687366,0.9983662810394368
5208512,512,0.003043208089853072,2.7422248284781254,0.9964126958616292,0,109498,"{'phase': 'estimating', 'ready': True, 'total_seen': 6000, 'epoch_index': 0, 'epoch_seen': 6000, 'calibration_count': 512, 'effective_n': 5488, 'serving_epoch': 0, 'serving_n': 5488, 'basis_rank': 20, 'parallel_radius': 8.598021292585356, 'residual_radius': 14.269712719592965, 'marginal_clipped_coordinates': 91351, 'parallel_clipped_rows': 19, 'residual_clipped_rows': 5481, 'state_bytes': 100800, 'calibration_peak_state_bytes_bound': 5208512, 'epoch_history': []}",5488,0.672174992,20,91351,3.0,0.19319074320992163,dual_bound,6000,336000,200,19,4.0,10,5481,1.5,cellwise_cauchy,519,weak,100800,completed,0.9421036996749466,8926.246991348944,retention_audit,2.7951970100313983,0.9968281889768117
0,512,0.004515685195376995,10.855249231368417,1.2438807511136545,0,109800,"{'effective_n': 6000, 'trim_mode': 'iqr'}",6000,1.222145688,20,0,3.0,1.0,sketch_iqr,6000,336000,200,0,4.0,10,0,1.5,bounded_out_of_subspace,519,weak,184024,completed,0.9445513520758619,4909.398330258643,retention_audit,7.163728140747469,0.6550534152857874
0,512,0.0039552375710878735,10.85506774077933,1.243846389638059,0,109800,"{'effective_n': 6000, 'trim_mode': 'mad'}",6000,1.158569742,20,0,3.0,1.0,sketch_mad,6000,336000,200,0,4.0,10,0,1.5,bounded_out_of_subspace,519,weak,184024,completed,0.9445520892290512,5178.799154242024,retention_audit,7.165756356933256,0.6553231555598842
5208512,512,0.003062360801781737,10.133402513127256,1.2889472644257873,0,109800,"{'phase': 'estimating', 'ready': True, 'total_seen': 6000, 'epoch_index': 0, 'epoch_seen': 6000, 'calibration_count': 512, 'effective_n': 5488, 'serving_epoch': 0, 'serving_n': 5488, 'basis_rank': 20, 'parallel_radius': 8.598021292585356, 'residual_radius': 14.269712719592965, 'marginal_clipped_coordinates': 3025, 'parallel_clipped_rows': 0, 'residual_clipped_rows': 452, 'state_bytes': 100800, 'calibration_peak_state_bytes_bound': 5208512, 'epoch_history': []}",5488,0.64279814,20,3025,3.0,1.0,dual_bound,6000,336000,200,0,4.0,10,452,1.5,bounded_out_of_subspace,519,weak,100800,completed,0.9416024113770551,9334.190046038402,retention_audit,6.302032558810699,0.6269801308510169
0,512,0.004691799669785361,10.833576507642709,1.07048297337398,0,109800,"{'effective_n': 6000, 'trim_mode': 'iqr'}",6000,1.216444234,20,0,3.0,1.0,sketch_iqr,6000,336000,200,0,4.0,10,0,1.5,in_subspace_leverage,519,weak,184024,completed,0.9026330129757456,4932.408599011865,retention_audit,7.81846195181029,0.7217525570236148
0,512,0.004157952669235003,10.832839711139068,1.0704633874582528,0,109800,"{'effective_n': 6000, 'trim_mode': 'mad'}",6000,1.211350144,20,0,3.0,1.0,sketch_mad,6000,336000,200,0,4.0,10,0,1.5,in_subspace_leverage,519,weak,184024,completed,0.902643810954604,4953.150853796406,retention_audit,7.819504026660167,0.721990742783973
5208512,512,0.003062360801781737,10.047934866666067,1.0898215130836433,0,109800,"{'phase': 'estimating', 'ready': True, 'total_seen': 6000, 'epoch_index': 0, 'epoch_seen': 6000, 'calibration_count': 512, 'effective_n': 5488, 'serving_epoch': 0, 'serving_n': 5488, 'basis_rank': 20, 'parallel_radius': 8.598021292585356, 'residual_radius': 14.269712719592965, 'marginal_clipped_coordinates': 3025, 'parallel_clipped_rows': 0, 'residual_clipped_rows': 452, 'state_bytes': 100800, 'calibration_peak_state_bytes_bound': 5208512, 'epoch_history': []}",5488,0.676864899,20,3025,3.0,1.0,dual_bound,6000,336000,200,0,4.0,10,452,1.5,in_subspace_leverage,519,weak,100800,completed,0.902307672924029,8864.398211318681,retention_audit,6.914257322123525,0.7038946957244634
0,512,0.004182718767198679,10.753097589252526,1.1831347934479448,0,109800,"{'effective_n': 6000, 'trim_mode': 'iqr'}",6000,1.191418768,20,0,3.0,0.9604462659380693,sketch_iqr,6000,336000,200,0,4.0,10,0,1.5,mixed,519,weak,184024,completed,0.9426085713477688,5036.012660831276,retention_audit,7.58277452839113,0.7046129069171179
0,512,0.0037442671069528527,10.753253956411394,1.1831656892434044,0,109800,"{'effective_n': 6000, 'trim_mode': 'mad'}",6000,1.160106214,20,0,3.0,0.9603734061930783,sketch_mad,6000,336000,200,0,4.0,10,0,1.5,mixed,519,weak,184024,completed,0.9426334856569722,5171.940230638226,retention_audit,7.583890419216298,0.7047486318869443
5208512,512,0.003062360801781737,9.629598030856677,1.148765573198532,0,109800,"{'phase': 'estimating', 'ready': True, 'total_seen': 6000, 'epoch_index': 0, 'epoch_seen': 6000, 'calibration_count': 512, 'effective_n': 5488, 'serving_epoch': 0, 'serving_n': 5488, 'basis_rank': 20, 'parallel_radius': 8.598021292585356, 'residual_radius': 14.269712719592965, 'marginal_clipped_coordinates': 7396, 'parallel_clipped_rows': 0, 'residual_clipped_rows': 727, 'state_bytes': 100800, 'calibration_peak_state_bytes_bound': 5208512, 'epoch_history': []}",5488,0.623108995,20,7396,3.0,0.9601912568306011,dual_bound,6000,336000,200,0,4.0,10,727,1.5,mixed,519,weak,100800,completed,0.9386224397171512,9629.133984817536,retention_audit,6.72612063246184,0.723012911743672
0,512,0.0033075,3.1163892845881747,0.8613251069013,0,0,"{'effective_n': 6000, 'trim_mode': 'iqr'}",6000,1.228170143,20,0,3.0,,sketch_iqr,6000,336000,200,0,4.0,10,0,1.5,clean,520,strong,184024,completed,0.4779523387445442,4885.316610403873,retention_audit,3.1203121028894056,0.8604210074451819
0,512,0.002875,3.1165165079473702,0.861187650718647,0,0,"{'effective_n': 6000, 'trim_mode': 'mad'}",6000,1.149349803,20,0,3.0,,sketch_mad,6000,336000,200,0,4.0,10,0,1.5,clean,520,strong,184024,completed,0.4779323261110682,5220.342827169737,retention_audit,3.120306831558372,0.8603545433809253
5208512,512,0.0031386661807580175,3.043534219913725,0.8857381924377405,0,0,"{'phase': 'estimating', 'ready': True, 'total_seen': 6000, 'epoch_index': 0, 'epoch_seen': 6000, 'calibration_count': 512, 'effective_n': 5488, 'serving_epoch': 0, 'serving_n': 5488, 'basis_rank': 20, 'parallel_radius': 15.125082622667001, 'residual_radius': 12.608342020023654, 'marginal_clipped_coordinates': 3445, 'parallel_clipped_rows': 0, 'residual_clipped_rows': 765, 'state_bytes': 100800, 'calibration_peak_state_bytes_bound': 5208512, 'epoch_history': []}",5488,0.660059585,20,3445,3.0,,dual_bound,6000,336000,200,0,4.0,10,765,1.5,clean,520,strong,100800,completed,0.5037671552239988,9090.08843497061,retention_audit,3.0310937628478625,0.8905452718901856
0,512,0.0017528893780957623,2.407559654198519,0.9911069884392157,0,109800,"{'effective_n': 6000, 'trim_mode': 'iqr'}",6000,1.212677024,20,0,3.0,0.23864298724954464,sketch_iqr,6000,336000,200,0,4.0,10,0,1.5,casewise_cauchy,520,strong,184024,completed,0.9333997168856649,4947.731243566465,retention_audit,3.052133582023535,0.9915491823213611
0,512,0.0013813979086406164,2.406252093603806,0.9911050051237958,0,109800,"{'effective_n': 6000, 'trim_mode': 'mad'}",6000,1.236033564,20,0,3.0,0.23721311475409837,sketch_mad,6000,336000,200,0,4.0,10,0,1.5,casewise_cauchy,520,strong,184024,completed,0.9324702779976093,4854.237113580518,retention_audit,3.0475720017092693,0.991558762567949
5208512,512,0.003129175946547884,3.029792846298084,0.9145941264104642,0,109800,"{'phase': 'estimating', 'ready': True, 'total_seen': 6000, 'epoch_index': 0, 'epoch_seen': 6000, 'calibration_count': 512, 'effective_n': 5488, 'serving_epoch': 0, 'serving_n': 5488, 'basis_rank': 20, 'parallel_radius': 15.125082622667001, 'residual_radius': 12.608342020023654, 'marginal_clipped_coordinates': 88983, 'parallel_clipped_rows': 37, 'residual_clipped_rows': 1240, 'state_bytes': 100800, 'calibration_peak_state_bytes_bound': 5208512, 'epoch_history': []}",5488,0.661971167,20,88983,3.0,0.21774134790528232,dual_bound,6000,336000,200,37,4.0,10,1240,1.5,casewise_cauchy,520,strong,100800,completed,0.5288486011760216,9063.838878650133,retention_audit,3.166600679878721,0.9219099265907313
0,512,0.001783047837779335,2.202319583557231,0.9948927255540199,0,109732,"{'effective_n': 6000, 'trim_mode': 'iqr'}",6000,1.163380784,20,0,3.0,0.23978420150913135,sketch_iqr,6000,336000,200,0,4.0,10,0,1.5,cellwise_cauchy,520,strong,184024,completed,0.8032918948923488,5157.382761102921,retention_audit,3.115815933197233,0.9964094277140524
0,512,0.001395987041718183,2.2040528414422265,0.9948794484562862,0,109732,"{'effective_n': 6000, 'trim_mode': 'mad'}",6000,1.193709651,20,0,3.0,0.23849013961287502,sketch_mad,6000,336000,200,0,4.0,10,0,1.5,cellwise_cauchy,520,strong,184024,completed,0.8023986961133165,5026.347902082933,retention_audit,3.1138738033724884,0.9963839154029834
5208512,512,0.003112764053497026,2.942401603491851,0.9725749992963738,0,109732,"{'phase': 'estimating', 'ready': True, 'total_seen': 6000, 'epoch_index': 0, 'epoch_seen': 6000, 'calibration_count': 512, 'effective_n': 5488, 'serving_epoch': 0, 'serving_n': 5488, 'basis_rank': 20, 'parallel_radius': 15.125082622667001, 'residual_radius': 12.608342020023654, 'marginal_clipped_coordinates': 88856, 'parallel_clipped_rows': 0, 'residual_clipped_rows': 5488, 'state_bytes': 100800, 'calibration_peak_state_bytes_bound': 5208512, 'epoch_history': []}",5488,0.624621863,20,88856,3.0,0.21826814420588342,dual_bound,6000,336000,200,0,4.0,10,5488,1.5,cellwise_cauchy,520,strong,100800,completed,0.6715346793912708,9605.811700510394,retention_audit,3.4930089283208767,0.9745143317373665
0,512,0.004772518803889195,3.8507836078293955,0.9448647604920066,0,109800,"{'effective_n': 6000, 'trim_mode': 'iqr'}",6000,1.195362732,20,0,3.0,1.0,sketch_iqr,6000,336000,200,0,4.0,10,0,1.5,bounded_out_of_subspace,520,strong,184024,completed,0.5673401218506204,5019.39690721427,retention_audit,3.21706179337835,0.7912373699865204
0,512,0.004243258117776555,3.849976602091872,0.9447235951795118,0,109800,"{'effective_n': 6000, 'trim_mode': 'mad'}",6000,1.147078031,20,0,3.0,1.0,sketch_mad,6000,336000,200,0,4.0,10,0,1.5,bounded_out_of_subspace,520,strong,184024,completed,0.567334221316902,5230.681643139236,retention_audit,3.2168690684193675,0.7913068229929835
5208512,512,0.003129175946547884,4.074274023150594,0.9740323532346682,0,109800,"{'phase': 'estimating', 'ready': True, 'total_seen': 6000, 'epoch_index': 0, 'epoch_seen': 6000, 'calibration_count': 512, 'effective_n': 5488, 'serving_epoch': 0, 'serving_n': 5488, 'basis_rank': 20, 'parallel_radius': 15.125082622667001, 'residual_radius': 12.608342020023654, 'marginal_clipped_coordinates': 3091, 'parallel_clipped_rows': 0, 'residual_clipped_rows': 691, 'state_bytes': 100800, 'calibration_peak_state_bytes_bound': 5208512, 'epoch_history': []}",5488,0.567115023,20,3091,3.0,1.0,dual_bound,6000,336000,200,0,4.0,10,691,1.5,bounded_out_of_subspace,520,strong,100800,completed,0.5948933192416754,10579.86432498368,retention_audit,3.303383010657464,0.7978177751421909
0,512,0.0042652724270776,4.97136202393173,0.9584403156927616,0,109800,"{'effective_n': 6000, 'trim_mode': 'iqr'}",6000,1.177821852,20,0,3.0,1.0,sketch_iqr,6000,336000,200,0,4.0,10,0,1.5,in_subspace_leverage,520,strong,184024,completed,0.5894390356448421,5094.148991896952,retention_audit,3.458917970601995,0.5754887378598166
0,512,0.003730508163639699,4.9709549010843,0.958508413541347,0,109800,"{'effective_n': 6000, 'trim_mode': 'mad'}",6000,1.13648159,20,0,3.0,1.0,sketch_mad,6000,336000,200,0,4.0,10,0,1.5,in_subspace_leverage,520,strong,184024,completed,0.5894519344716498,5279.451997106262,retention_audit,3.4590977215407306,0.5756029453600786
5208512,512,0.003129175946547884,5.19687778384043,0.9989786708869893,0,109800,"{'phase': 'estimating', 'ready': True, 'total_seen': 6000, 'epoch_index': 0, 'epoch_seen': 6000, 'calibration_count': 512, 'effective_n': 5488, 'serving_epoch': 0, 'serving_n': 5488, 'basis_rank': 20, 'parallel_radius': 15.125082622667001, 'residual_radius': 12.608342020023654, 'marginal_clipped_coordinates': 3091, 'parallel_clipped_rows': 0, 'residual_clipped_rows': 691, 'state_bytes': 100800, 'calibration_peak_state_bytes_bound': 5208512, 'epoch_history': []}",5488,0.62714209,20,3091,3.0,1.0,dual_bound,6000,336000,200,0,4.0,10,691,1.5,in_subspace_leverage,520,strong,100800,completed,0.611831468267988,9567.20988061892,retention_audit,3.486903989774206,0.5802486042044146
0,512,0.004401944597321592,3.815732377854033,0.9388098012814804,0,109800,"{'effective_n': 6000, 'trim_mode': 'iqr'}",6000,1.217415942,20,0,3.0,0.9609107468123862,sketch_iqr,6000,336000,200,0,4.0,10,0,1.5,mixed,520,strong,184024,completed,0.5857610074511196,4928.471685809418,retention_audit,3.371726589385247,0.8236905604539556
0,512,0.003977251880388919,3.8150747514463372,0.9386933525651253,0,109800,"{'effective_n': 6000, 'trim_mode': 'mad'}",6000,1.163963696,20,0,3.0,0.9608469945355191,sketch_mad,6000,336000,200,0,4.0,10,0,1.5,mixed,520,strong,184024,completed,0.585619435001597,5154.799948331035,retention_audit,3.371189308486584,0.8236339195038633
5208512,512,0.003129175946547884,3.6761707894741162,0.9428534053049357,0,109800,"{'phase': 'estimating', 'ready': True, 'total_seen': 6000, 'epoch_index': 0, 'epoch_seen': 6000, 'calibration_count': 512, 'effective_n': 5488, 'serving_epoch': 0, 'serving_n': 5488, 'basis_rank': 20, 'parallel_radius': 15.125082622667001, 'residual_radius': 12.608342020023654, 'marginal_clipped_coordinates': 7367, 'parallel_clipped_rows': 0, 'residual_clipped_rows': 966, 'state_bytes': 100800, 'calibration_peak_state_bytes_bound': 5208512, 'epoch_history': []}",5488,0.632300323,20,7367,3.0,0.961056466302368,dual_bound,6000,336000,200,0,4.0,10,966,1.5,mixed,520,strong,100800,completed,0.5852532903202964,9489.16168749134,retention_audit,3.230043772163536,0.8570759570005555
0,512,0.0033366666666666666,3.415744591708812,0.9982348382904027,0,0,"{'effective_n': 6000, 'trim_mode': 'iqr'}",6000,1.199090615,20,0,3.0,,sketch_iqr,6000,336000,200,0,4.0,10,0,1.5,clean,520,weak,184024,completed,0.9015453225085265,5003.791977806448,retention_audit,3.421073122659299,0.998223851266401
0,512,0.00285,3.416863934563836,0.9982365946156571,0,0,"{'effective_n': 6000, 'trim_mode': 'mad'}",6000,1.182525307,20,0,3.0,,sketch_mad,6000,336000,200,0,4.0,10,0,1.5,clean,520,weak,184024,completed,0.901596621586162,5073.887184048232,retention_audit,3.422228146909976,0.9982268402343872
5208512,512,0.0031377551020408162,2.8498735896403278,0.9967147777088415,0,0,"{'phase': 'estimating', 'ready': True, 'total_seen': 6000, 'epoch_index': 0, 'epoch_seen': 6000, 'calibration_count': 512, 'effective_n': 5488, 'serving_epoch': 0, 'serving_n': 5488, 'basis_rank': 20, 'parallel_radius': 8.089359848852547, 'residual_radius': 14.405111796130381, 'marginal_clipped_coordinates': 3444, 'parallel_clipped_rows': 0, 'residual_clipped_rows': 462, 'state_bytes': 100800, 'calibration_peak_state_bytes_bound': 5208512, 'epoch_history': []}",5488,0.686908738,20,3444,3.0,,dual_bound,6000,336000,200,0,4.0,10,462,1.5,clean,520,weak,100800,completed,0.9108426837011016,8734.784794657831,retention_audit,2.849299934832164,0.9966961953014613
0,512,0.0018033388369106586,4.119971808219289,0.9908094833711554,0,109800,"{'effective_n': 6000, 'trim_mode': 'iqr'}",6000,1.132878192,20,0,3.0,0.2111566484517304,sketch_iqr,6000,336000,200,0,4.0,10,0,1.5,casewise_cauchy,520,weak,184024,completed,0.9663037602734853,5296.244593964256,retention_audit,4.108077982302844,0.9934541878393289
0,512,0.0013621353880022013,4.124817699435051,0.9909093429576238,0,109800,"{'effective_n': 6000, 'trim_mode': 'mad'}",6000,1.110707104,20,0,3.0,0.20989981785063752,sketch_mad,6000,336000,200,0,4.0,10,0,1.5,casewise_cauchy,520,weak,184024,completed,0.9662040981557815,5401.964188751601,retention_audit,4.114431784377256,0.9934961732276785
5208512,512,0.003130188297226159,2.7892934572929353,0.9965143594988608,0,109800,"{'phase': 'estimating', 'ready': True, 'total_seen': 6000, 'epoch_index': 0, 'epoch_seen': 6000, 'calibration_count': 512, 'effective_n': 5488, 'serving_epoch': 0, 'serving_n': 5488, 'basis_rank': 20, 'parallel_radius': 8.089359848852547, 'residual_radius': 14.405111796130381, 'marginal_clipped_coordinates': 91875, 'parallel_clipped_rows': 545, 'residual_clipped_rows': 953, 'state_bytes': 100800, 'calibration_peak_state_bytes_bound': 5208512, 'epoch_history': []}",5488,0.635830735,20,91875,3.0,0.19141165755919853,dual_bound,6000,336000,200,545,4.0,10,953,1.5,casewise_cauchy,520,weak,100800,completed,0.9166437737908177,9436.473686664423,retention_audit,2.807713178121882,0.9965702777890937
0,512,0.0018800750562646851,3.2999831181822947,0.9970843029143328,0,109618,"{'effective_n': 6000, 'trim_mode': 'iqr'}",6000,1.191147594,20,0,3.0,0.21129741465817659,sketch_iqr,6000,336000,200,0,4.0,10,0,1.5,cellwise_cauchy,520,weak,184024,completed,0.9486161184401111,5037.159148222231,retention_audit,3.419292780538508,0.9982208188842834
0,512,0.0014196859449257233,3.298645050444223,0.9970940929454671,0,109618,"{'effective_n': 6000, 'trim_mode': 'mad'}",6000,1.155220764,20,0,3.0,0.21034866536517724,sketch_mad,6000,336000,200,0,4.0,10,0,1.5,cellwise_cauchy,520,weak,184024,completed,0.9485085133976753,5193.812461632658,retention_audit,3.4176147675083888,0.9982185183343768
5208512,512,0.003093173762275021,2.785703484414685,0.9962795581688161,0,109618,"{'phase': 'estimating', 'ready': True, 'total_seen': 6000, 'epoch_index': 0, 'epoch_seen': 6000, 'calibration_count': 512, 'effective_n': 5488, 'serving_epoch': 0, 'serving_n': 5488, 'basis_rank': 20, 'parallel_radius': 8.089359848852547, 'residual_radius': 14.405111796130381, 'marginal_clipped_coordinates': 91623, 'parallel_clipped_rows': 79, 'residual_clipped_rows': 5478, 'state_bytes': 100800, 'calibration_peak_state_bytes_bound': 5208512, 'epoch_history': []}",5488,0.655874798,20,91623,3.0,0.19203962852816142,dual_bound,6000,336000,200,79,4.0,10,5478,1.5,cellwise_cauchy,520,weak,100800,completed,0.9394399053906255,9148.087437261158,retention_audit,2.84250200773702,0.9966950519690697
0,512,0.005071546505228399,10.57355765259596,1.1133884788771977,0,109800,"{'effective_n': 6000, 'trim_mode': 'iqr'}",6000,1.128247661,20,0,3.0,1.0,sketch_iqr,6000,336000,200,0,4.0,10,0,1.5,bounded_out_of_subspace,520,weak,184024,completed,0.9306134994725582,5317.981332823698,retention_audit,7.825108707666994,0.7503619976509761
0,512,0.004433131535498074,10.574151644315128,1.1133478282754217,0,109800,"{'effective_n': 6000, 'trim_mode': 'mad'}",6000,1.154563689,20,0,3.0,1.0,sketch_mad,6000,336000,200,0,4.0,10,0,1.5,bounded_out_of_subspace,520,weak,184024,completed,0.9305823104421408,5196.768317906108,retention_audit,7.828025431283344,0.7506523606139888
5208512,512,0.003130188297226159,9.737274491230101,1.1328756256613413,0,109800,"{'phase': 'estimating', 'ready': True, 'total_seen': 6000, 'epoch_index': 0, 'epoch_seen': 6000, 'calibration_count': 512, 'effective_n': 5488, 'serving_epoch': 0, 'serving_n': 5488, 'basis_rank': 20, 'parallel_radius': 8.089359848852547, 'residual_radius': 14.405111796130381, 'marginal_clipped_coordinates': 3092, 'parallel_clipped_rows': 0, 'residual_clipped_rows': 404, 'state_bytes': 100800, 'calibration_peak_state_bytes_bound': 5208512, 'epoch_history': []}",5488,0.573544543,20,3092,3.0,1.0,dual_bound,6000,336000,200,0,4.0,10,404,1.5,bounded_out_of_subspace,520,weak,100800,completed,0.9346831867582684,10461.26246553792,retention_audit,6.853136966314352,0.729916315313341
0,512,0.004876169510181618,10.628867613334378,1.0660347266949546,0,109800,"{'effective_n': 6000, 'trim_mode': 'iqr'}",6000,1.151176719,20,0,3.0,1.0,sketch_iqr,6000,336000,200,0,4.0,10,0,1.5,in_subspace_leverage,520,weak,184024,completed,0.8973539790565028,5212.058149692307,retention_audit,7.585581683549338,0.718853506936918
0,512,0.00426252063841497,10.629944769130306,1.066002896842594,0,109800,"{'effective_n': 6000, 'trim_mode': 'mad'}",6000,1.203294688,20,0,3.0,1.0,sketch_mad,6000,336000,200,0,4.0,10,0,1.5,in_subspace_leverage,520,weak,184024,completed,0.8973371958841387,4986.309720998286,retention_audit,7.588921648812429,0.7191434545330894
5208512,512,0.003130188297226159,9.853305428834174,1.0842549351640811,0,109800,"{'phase': 'estimating', 'ready': True, 'total_seen': 6000, 'epoch_index': 0, 'epoch_seen': 6000, 'calibration_count': 512, 'effective_n': 5488, 'serving_epoch': 0, 'serving_n': 5488, 'basis_rank': 20, 'parallel_radius': 8.089359848852547, 'residual_radius': 14.405111796130381, 'marginal_clipped_coordinates': 3092, 'parallel_clipped_rows': 0, 'residual_clipped_rows': 404, 'state_bytes': 100800, 'calibration_peak_state_bytes_bound': 5208512, 'epoch_history': []}",5488,0.687889907,20,3092,3.0,1.0,dual_bound,6000,336000,200,0,4.0,10,404,1.5,in_subspace_leverage,520,weak,100800,completed,0.9004940331487152,8722.325969524656,retention_audit,6.6939666323238844,0.7017504019129926
0,512,0.004649605576958356,10.368555281128462,1.0743187167536625,0,109800,"{'effective_n': 6000, 'trim_mode': 'iqr'}",6000,1.186867873,20,0,3.0,0.9600182149362477,sketch_iqr,6000,336000,200,0,4.0,10,0,1.5,mixed,520,weak,184024,completed,0.9282159348385121,5055.322615510716,retention_audit,8.121865620792288,0.7996050692608909
0,512,0.004140524674371675,10.369422516678519,1.0743326240668547,0,109800,"{'effective_n': 6000, 'trim_mode': 'mad'}",6000,1.188430214,20,0,3.0,0.9599635701275046,sketch_mad,6000,336000,200,0,4.0,10,0,1.5,mixed,520,weak,184024,completed,0.9281607148940336,5048.676758061622,retention_audit,8.123826994240158,0.7997465460786024
5208512,512,0.003130188297226159,9.237576801524202,1.0645367446369138,0,109800,"{'phase': 'estimating', 'ready': True, 'total_seen': 6000, 'epoch_index': 0, 'epoch_seen': 6000, 'calibration_count': 512, 'effective_n': 5488, 'serving_epoch': 0, 'serving_n': 5488, 'basis_rank': 20, 'parallel_radius': 8.089359848852547, 'residual_radius': 14.405111796130381, 'marginal_clipped_coordinates': 7476, 'parallel_clipped_rows': 0, 'residual_clipped_rows': 668, 'state_bytes': 100800, 'calibration_peak_state_bytes_bound': 5208512, 'epoch_history': []}",5488,0.633223622,20,7476,3.0,0.9600728597449909,dual_bound,6000,336000,200,0,4.0,10,668,1.5,mixed,520,weak,100800,completed,0.9335417190362858,9475.32560622004,retention_audit,7.064832514896413,0.8055466245284809
0,512,0.0033908333333333334,3.1291456342010933,0.8557567556792176,0,0,"{'effective_n': 6000, 'trim_mode': 'iqr'}",6000,1.227469654,20,0,3.0,,sketch_iqr,6000,336000,200,0,4.0,10,0,1.5,clean,521,strong,184024,completed,0.4616748667019524,4888.104549426197,retention_audit,3.133627638448062,0.8548962925096668
0,512,0.0029375,3.129113849752691,0.8557542012141475,0,0,"{'effective_n': 6000, 'trim_mode': 'mad'}",6000,1.160044994,20,0,3.0,,sketch_mad,6000,336000,200,0,4.0,10,0,1.5,clean,521,strong,184024,completed,0.46160644484386504,5172.213173655573,retention_audit,3.1340465972975506,0.8549856782224634
5208512,512,0.0031386661807580175,3.0873824028026973,0.8758069181470924,0,0,"{'phase': 'estimating', 'ready': True, 'total_seen': 6000, 'epoch_index': 0, 'epoch_seen': 6000, 'calibration_count': 512, 'effective_n': 5488, 'serving_epoch': 0, 'serving_n': 5488, 'basis_rank': 20, 'parallel_radius': 14.982398017119607, 'residual_radius': 12.698037677788085, 'marginal_clipped_coordinates': 3445, 'parallel_clipped_rows': 0, 'residual_clipped_rows': 602, 'state_bytes': 100800, 'calibration_peak_state_bytes_bound': 5208512, 'epoch_history': []}",5488,0.641014165,20,3445,3.0,,dual_bound,6000,336000,200,0,4.0,10,602,1.5,clean,521,strong,100800,completed,0.4801219668076674,9360.167571335964,retention_audit,3.0763792777952816,0.8792218012350324
0,512,0.0017657310585213722,2.396708514060325,0.990180843824077,0,109800,"{'effective_n': 6000, 'trim_mode': 'iqr'}",6000,1.255231315,20,0,3.0,0.2398816029143898,sketch_iqr,6000,336000,200,0,4.0,10,0,1.5,casewise_cauchy,521,strong,184024,completed,0.9154857892316848,4779.995470396625,retention_audit,3.0784819168225885,0.9915364665166648
0,512,0.0013850669601907907,2.3954625457650933,0.9901835155291762,0,109800,"{'effective_n': 6000, 'trim_mode': 'mad'}",6000,1.196803088,20,0,3.0,0.23832422586520946,sketch_mad,6000,336000,200,0,4.0,10,0,1.5,casewise_cauchy,521,strong,184024,completed,0.9138325440002016,5013.356048426239,retention_audit,3.0742845938254755,0.9915357543395331
5208512,512,0.003139299453330634,3.0707962483324724,0.9016032201909465,0,109800,"{'phase': 'estimating', 'ready': True, 'total_seen': 6000, 'epoch_index': 0, 'epoch_seen': 6000, 'calibration_count': 512, 'effective_n': 5488, 'serving_epoch': 0, 'serving_n': 5488, 'basis_rank': 20, 'parallel_radius': 14.982398017119607, 'residual_radius': 12.698037677788085, 'marginal_clipped_coordinates': 88961, 'parallel_clipped_rows': 40, 'residual_clipped_rows': 1094, 'state_bytes': 100800, 'calibration_peak_state_bytes_bound': 5208512, 'epoch_history': []}",5488,0.671870065,20,88961,3.0,0.2180327868852459,dual_bound,6000,336000,200,40,4.0,10,1094,1.5,casewise_cauchy,521,strong,100800,completed,0.5092297216428893,8930.298152217869,retention_audit,3.2061976029994166,0.9085981987519168
0,512,0.0018196869038462772,2.2555030076042173,0.9955258982684737,0,109153,"{'effective_n': 6000, 'trim_mode': 'iqr'}",6000,1.219735185,20,0,3.0,0.2374281971178071,sketch_iqr,6000,336000,200,0,4.0,10,0,1.5,cellwise_cauchy,521,strong,184024,completed,0.8108815431712572,4919.100534104868,retention_audit,3.18835690825598,0.9967912639628684
0,512,0.0014410820215850619,2.255465119106205,0.9955025323771053,0,109153,"{'effective_n': 6000, 'trim_mode': 'mad'}",6000,1.189473797,20,0,3.0,0.2360173334677013,sketch_mad,6000,336000,200,0,4.0,10,0,1.5,cellwise_cauchy,521,strong,184024,completed,0.8096671248954532,5044.247309299913,retention_audit,3.1850444051933327,0.996763001721382
5208512,512,0.003156466659315067,2.7380794388497227,0.9720084518068003,0,109153,"{'phase': 'estimating', 'ready': True, 'total_seen': 6000, 'epoch_index': 0, 'epoch_seen': 6000, 'calibration_count': 512, 'effective_n': 5488, 'serving_epoch': 0, 'serving_n': 5488, 'basis_rank': 20, 'parallel_radius': 14.982398017119607, 'residual_radius': 12.698037677788085, 'marginal_clipped_coordinates': 88629, 'parallel_clipped_rows': 0, 'residual_clipped_rows': 5485, 'state_bytes': 100800, 'calibration_peak_state_bytes_bound': 5208512, 'epoch_history': []}",5488,0.710895637,20,88629,3.0,0.21661337755260965,dual_bound,6000,336000,200,0,4.0,10,5485,1.5,cellwise_cauchy,521,strong,100800,completed,0.6365430935905758,8440.057425756855,retention_audit,3.3018951602974482,0.9738225656811411
0,512,0.004939460649422124,4.006851303649942,0.9613533940591386,0,109800,"{'effective_n': 6000, 'trim_mode': 'iqr'}",6000,1.208034681,20,0,3.0,1.0,sketch_iqr,6000,336000,200,0,4.0,10,0,1.5,bounded_out_of_subspace,521,strong,184024,completed,0.5478279249135474,4966.744824770473,retention_audit,3.2357790374179696,0.7604547768375742
0,512,0.004396441019996331,4.006440872627536,0.9613135506858691,0,109800,"{'effective_n': 6000, 'trim_mode': 'mad'}",6000,1.207465032,20,0,3.0,1.0,sketch_mad,6000,336000,200,0,4.0,10,0,1.5,bounded_out_of_subspace,521,strong,184024,completed,0.5478107652523366,4969.087999229116,retention_audit,3.236202618510605,0.7606480165325697
5208512,512,0.003139299453330634,4.163704182455438,0.9885345688909709,0,109800,"{'phase': 'estimating', 'ready': True, 'total_seen': 6000, 'epoch_index': 0, 'epoch_seen': 6000, 'calibration_count': 512, 'effective_n': 5488, 'serving_epoch': 0, 'serving_n': 5488, 'basis_rank': 20, 'parallel_radius': 14.982398017119607, 'residual_radius': 12.698037677788085, 'marginal_clipped_coordinates': 3101, 'parallel_clipped_rows': 0, 'residual_clipped_rows': 545, 'state_bytes': 100800, 'calibration_peak_state_bytes_bound': 5208512, 'epoch_history': []}",5488,0.611967298,20,3101,3.0,1.0,dual_bound,6000,336000,200,0,4.0,10,545,1.5,bounded_out_of_subspace,521,strong,100800,completed,0.5654426040549493,9804.445465646433,retention_audit,3.249932271242784,0.7574641842804161
0,512,0.004400110071546505,4.99457685800678,0.9999568410345222,0,109800,"{'effective_n': 6000, 'trim_mode': 'iqr'}",6000,1.188758506,20,0,3.0,1.0,sketch_iqr,6000,336000,200,0,4.0,10,0,1.5,in_subspace_leverage,521,strong,184024,completed,0.552214355207091,5047.282496584718,retention_audit,3.305720946716178,0.5449216986844462
0,512,0.0038616767565584297,4.993779193046157,0.9998493010271694,0,109800,"{'effective_n': 6000, 'trim_mode': 'mad'}",6000,1.1938692,20,0,3.0,1.0,sketch_mad,6000,336000,200,0,4.0,10,0,1.5,in_subspace_leverage,521,strong,184024,completed,0.5522153910469249,5025.676179601584,retention_audit,3.3062572863594877,0.5451900134658284
5208512,512,0.003139299453330634,5.163232962954788,1.044017335093811,0,109800,"{'phase': 'estimating', 'ready': True, 'total_seen': 6000, 'epoch_index': 0, 'epoch_seen': 6000, 'calibration_count': 512, 'effective_n': 5488, 'serving_epoch': 0, 'serving_n': 5488, 'basis_rank': 20, 'parallel_radius': 14.982398017119607, 'residual_radius': 12.698037677788085, 'marginal_clipped_coordinates': 3101, 'parallel_clipped_rows': 0, 'residual_clipped_rows': 545, 'state_bytes': 100800, 'calibration_peak_state_bytes_bound': 5208512, 'epoch_history': []}",5488,0.667714564,20,3101,3.0,1.0,dual_bound,6000,336000,200,0,4.0,10,545,1.5,in_subspace_leverage,521,strong,100800,completed,0.5868334668438402,8985.875587401446,retention_audit,3.285180897575214,0.5425872786294255
0,512,0.004561548339754174,3.947766707493933,0.9487362687554395,0,109800,"{'effective_n': 6000, 'trim_mode': 'iqr'}",6000,1.183925774,20,0,3.0,0.9614207650273224,sketch_iqr,6000,336000,200,0,4.0,10,0,1.5,mixed,521,strong,184024,completed,0.5574755681797182,5067.88527774715,retention_audit,3.387450436003745,0.7962561930513462
0,512,0.004131352045496239,3.946882469665813,0.9486887424263639,0,109800,"{'effective_n': 6000, 'trim_mode': 'mad'}",6000,1.221588711,20,0,3.0,0.9614025500910747,sketch_mad,6000,336000,200,0,4.0,10,0,1.5,mixed,521,strong,184024,completed,0.5573465748702693,4911.636744815989,retention_audit,3.386946537230928,0.7963033763921178
5208512,512,0.003139299453330634,3.709481506511045,0.9408726340810746,0,109800,"{'phase': 'estimating', 'ready': True, 'total_seen': 6000, 'epoch_index': 0, 'epoch_seen': 6000, 'calibration_count': 512, 'effective_n': 5488, 'serving_epoch': 0, 'serving_n': 5488, 'basis_rank': 20, 'parallel_radius': 14.982398017119607, 'residual_radius': 12.698037677788085, 'marginal_clipped_coordinates': 7333, 'parallel_clipped_rows': 0, 'residual_clipped_rows': 820, 'state_bytes': 100800, 'calibration_peak_state_bytes_bound': 5208512, 'epoch_history': []}",5488,0.61948732,20,7333,3.0,0.9614571948998178,dual_bound,6000,336000,200,0,4.0,10,820,1.5,mixed,521,strong,100800,completed,0.5551501081127439,9685.428266715775,retention_audit,3.176838014257559,0.8269012282293784
0,512,0.0034008333333333334,3.4335880277502753,0.9984041255192959,0,0,"{'effective_n': 6000, 'trim_mode': 'iqr'}",6000,1.208102178,20,0,3.0,,sketch_iqr,6000,336000,200,0,4.0,10,0,1.5,clean,521,weak,184024,completed,0.9027906699579136,4966.467331375012,retention_audit,3.4391462876465715,0.9983933071517263
0,512,0.0029416666666666666,3.4341537674811846,0.9984046757671817,0,0,"{'effective_n': 6000, 'trim_mode': 'mad'}",6000,1.194779222,20,0,3.0,,sketch_mad,6000,336000,200,0,4.0,10,0,1.5,clean,521,weak,184024,completed,0.9028250166021474,5021.848295918892,retention_audit,3.43982823641596,0.99839530091728
5208512,512,0.0031158892128279885,2.7386925894713503,0.9966311486488209,0,0,"{'phase': 'estimating', 'ready': True, 'total_seen': 6000, 'epoch_index': 0, 'epoch_seen': 6000, 'calibration_count': 512, 'effective_n': 5488, 'serving_epoch': 0, 'serving_n': 5488, 'basis_rank': 20, 'parallel_radius': 8.186981939547394, 'residual_radius': 14.379640600715542, 'marginal_clipped_coordinates': 3420, 'parallel_clipped_rows': 0, 'residual_clipped_rows': 449, 'state_bytes': 100800, 'calibration_peak_state_bytes_bound': 5208512, 'epoch_history': []}",5488,0.635521122,20,3420,3.0,,dual_bound,6000,336000,200,0,4.0,10,449,1.5,clean,521,weak,100800,completed,0.9087785297363549,9441.070945239173,retention_audit,2.7374211371770287,0.9966100481934395
0,512,0.0018125114657860943,3.6840108212461145,0.9890059563165332,0,109800,"{'effective_n': 6000, 'trim_mode': 'iqr'}",6000,1.176896985,20,0,3.0,0.2124681238615665,sketch_iqr,6000,336000,200,0,4.0,10,0,1.5,casewise_cauchy,521,weak,184024,completed,0.9713085891163992,5098.152239722154,retention_audit,3.670753313424374,0.9921614822757099
0,512,0.0014217574756925334,3.692708334019117,0.9891587445051104,0,109800,"{'effective_n': 6000, 'trim_mode': 'mad'}",6000,1.149147348,20,0,3.0,0.21108378870673952,sketch_mad,6000,336000,200,0,4.0,10,0,1.5,casewise_cauchy,521,weak,184024,completed,0.9712732854657072,5221.262539083891,retention_audit,3.6808959716095435,0.9922324949737609
5208512,512,0.003082607815347236,2.8216891411452694,0.9967417028790587,0,109800,"{'phase': 'estimating', 'ready': True, 'total_seen': 6000, 'epoch_index': 0, 'epoch_seen': 6000, 'calibration_count': 512, 'effective_n': 5488, 'serving_epoch': 0, 'serving_n': 5488, 'basis_rank': 20, 'parallel_radius': 8.186981939547394, 'residual_radius': 14.379640600715542, 'marginal_clipped_coordinates': 91705, 'parallel_clipped_rows': 544, 'residual_clipped_rows': 952, 'state_bytes': 100800, 'calibration_peak_state_bytes_bound': 5208512, 'epoch_history': []}",5488,0.615431685,20,91705,3.0,0.1925318761384335,dual_bound,6000,336000,200,544,4.0,10,952,1.5,casewise_cauchy,521,weak,100800,completed,0.9242495755336823,9749.254297818612,retention_audit,2.842615336938865,0.9967887262298608
0,512,0.0018243789865294974,3.3426872441457167,0.9973390411296174,0,109766,"{'effective_n': 6000, 'trim_mode': 'iqr'}",6000,1.186437659,20,0,3.0,0.2118597744292404,sketch_iqr,6000,336000,200,0,4.0,10,0,1.5,cellwise_cauchy,521,weak,184024,completed,0.9482084082050818,5057.155725364581,retention_audit,3.465109243470383,0.9983722096635753
0,512,0.0014473956967036435,3.341272040539069,0.9973490907692981,0,109766,"{'effective_n': 6000, 'trim_mode': 'mad'}",6000,1.154397979,20,0,3.0,0.21025636353697866,sketch_mad,6000,336000,200,0,4.0,10,0,1.5,cellwise_cauchy,521,weak,184024,completed,0.9480970990627205,5197.514296757097,retention_audit,3.4632839441921734,0.9983702252304107
5208512,512,0.0031310928759285465,2.7401956537155328,0.9964358345005978,0,109766,"{'phase': 'estimating', 'ready': True, 'total_seen': 6000, 'epoch_index': 0, 'epoch_seen': 6000, 'calibration_count': 512, 'effective_n': 5488, 'serving_epoch': 0, 'serving_n': 5488, 'basis_rank': 20, 'parallel_radius': 8.186981939547394, 'residual_radius': 14.379640600715542, 'marginal_clipped_coordinates': 91746, 'parallel_clipped_rows': 50, 'residual_clipped_rows': 5478, 'state_bytes': 100800, 'calibration_peak_state_bytes_bound': 5208512, 'epoch_history': []}",5488,0.64058051,20,91746,3.0,0.1923455350472824,dual_bound,6000,336000,200,50,4.0,10,5478,1.5,cellwise_cauchy,521,weak,100800,completed,0.9433185274854219,9366.504141688607,retention_audit,2.800451062290044,0.9968212457313997
0,512,0.004823885525591634,10.70689530248535,1.1277970037772977,0,109800,"{'effective_n': 6000, 'trim_mode': 'iqr'}",6000,1.153132535,20,0,3.0,1.0,sketch_iqr,6000,336000,200,0,4.0,10,0,1.5,bounded_out_of_subspace,521,weak,184024,completed,0.9387662694625688,5203.218032522168,retention_audit,7.763003353694156,0.7373126578357342
0,512,0.0041992294991744636,10.706251528151554,1.1277499832576008,0,109800,"{'effective_n': 6000, 'trim_mode': 'mad'}",6000,1.173507787,20,0,3.0,1.0,sketch_mad,6000,336000,200,0,4.0,10,0,1.5,bounded_out_of_subspace,521,weak,184024,completed,0.9387424691075775,5112.8761704586805,retention_audit,7.765071431792173,0.7376016129252974
5208512,512,0.003082607815347236,9.911359887036795,1.1559709885393608,0,109800,"{'phase': 'estimating', 'ready': True, 'total_seen': 6000, 'epoch_index': 0, 'epoch_seen': 6000, 'calibration_count': 512, 'effective_n': 5488, 'serving_epoch': 0, 'serving_n': 5488, 'basis_rank': 20, 'parallel_radius': 8.186981939547394, 'residual_radius': 14.379640600715542, 'marginal_clipped_coordinates': 3045, 'parallel_clipped_rows': 0, 'residual_clipped_rows': 403, 'state_bytes': 100800, 'calibration_peak_state_bytes_bound': 5208512, 'epoch_history': []}",5488,0.649790958,20,3045,3.0,1.0,dual_bound,6000,336000,200,0,4.0,10,403,1.5,bounded_out_of_subspace,521,weak,100800,completed,0.9383618570745645,9233.73882958833,retention_audit,6.821329386224601,0.7057113290613568
0,512,0.004770684278114107,10.588771423382282,1.1210177454721058,0,109800,"{'effective_n': 6000, 'trim_mode': 'iqr'}",6000,1.173434481,20,0,3.0,1.0,sketch_iqr,6000,336000,200,0,4.0,10,0,1.5,in_subspace_leverage,521,weak,184024,completed,0.903966755922821,5113.1955785778555,retention_audit,7.257595069459387,0.6728813763389514
0,512,0.004160704457897633,10.588432553036016,1.1209693736644903,0,109800,"{'effective_n': 6000, 'trim_mode': 'mad'}",6000,1.165748549,20,0,3.0,1.0,sketch_mad,6000,336000,200,0,4.0,10,0,1.5,in_subspace_leverage,521,weak,184024,completed,0.9039431106982485,5146.907542923307,retention_audit,7.259338679563011,0.673174601363329
5208512,512,0.003082607815347236,9.866225059116527,1.145332188302011,0,109800,"{'phase': 'estimating', 'ready': True, 'total_seen': 6000, 'epoch_index': 0, 'epoch_seen': 6000, 'calibration_count': 512, 'effective_n': 5488, 'serving_epoch': 0, 'serving_n': 5488, 'basis_rank': 20, 'parallel_radius': 8.186981939547394, 'residual_radius': 14.379640600715542, 'marginal_clipped_coordinates': 3045, 'parallel_clipped_rows': 0, 'residual_clipped_rows': 403, 'state_bytes': 100800, 'calibration_peak_state_bytes_bound': 5208512, 'epoch_history': []}",5488,0.708876451,20,3045,3.0,1.0,dual_bound,6000,336000,200,0,4.0,10,403,1.5,in_subspace_leverage,521,weak,100800,completed,0.9012476615168501,8464.098351039736,retention_audit,6.418832854889241,0.662753990957588
0,512,0.004390937442671069,10.473574425150437,1.0903990003697732,0,109800,"{'effective_n': 6000, 'trim_mode': 'iqr'}",6000,1.237093814,20,0,3.0,0.9602003642987249,sketch_iqr,6000,336000,200,0,4.0,10,0,1.5,mixed,521,weak,184024,completed,0.9389081574411926,4850.076794580107,retention_audit,8.018128616022164,0.7820617766439274
0,512,0.003942395890662264,10.475724594344106,1.0904177706094453,0,109800,"{'effective_n': 6000, 'trim_mode': 'mad'}",6000,1.159504269,20,0,3.0,0.9601821493624773,sketch_mad,6000,336000,200,0,4.0,10,0,1.5,mixed,521,weak,184024,completed,0.9388572919464505,5174.625191483448,retention_audit,8.021206563000074,0.782184957072471
5208512,512,0.003082607815347236,9.425023622270785,1.0814632273480171,0,109800,"{'phase': 'estimating', 'ready': True, 'total_seen': 6000, 'epoch_index': 0, 'epoch_seen': 6000, 'calibration_count': 512, 'effective_n': 5488, 'serving_epoch': 0, 'serving_n': 5488, 'basis_rank': 20, 'parallel_radius': 8.186981939547394, 'residual_radius': 14.379640600715542, 'marginal_clipped_coordinates': 7417, 'parallel_clipped_rows': 0, 'residual_clipped_rows': 676, 'state_bytes': 100800, 'calibration_peak_state_bytes_bound': 5208512, 'epoch_history': []}",5488,0.638643164,20,7417,3.0,0.9601821493624773,dual_bound,6000,336000,200,0,4.0,10,676,1.5,mixed,521,weak,100800,completed,0.9364552819895611,9394.917754102822,retention_audit,7.058726775103628,0.7814283561474128
0,512,0.0033725,3.1240732639832807,0.8484279108317135,0,0,"{'effective_n': 6000, 'trim_mode': 'iqr'}",6000,1.188316869,20,0,3.0,,sketch_iqr,6000,336000,200,0,4.0,10,0,1.5,clean,522,strong,184024,completed,0.46841174403769653,5049.158315028514,retention_audit,3.1287588522080476,0.8473842306799557
0,512,0.00295,3.124168097081602,0.8483572753658171,0,0,"{'effective_n': 6000, 'trim_mode': 'mad'}",6000,1.13961465,20,0,3.0,,sketch_mad,6000,336000,200,0,4.0,10,0,1.5,clean,522,strong,184024,completed,0.46842065218471807,5264.9375821906115,retention_audit,3.1289151091694225,0.847425025093789
5208512,512,0.0032243075801749272,3.0517463387578627,0.8661937196422578,0,0,"{'phase': 'estimating', 'ready': True, 'total_seen': 6000, 'epoch_index': 0, 'epoch_seen': 6000, 'calibration_count': 512, 'effective_n': 5488, 'serving_epoch': 0, 'serving_n': 5488, 'basis_rank': 20, 'parallel_radius': 15.312174545931255, 'residual_radius': 12.68282047726896, 'marginal_clipped_coordinates': 3539, 'parallel_clipped_rows': 0, 'residual_clipped_rows': 522, 'state_bytes': 100800, 'calibration_peak_state_bytes_bound': 5208512, 'epoch_history': []}",5488,0.629916113,20,3539,3.0,,dual_bound,6000,336000,200,0,4.0,10,522,1.5,clean,522,strong,100800,completed,0.5315528386833516,9525.077825719945,retention_audit,3.0469138196780228,0.8702456690318083
0,512,0.001829939460649422,2.3519552827683743,0.9910068352624686,0,109800,"{'effective_n': 6000, 'trim_mode': 'iqr'}",6000,1.231720996,20,0,3.0,0.23783242258652096,sketch_iqr,6000,336000,200,0,4.0,10,0,1.5,casewise_cauchy,522,strong,184024,completed,0.9289773423277624,4871.233030438656,retention_audit,3.0202223919537823,0.991828609402562
0,512,0.0014501926252063842,2.3490048282255738,0.9909874872958546,0,109800,"{'effective_n': 6000, 'trim_mode': 'mad'}",6000,1.180045194,20,0,3.0,0.23631147540983607,sketch_mad,6000,336000,200,0,4.0,10,0,1.5,casewise_cauchy,522,strong,184024,completed,0.9274625270807658,5084.5510244076295,retention_audit,3.013903693093478,0.9918250857725912
5208512,512,0.003204089896740231,3.00302784362292,0.8955807441505157,0,109800,"{'phase': 'estimating', 'ready': True, 'total_seen': 6000, 'epoch_index': 0, 'epoch_seen': 6000, 'calibration_count': 512, 'effective_n': 5488, 'serving_epoch': 0, 'serving_n': 5488, 'basis_rank': 20, 'parallel_radius': 15.312174545931255, 'residual_radius': 12.68282047726896, 'marginal_clipped_coordinates': 89271, 'parallel_clipped_rows': 27, 'residual_clipped_rows': 1010, 'state_bytes': 100800, 'calibration_peak_state_bytes_bound': 5208512, 'epoch_history': []}",5488,0.670070177,20,89271,3.0,0.21579234972677597,dual_bound,6000,336000,200,27,4.0,10,1010,1.5,casewise_cauchy,522,strong,100800,completed,0.5573864641094654,8954.285992644618,retention_audit,3.1492793537765165,0.9035084385643494
0,512,0.001877351274709593,2.2766343745967976,0.9962736407104472,0,109634,"{'effective_n': 6000, 'trim_mode': 'iqr'}",6000,1.164984499,20,0,3.0,0.23670576645931007,sketch_iqr,6000,336000,200,0,4.0,10,0,1.5,cellwise_cauchy,522,strong,184024,completed,0.8387550379214879,5150.283119775656,retention_audit,3.2156455077799215,0.9972730568748619
0,512,0.0015242588268526349,2.2783951173624555,0.9962539407869826,0,109634,"{'effective_n': 6000, 'trim_mode': 'mad'}",6000,1.095020443,20,0,3.0,0.2353923053067479,sketch_mad,6000,336000,200,0,4.0,10,0,1.5,cellwise_cauchy,522,strong,184024,completed,0.8376278149701842,5479.34975858711,retention_audit,3.2143502848842944,0.9972498651199335
5208512,512,0.003205575900385236,2.6899394436253687,0.9704355253676608,0,109634,"{'phase': 'estimating', 'ready': True, 'total_seen': 6000, 'epoch_index': 0, 'epoch_seen': 6000, 'calibration_count': 512, 'effective_n': 5488, 'serving_epoch': 0, 'serving_n': 5488, 'basis_rank': 20, 'parallel_radius': 15.312174545931255, 'residual_radius': 12.68282047726896, 'marginal_clipped_coordinates': 89122, 'parallel_clipped_rows': 0, 'residual_clipped_rows': 5488, 'state_bytes': 100800, 'calibration_peak_state_bytes_bound': 5208512, 'epoch_history': []}",5488,0.61940827,20,89122,3.0,0.21598226827444042,dual_bound,6000,336000,200,0,4.0,10,5488,1.5,cellwise_cauchy,522,strong,100800,completed,0.6552030169242025,9686.664338530709,retention_audit,3.268782958271933,0.9724789985134109
0,512,0.004660612731608879,4.388231620549199,1.0593432418072581,0,109800,"{'effective_n': 6000, 'trim_mode': 'iqr'}",6000,1.124224519,20,0,3.0,1.0,sketch_iqr,6000,336000,200,0,4.0,10,0,1.5,bounded_out_of_subspace,522,strong,184024,completed,0.5563231949580115,5337.012223623278,retention_audit,3.163271078371637,0.6672251943104606
0,512,0.004112089524857824,4.387304050140928,1.0592457619045712,0,109800,"{'effective_n': 6000, 'trim_mode': 'mad'}",6000,1.127484159,20,0,3.0,1.0,sketch_mad,6000,336000,200,0,4.0,10,0,1.5,bounded_out_of_subspace,522,strong,184024,completed,0.5563713823684886,5321.582526996727,retention_audit,3.16348927320966,0.6674696127054387
5208512,512,0.003204089896740231,4.307162196496389,1.0232700349999426,0,109800,"{'phase': 'estimating', 'ready': True, 'total_seen': 6000, 'epoch_index': 0, 'epoch_seen': 6000, 'calibration_count': 512, 'effective_n': 5488, 'serving_epoch': 0, 'serving_n': 5488, 'basis_rank': 20, 'parallel_radius': 15.312174545931255, 'residual_radius': 12.68282047726896, 'marginal_clipped_coordinates': 3165, 'parallel_clipped_rows': 0, 'residual_clipped_rows': 1010, 'state_bytes': 100800, 'calibration_peak_state_bytes_bound': 5208512, 'epoch_history': []}",5488,0.696894329,20,3165,3.0,1.0,dual_bound,6000,336000,200,0,4.0,10,1010,1.5,bounded_out_of_subspace,522,strong,100800,completed,0.6102743964322902,8609.626668378298,retention_audit,3.200335976500715,0.7133561255482541
0,512,0.004546872133553477,4.719016383101479,0.945439802726732,0,109800,"{'effective_n': 6000, 'trim_mode': 'iqr'}",6000,1.197209181,20,0,3.0,1.0,sketch_iqr,6000,336000,200,0,4.0,10,0,1.5,in_subspace_leverage,522,strong,184024,completed,0.5217956127401341,5011.655519537817,retention_audit,3.2361712363556046,0.5709618360949081
0,512,0.00401852871032838,4.718257759185456,0.9454030423952288,0,109800,"{'effective_n': 6000, 'trim_mode': 'mad'}",6000,1.207401249,20,0,3.0,1.0,sketch_mad,6000,336000,200,0,4.0,10,0,1.5,in_subspace_leverage,522,strong,184024,completed,0.5219023928694361,4969.350499653161,retention_audit,3.2365165521643746,0.5712031858874044
5208512,512,0.003204089896740231,4.839230267693151,0.9783368407485192,0,109800,"{'phase': 'estimating', 'ready': True, 'total_seen': 6000, 'epoch_index': 0, 'epoch_seen': 6000, 'calibration_count': 512, 'effective_n': 5488, 'serving_epoch': 0, 'serving_n': 5488, 'basis_rank': 20, 'parallel_radius': 15.312174545931255, 'residual_radius': 12.68282047726896, 'marginal_clipped_coordinates': 3165, 'parallel_clipped_rows': 0, 'residual_clipped_rows': 461, 'state_bytes': 100800, 'calibration_peak_state_bytes_bound': 5208512, 'epoch_history': []}",5488,0.622016113,20,3165,3.0,1.0,dual_bound,6000,336000,200,0,4.0,10,461,1.5,in_subspace_leverage,522,strong,100800,completed,0.5852450285765143,9646.052368421522,retention_audit,3.1967568377287137,0.5756472361673541
0,512,0.004285452210603559,4.358148579893465,1.0246714981029417,0,109800,"{'effective_n': 6000, 'trim_mode': 'iqr'}",6000,1.160602713,20,0,3.0,0.960719489981785,sketch_iqr,6000,336000,200,0,4.0,10,0,1.5,mixed,522,strong,184024,completed,0.5710294125859513,5169.727705091104,retention_audit,3.395961904845359,0.7129770015617897
0,512,0.003836910658594753,4.356846682272723,1.0245764141061484,0,109800,"{'effective_n': 6000, 'trim_mode': 'mad'}",6000,1.202630631,20,0,3.0,0.9607103825136613,sketch_mad,6000,336000,200,0,4.0,10,0,1.5,mixed,522,strong,184024,completed,0.5709990161433451,4989.063013479823,retention_audit,3.3953530769649305,0.7130981970979725
5208512,512,0.003204089896740231,3.8989210702700006,0.9568352082057755,0,109800,"{'phase': 'estimating', 'ready': True, 'total_seen': 6000, 'epoch_index': 0, 'epoch_seen': 6000, 'calibration_count': 512, 'effective_n': 5488, 'serving_epoch': 0, 'serving_n': 5488, 'basis_rank': 20, 'parallel_radius': 15.312174545931255, 'residual_radius': 12.68282047726896, 'marginal_clipped_coordinates': 7480, 'parallel_clipped_rows': 0, 'residual_clipped_rows': 1010, 'state_bytes': 100800, 'calibration_peak_state_bytes_bound': 5208512, 'epoch_history': []}",5488,0.635818553,20,7480,3.0,0.9607012750455374,dual_bound,6000,336000,200,0,4.0,10,1010,1.5,mixed,522,strong,100800,completed,0.5974373112535959,9436.654485293071,retention_audit,3.2014175106033935,0.7885052092973974
0,512,0.00331,3.2535683757837828,0.9982261027034728,0,0,"{'effective_n': 6000, 'trim_mode': 'iqr'}",6000,1.174791333,20,0,3.0,,sketch_iqr,6000,336000,200,0,4.0,10,0,1.5,clean,522,weak,184024,completed,0.9129437171082804,5107.289976917118,retention_audit,3.260083034249313,0.9982206440025325
0,512,0.0028583333333333334,3.253683053605109,0.998226155242209,0,0,"{'effective_n': 6000, 'trim_mode': 'mad'}",6000,1.160097927,20,0,3.0,,sketch_mad,6000,336000,200,0,4.0,10,0,1.5,clean,522,weak,184024,completed,0.9129400282053075,5171.977175681997,retention_audit,3.260251977135724,0.9982217630827204
5208512,512,0.0028498542274052476,2.780783521321658,0.9966715442928489,0,0,"{'phase': 'estimating', 'ready': True, 'total_seen': 6000, 'epoch_index': 0, 'epoch_seen': 6000, 'calibration_count': 512, 'effective_n': 5488, 'serving_epoch': 0, 'serving_n': 5488, 'basis_rank': 20, 'parallel_radius': 8.753534566848456, 'residual_radius': 14.248224709454323, 'marginal_clipped_coordinates': 3128, 'parallel_clipped_rows': 0, 'residual_clipped_rows': 397, 'state_bytes': 100800, 'calibration_peak_state_bytes_bound': 5208512, 'epoch_history': []}",5488,0.617592739,20,3128,3.0,,dual_bound,6000,336000,200,0,4.0,10,397,1.5,clean,522,weak,100800,completed,0.9112018423357635,9715.140125700214,retention_audit,2.7780644914669734,0.9966571345371213
0,512,0.0018143459915611814,3.8693718741495586,0.990256895480884,0,109800,"{'effective_n': 6000, 'trim_mode': 'iqr'}",6000,1.192313068,20,0,3.0,0.2113752276867031,sketch_iqr,6000,336000,200,0,4.0,10,0,1.5,casewise_cauchy,522,weak,184024,completed,0.9756925770811178,5032.23537595245,retention_audit,3.853053185133987,0.9929781015393183
0,512,0.0014290955787928821,3.880039819027909,0.9903911584850232,0,109800,"{'effective_n': 6000, 'trim_mode': 'mad'}",6000,1.098534762,20,0,3.0,0.21005464480874317,sketch_mad,6000,336000,200,0,4.0,10,0,1.5,casewise_cauchy,522,weak,184024,completed,0.9756525742518074,5461.82078851684,retention_audit,3.865325125940622,0.9930442976320665
5208512,512,0.0028548289127353715,2.8289315593040976,0.9965825621257768,0,109800,"{'phase': 'estimating', 'ready': True, 'total_seen': 6000, 'epoch_index': 0, 'epoch_seen': 6000, 'calibration_count': 512, 'effective_n': 5488, 'serving_epoch': 0, 'serving_n': 5488, 'basis_rank': 20, 'parallel_radius': 8.753534566848456, 'residual_radius': 14.248224709454323, 'marginal_clipped_coordinates': 91361, 'parallel_clipped_rows': 536, 'residual_clipped_rows': 908, 'state_bytes': 100800, 'calibration_peak_state_bytes_bound': 5208512, 'epoch_history': []}",5488,0.688278776,20,91361,3.0,0.19361566484517304,dual_bound,6000,336000,200,536,4.0,10,908,1.5,casewise_cauchy,522,weak,100800,completed,0.9206963645383465,8717.39796317648,retention_audit,2.8401695175810766,0.9966461354419438
0,512,0.0017889022045400156,3.264228773839406,0.9970154585870797,0,109387,"{'effective_n': 6000, 'trim_mode': 'iqr'}",6000,1.211178287,20,0,3.0,0.2119721721959648,sketch_iqr,6000,336000,200,0,4.0,10,0,1.5,cellwise_cauchy,522,weak,184024,completed,0.9509331969863443,4953.853668283272,retention_audit,3.3803507263039965,0.9981742537401572
0,512,0.001392794694359961,3.2655737886051557,0.9970339279790005,0,109387,"{'effective_n': 6000, 'trim_mode': 'mad'}",6000,1.166879519,20,0,3.0,0.21078373115635313,sketch_mad,6000,336000,200,0,4.0,10,0,1.5,cellwise_cauchy,522,weak,184024,completed,0.9508081543029846,5141.919026174972,retention_audit,3.381388903052323,0.998175363274923
5208512,512,0.0028475642396932647,2.7917471938578813,0.9964935524185383,0,109387,"{'phase': 'estimating', 'ready': True, 'total_seen': 6000, 'epoch_index': 0, 'epoch_seen': 6000, 'calibration_count': 512, 'effective_n': 5488, 'serving_epoch': 0, 'serving_n': 5488, 'basis_rank': 20, 'parallel_radius': 8.753534566848456, 'residual_radius': 14.248224709454323, 'marginal_clipped_coordinates': 90892, 'parallel_clipped_rows': 11, 'residual_clipped_rows': 5481, 'state_bytes': 100800, 'calibration_peak_state_bytes_bound': 5208512, 'epoch_history': []}",5488,0.63958881,20,90892,3.0,0.1948037701006518,dual_bound,6000,336000,200,11,4.0,10,5481,1.5,cellwise_cauchy,522,weak,100800,completed,0.9478201195966802,9381.027163373918,retention_audit,2.8436434445639875,0.9969349455659416
0,512,0.004737662814162539,10.355349928760416,1.0710116571021608,0,109800,"{'effective_n': 6000, 'trim_mode': 'iqr'}",6000,1.233612961,20,0,3.0,1.0,sketch_iqr,6000,336000,200,0,4.0,10,0,1.5,bounded_out_of_subspace,522,weak,184024,completed,0.9375957045059092,4863.762127739188,retention_audit,7.982015766038003,0.794631472115424
0,512,0.004168042560997982,10.353903394773377,1.070984201115354,0,109800,"{'effective_n': 6000, 'trim_mode': 'mad'}",6000,1.199787351,20,0,3.0,1.0,sketch_mad,6000,336000,200,0,4.0,10,0,1.5,bounded_out_of_subspace,522,weak,184024,completed,0.937611354301536,5000.88619454032,retention_audit,7.982168386488957,0.794819801282159
5208512,512,0.0028548289127353715,9.554789071891301,1.083727440619305,0,109800,"{'phase': 'estimating', 'ready': True, 'total_seen': 6000, 'epoch_index': 0, 'epoch_seen': 6000, 'calibration_count': 512, 'effective_n': 5488, 'serving_epoch': 0, 'serving_n': 5488, 'basis_rank': 20, 'parallel_radius': 8.753534566848456, 'residual_radius': 14.248224709454323, 'marginal_clipped_coordinates': 2820, 'parallel_clipped_rows': 0, 'residual_clipped_rows': 359, 'state_bytes': 100800, 'calibration_peak_state_bytes_bound': 5208512, 'epoch_history': []}",5488,0.716920155,20,2820,3.0,1.0,dual_bound,6000,336000,200,0,4.0,10,359,1.5,bounded_out_of_subspace,522,weak,100800,completed,0.9410083203619011,8369.132822050457,retention_audit,7.035652604131089,0.776583246016989
0,512,0.0052027150981471286,10.071588525102765,1.0071665869771669,0,109800,"{'effective_n': 6000, 'trim_mode': 'iqr'}",6000,1.196595026,20,0,3.0,1.0,sketch_iqr,6000,336000,200,0,4.0,10,0,1.5,in_subspace_leverage,522,weak,184024,completed,0.8988776184106614,5014.227762634875,retention_audit,7.960196673133393,0.8050302232526605
0,512,0.0046138323243441574,10.070682487021191,1.0071479233855127,0,109800,"{'effective_n': 6000, 'trim_mode': 'mad'}",6000,1.20299456,20,0,3.0,1.0,sketch_mad,6000,336000,200,0,4.0,10,0,1.5,in_subspace_leverage,522,weak,184024,completed,0.8988274568845203,4987.553725928736,retention_audit,7.960766607831809,0.8052170251248458
5208512,512,0.0028548289127353715,9.229192537882653,1.0125910003430847,0,109800,"{'phase': 'estimating', 'ready': True, 'total_seen': 6000, 'epoch_index': 0, 'epoch_seen': 6000, 'calibration_count': 512, 'effective_n': 5488, 'serving_epoch': 0, 'serving_n': 5488, 'basis_rank': 20, 'parallel_radius': 8.753534566848456, 'residual_radius': 14.248224709454323, 'marginal_clipped_coordinates': 2820, 'parallel_clipped_rows': 0, 'residual_clipped_rows': 359, 'state_bytes': 100800, 'calibration_peak_state_bytes_bound': 5208512, 'epoch_history': []}",5488,0.711279515,20,2820,3.0,1.0,dual_bound,6000,336000,200,0,4.0,10,359,1.5,in_subspace_leverage,522,weak,100800,completed,0.8966546857453938,8435.502321474843,retention_audit,7.017659366498893,0.7930889788776252
0,512,0.004368005870482481,10.017604323345672,1.0435069161897463,0,109800,"{'effective_n': 6000, 'trim_mode': 'iqr'}",6000,1.216081824,20,0,3.0,0.9591530054644809,sketch_iqr,6000,336000,200,0,4.0,10,0,1.5,mixed,522,weak,184024,completed,0.9360633391171611,4933.878528226403,retention_audit,8.11821562756108,0.8390543903457537
0,512,0.003906622638048064,10.017985174583542,1.0435117070370827,0,109800,"{'effective_n': 6000, 'trim_mode': 'mad'}",6000,1.184504763,20,0,3.0,0.959143897996357,sketch_mad,6000,336000,200,0,4.0,10,0,1.5,mixed,522,weak,184024,completed,0.935990544824007,5065.408082280544,retention_audit,8.119035668253964,0.8391140610571165
5208512,512,0.0028548289127353715,8.966346429247624,1.0380862988088078,0,109800,"{'phase': 'estimating', 'ready': True, 'total_seen': 6000, 'epoch_index': 0, 'epoch_seen': 6000, 'calibration_count': 512, 'effective_n': 5488, 'serving_epoch': 0, 'serving_n': 5488, 'basis_rank': 20, 'parallel_radius': 8.753534566848456, 'residual_radius': 14.248224709454323, 'marginal_clipped_coordinates': 7301, 'parallel_clipped_rows': 0, 'residual_clipped_rows': 607, 'state_bytes': 100800, 'calibration_peak_state_bytes_bound': 5208512, 'epoch_history': []}",5488,0.733593889,20,7301,3.0,0.9591894353369763,dual_bound,6000,336000,200,0,4.0,10,607,1.5,mixed,522,weak,100800,completed,0.9396352179137514,8178.91218829387,retention_audit,7.079207787916264,0.8419941039040635
0,512,0.0034566666666666665,3.127608026964967,0.8505984126520784,0,0,"{'effective_n': 6000, 'trim_mode': 'iqr'}",6000,1.186699616,20,0,3.0,,sketch_iqr,6000,336000,200,0,4.0,10,0,1.5,clean,523,strong,184024,completed,0.47454548425688897,5056.039387814211,retention_audit,3.1363157360278926,0.8494895088385045
0,512,0.0030283333333333334,3.1277983350586176,0.850548236014287,0,0,"{'effective_n': 6000, 'trim_mode': 'mad'}",6000,1.215465213,20,0,3.0,,sketch_mad,6000,336000,200,0,4.0,10,0,1.5,clean,523,strong,184024,completed,0.4744837574440831,4936.381507119282,retention_audit,3.136573501489894,0.8495068991346235
5208512,512,0.003186953352769679,3.080905910531446,0.8710010589831173,0,0,"{'phase': 'estimating', 'ready': True, 'total_seen': 6000, 'epoch_index': 0, 'epoch_seen': 6000, 'calibration_count': 512, 'effective_n': 5488, 'serving_epoch': 0, 'serving_n': 5488, 'basis_rank': 20, 'parallel_radius': 15.448897005962175, 'residual_radius': 12.626288565610519, 'marginal_clipped_coordinates': 3498, 'parallel_clipped_rows': 0, 'residual_clipped_rows': 700, 'state_bytes': 100800, 'calibration_peak_state_bytes_bound': 5208512, 'epoch_history': []}",5488,0.6011766,20,3498,3.0,,dual_bound,6000,336000,200,0,4.0,10,700,1.5,clean,523,strong,100800,completed,0.4893459216997129,9980.428379946925,retention_audit,3.073851358327674,0.874107485217631
0,512,0.0018932305998899284,2.4139803491497243,0.9918780248070612,0,109800,"{'effective_n': 6000, 'trim_mode': 'iqr'}",6000,1.248040283,20,0,3.0,0.23553734061930784,sketch_iqr,6000,336000,200,0,4.0,10,0,1.5,casewise_cauchy,523,strong,184024,completed,0.9387570877555768,4807.53712979311,retention_audit,3.081860551647108,0.992538758388869
0,512,0.0015217391304347826,2.4116446762939416,0.9918704615353854,0,109800,"{'effective_n': 6000, 'trim_mode': 'mad'}",6000,1.181304595,20,0,3.0,0.23406193078324225,sketch_mad,6000,336000,200,0,4.0,10,0,1.5,casewise_cauchy,523,strong,184024,completed,0.9375659002762567,5079.130332173134,retention_audit,3.075978034055402,0.9925370733228147
5208512,512,0.003173719376391982,3.1213994274327983,0.9006742927105637,0,109800,"{'phase': 'estimating', 'ready': True, 'total_seen': 6000, 'epoch_index': 0, 'epoch_seen': 6000, 'calibration_count': 512, 'effective_n': 5488, 'serving_epoch': 0, 'serving_n': 5488, 'basis_rank': 20, 'parallel_radius': 15.448897005962175, 'residual_radius': 12.626288565610519, 'marginal_clipped_coordinates': 89454, 'parallel_clipped_rows': 25, 'residual_clipped_rows': 1177, 'state_bytes': 100800, 'calibration_peak_state_bytes_bound': 5208512, 'epoch_history': []}",5488,0.611385911,20,89454,3.0,0.21385245901639344,dual_bound,6000,336000,200,25,4.0,10,1177,1.5,casewise_cauchy,523,strong,100800,completed,0.5181979816325601,9813.768835768937,retention_audit,3.260246507260809,0.9072417440276307
0,512,0.0019297012495802005,2.203815864328179,0.9941773898841706,0,110194,"{'effective_n': 6000, 'trim_mode': 'iqr'}",6000,1.161820455,20,0,3.0,0.2377261919886745,sketch_iqr,6000,336000,200,0,4.0,10,0,1.5,cellwise_cauchy,523,strong,184024,completed,0.7891165039147806,5164.309144479644,retention_audit,3.169468399415058,0.9959738527333541
0,512,0.0015617458520140281,2.204715678224415,0.9941489146052447,0,110194,"{'effective_n': 6000, 'trim_mode': 'mad'}",6000,1.172765206,20,0,3.0,0.23593843584950178,sketch_mad,6000,336000,200,0,4.0,10,0,1.5,cellwise_cauchy,523,strong,184024,completed,0.7877883405900579,5116.113582926334,retention_audit,3.1663072728625843,0.9959328070726506
5208512,512,0.0031891643356430893,2.964838600766666,0.9613200137229323,0,110194,"{'phase': 'estimating', 'ready': True, 'total_seen': 6000, 'epoch_index': 0, 'epoch_seen': 6000, 'calibration_count': 512, 'effective_n': 5488, 'serving_epoch': 0, 'serving_n': 5488, 'basis_rank': 20, 'parallel_radius': 15.448897005962175, 'residual_radius': 12.626288565610519, 'marginal_clipped_coordinates': 89615, 'parallel_clipped_rows': 0, 'residual_clipped_rows': 5487, 'state_bytes': 100800, 'calibration_peak_state_bytes_bound': 5208512, 'epoch_history': []}",5488,0.691745593,20,89615,3.0,0.21532932827558668,dual_bound,6000,336000,200,0,4.0,10,5487,1.5,cellwise_cauchy,523,strong,100800,completed,0.6210062223261547,8673.709035107651,retention_audit,3.5385322768454834,0.9636385003472776
0,512,0.005261419922949918,3.6786672596240098,0.9286166040870053,0,109800,"{'effective_n': 6000, 'trim_mode': 'iqr'}",6000,1.156718939,20,0,3.0,1.0,sketch_iqr,6000,336000,200,0,4.0,10,0,1.5,bounded_out_of_subspace,523,strong,184024,completed,0.5387130640726423,5187.085468823642,retention_audit,3.078907861290417,0.7876023497350461
0,512,0.004721152082186755,3.67796540391694,0.9285148458454363,0,109800,"{'effective_n': 6000, 'trim_mode': 'mad'}",6000,1.161036533,20,0,3.0,1.0,sketch_mad,6000,336000,200,0,4.0,10,0,1.5,bounded_out_of_subspace,523,strong,184024,completed,0.5387549591469452,5167.796042125058,retention_audit,3.0786630797038455,0.7876997314260584
5208512,512,0.003173719376391982,3.8541683542614154,0.9550190816026588,0,109800,"{'phase': 'estimating', 'ready': True, 'total_seen': 6000, 'epoch_index': 0, 'epoch_seen': 6000, 'calibration_count': 512, 'effective_n': 5488, 'serving_epoch': 0, 'serving_n': 5488, 'basis_rank': 20, 'parallel_radius': 15.448897005962175, 'residual_radius': 12.626288565610519, 'marginal_clipped_coordinates': 3135, 'parallel_clipped_rows': 0, 'residual_clipped_rows': 628, 'state_bytes': 100800, 'calibration_peak_state_bytes_bound': 5208512, 'epoch_history': []}",5488,0.660747494,20,3135,3.0,1.0,dual_bound,6000,336000,200,0,4.0,10,628,1.5,bounded_out_of_subspace,523,strong,100800,completed,0.5696532071729917,9080.62467808618,retention_audit,3.1295045739059075,0.7864189277617176
0,512,0.004821133736929004,4.718948003766197,0.9350949235510657,0,109800,"{'effective_n': 6000, 'trim_mode': 'iqr'}",6000,1.228424204,20,0,3.0,1.0,sketch_iqr,6000,336000,200,0,4.0,10,0,1.5,in_subspace_leverage,523,strong,184024,completed,0.5606872609682954,4884.306235958861,retention_audit,3.317931337597709,0.5748309440656005
0,512,0.004325811777655476,4.717848689784947,0.935006667916469,0,109800,"{'effective_n': 6000, 'trim_mode': 'mad'}",6000,1.152894129,20,0,3.0,1.0,sketch_mad,6000,336000,200,0,4.0,10,0,1.5,in_subspace_leverage,523,strong,184024,completed,0.5606457145466435,5204.294001570026,retention_audit,3.317554286524772,0.5749644911319922
5208512,512,0.003173719376391982,4.885565325348944,0.9698759712552704,0,109800,"{'phase': 'estimating', 'ready': True, 'total_seen': 6000, 'epoch_index': 0, 'epoch_seen': 6000, 'calibration_count': 512, 'effective_n': 5488, 'serving_epoch': 0, 'serving_n': 5488, 'basis_rank': 20, 'parallel_radius': 15.448897005962175, 'residual_radius': 12.626288565610519, 'marginal_clipped_coordinates': 3135, 'parallel_clipped_rows': 0, 'residual_clipped_rows': 628, 'state_bytes': 100800, 'calibration_peak_state_bytes_bound': 5208512, 'epoch_history': []}",5488,0.620031915,20,3135,3.0,1.0,dual_bound,6000,336000,200,0,4.0,10,628,1.5,in_subspace_leverage,523,strong,100800,completed,0.5812462401909908,9676.921227514555,retention_audit,3.3119871578241615,0.5767211282542846
0,512,0.004829389102916896,3.622181021755421,0.9221802352965577,0,109800,"{'effective_n': 6000, 'trim_mode': 'iqr'}",6000,1.224985139,20,0,3.0,0.9603369763205829,sketch_iqr,6000,336000,200,0,4.0,10,0,1.5,mixed,523,strong,184024,completed,0.5451838696918089,4898.018603636301,retention_audit,3.2121798815402705,0.8200905678485653
0,512,0.004430379746835443,3.6215148888999735,0.9220657974880893,0,109800,"{'effective_n': 6000, 'trim_mode': 'mad'}",6000,1.19690731,20,0,3.0,0.9603551912568306,sketch_mad,6000,336000,200,0,4.0,10,0,1.5,mixed,523,strong,184024,completed,0.54511590408143,5012.919505019983,retention_audit,3.2114301586967504,0.8200260367930915
5208512,512,0.003173719376391982,3.468647001209115,0.92502614373956,0,109800,"{'phase': 'estimating', 'ready': True, 'total_seen': 6000, 'epoch_index': 0, 'epoch_seen': 6000, 'calibration_count': 512, 'effective_n': 5488, 'serving_epoch': 0, 'serving_n': 5488, 'basis_rank': 20, 'parallel_radius': 15.448897005962175, 'residual_radius': 12.626288565610519, 'marginal_clipped_coordinates': 7476, 'parallel_clipped_rows': 0, 'residual_clipped_rows': 903, 'state_bytes': 100800, 'calibration_peak_state_bytes_bound': 5208512, 'epoch_history': []}",5488,0.692699714,20,7476,3.0,0.9604644808743169,dual_bound,6000,336000,200,0,4.0,10,903,1.5,mixed,523,strong,100800,completed,0.5515048319884125,8661.76191318595,retention_audit,3.0628926374657097,0.8452918712701011
0,512,0.003375833333333333,3.2812404842393073,0.9981446166227468,0,0,"{'effective_n': 6000, 'trim_mode': 'iqr'}",6000,1.193070894,20,0,3.0,,sketch_iqr,6000,336000,200,0,4.0,10,0,1.5,clean,523,weak,184024,completed,0.9027227361163473,5029.03895332141,retention_audit,3.2867711456864446,0.9981380238003867
0,512,0.002959166666666667,3.2811513163306625,0.9981444697326567,0,0,"{'effective_n': 6000, 'trim_mode': 'mad'}",6000,1.221955556,20,0,3.0,,sketch_mad,6000,336000,200,0,4.0,10,0,1.5,clean,523,weak,184024,completed,0.9027447832911917,4910.1622154251245,retention_audit,3.286653059051426,0.998138880062836
5208512,512,0.0032206632653061225,2.7470501532666445,0.9965301775182881,0,0,"{'phase': 'estimating', 'ready': True, 'total_seen': 6000, 'epoch_index': 0, 'epoch_seen': 6000, 'calibration_count': 512, 'effective_n': 5488, 'serving_epoch': 0, 'serving_n': 5488, 'basis_rank': 20, 'parallel_radius': 8.38916763075278, 'residual_radius': 14.356078160933217, 'marginal_clipped_coordinates': 3535, 'parallel_clipped_rows': 0, 'residual_clipped_rows': 444, 'state_bytes': 100800, 'calibration_peak_state_bytes_bound': 5208512, 'epoch_history': []}",5488,0.690991474,20,3535,3.0,,dual_bound,6000,336000,200,0,4.0,10,444,1.5,clean,523,weak,100800,completed,0.9108041888441223,8683.175155935425,retention_audit,2.746207947019787,0.9964857684714226
0,512,0.001710695285268758,4.328610890321367,0.9921445549567897,0,109800,"{'effective_n': 6000, 'trim_mode': 'iqr'}",6000,1.206570327,20,0,3.0,0.216183970856102,sketch_iqr,6000,336000,200,0,4.0,10,0,1.5,casewise_cauchy,523,weak,184024,completed,0.9581472397675361,4972.772714308595,retention_audit,4.325537795974942,0.9944814148284554
0,512,0.0013382865529260686,4.336738644506273,0.9922433606143526,0,109800,"{'effective_n': 6000, 'trim_mode': 'mad'}",6000,1.18840509,20,0,3.0,0.21494535519125682,sketch_mad,6000,336000,200,0,4.0,10,0,1.5,casewise_cauchy,523,weak,184024,completed,0.9577604725160032,5048.7834918310555,retention_audit,4.335201548812241,0.9945210578609589
5208512,512,0.0032324357157319295,2.7734341695196045,0.9966522394726178,0,109800,"{'phase': 'estimating', 'ready': True, 'total_seen': 6000, 'epoch_index': 0, 'epoch_seen': 6000, 'calibration_count': 512, 'effective_n': 5488, 'serving_epoch': 0, 'serving_n': 5488, 'basis_rank': 20, 'parallel_radius': 8.38916763075278, 'residual_radius': 14.356078160933217, 'marginal_clipped_coordinates': 91588, 'parallel_clipped_rows': 538, 'residual_clipped_rows': 948, 'state_bytes': 100800, 'calibration_peak_state_bytes_bound': 5208512, 'epoch_history': []}",5488,0.654580575,20,91588,3.0,0.19494535519125683,dual_bound,6000,336000,200,538,4.0,10,948,1.5,casewise_cauchy,523,weak,100800,completed,0.9146312081674182,9166.174844097688,retention_audit,2.7899400197518234,0.9966972338864009
0,512,0.0018048340955067973,3.2734016117034836,0.9970745763710261,0,109041,"{'effective_n': 6000, 'trim_mode': 'iqr'}",6000,1.198312829,20,0,3.0,0.21072807476086977,sketch_iqr,6000,336000,200,0,4.0,10,0,1.5,cellwise_cauchy,523,weak,184024,completed,0.9474052032641095,5007.039776922892,retention_audit,3.3910460385221195,0.9981941963025663
0,512,0.0014455172009213912,3.273117201203574,0.9970842089337941,0,109041,"{'effective_n': 6000, 'trim_mode': 'mad'}",6000,1.220754613,20,0,3.0,0.20950835007015708,sketch_mad,6000,336000,200,0,4.0,10,0,1.5,cellwise_cauchy,523,weak,184024,completed,0.9471864428766503,4914.992690672716,retention_audit,3.3904113238192064,0.9981912016469009
5208512,512,0.0032289423291882425,2.807293176585228,0.9963728615848134,0,109041,"{'phase': 'estimating', 'ready': True, 'total_seen': 6000, 'epoch_index': 0, 'epoch_seen': 6000, 'calibration_count': 512, 'effective_n': 5488, 'serving_epoch': 0, 'serving_n': 5488, 'basis_rank': 20, 'parallel_radius': 8.38916763075278, 'residual_radius': 14.356078160933217, 'marginal_clipped_coordinates': 91396, 'parallel_clipped_rows': 29, 'residual_clipped_rows': 5477, 'state_bytes': 100800, 'calibration_peak_state_bytes_bound': 5208512, 'epoch_history': []}",5488,0.664068074,20,91396,3.0,0.19109325849909667,dual_bound,6000,336000,200,29,4.0,10,5477,1.5,cellwise_cauchy,523,weak,100800,completed,0.9410925050839885,9035.218277938175,retention_audit,2.8587967462371435,0.9967447354921909
0,512,0.004597321592368373,11.156442451890436,1.1414065961060207,0,109800,"{'effective_n': 6000, 'trim_mode': 'iqr'}",6000,1.242021568,20,0,3.0,1.0,sketch_iqr,6000,336000,200,0,4.0,10,0,1.5,bounded_out_of_subspace,523,weak,184024,completed,0.9364672954271692,4830.8339843579915,retention_audit,7.941574937882691,0.7260862514284822
0,512,0.0040598055402678405,11.156534433136224,1.141362037058392,0,109800,"{'effective_n': 6000, 'trim_mode': 'mad'}",6000,1.17777075,20,0,3.0,1.0,sketch_mad,6000,336000,200,0,4.0,10,0,1.5,bounded_out_of_subspace,523,weak,184024,completed,0.9364550717230131,5094.370020651302,retention_audit,7.944194260483238,0.7263485193576324
5208512,512,0.0032324357157319295,10.250888230539525,1.1639040451939924,0,109800,"{'phase': 'estimating', 'ready': True, 'total_seen': 6000, 'epoch_index': 0, 'epoch_seen': 6000, 'calibration_count': 512, 'effective_n': 5488, 'serving_epoch': 0, 'serving_n': 5488, 'basis_rank': 20, 'parallel_radius': 8.38916763075278, 'residual_radius': 14.356078160933217, 'marginal_clipped_coordinates': 3193, 'parallel_clipped_rows': 0, 'residual_clipped_rows': 399, 'state_bytes': 100800, 'calibration_peak_state_bytes_bound': 5208512, 'epoch_history': []}",5488,0.735124502,20,3193,3.0,1.0,dual_bound,6000,336000,200,0,4.0,10,399,1.5,bounded_out_of_subspace,523,weak,100800,completed,0.9367453635373364,8161.882760914967,retention_audit,6.899157301639847,0.708023494526088
0,512,0.004769767015226564,11.137470679335404,1.2354535508850888,0,109800,"{'effective_n': 6000, 'trim_mode': 'iqr'}",6000,1.254707698,20,0,3.0,1.0,sketch_iqr,6000,336000,200,0,4.0,10,0,1.5,in_subspace_leverage,523,weak,184024,completed,0.9043768305792849,4781.9902671865175,retention_audit,7.035889747207061,0.6054745509387148
0,512,0.004273527793065493,11.138115324689396,1.2354094137748164,0,109800,"{'effective_n': 6000, 'trim_mode': 'mad'}",6000,1.196000289,20,0,3.0,1.0,sketch_mad,6000,336000,200,0,4.0,10,0,1.5,in_subspace_leverage,523,weak,184024,completed,0.904352698182014,5016.7211957922855,retention_audit,7.038824124130655,0.6057289785432728
5208512,512,0.0032324357157319295,10.411454011437554,1.2830944116301597,0,109800,"{'phase': 'estimating', 'ready': True, 'total_seen': 6000, 'epoch_index': 0, 'epoch_seen': 6000, 'calibration_count': 512, 'effective_n': 5488, 'serving_epoch': 0, 'serving_n': 5488, 'basis_rank': 20, 'parallel_radius': 8.38916763075278, 'residual_radius': 14.356078160933217, 'marginal_clipped_coordinates': 3193, 'parallel_clipped_rows': 0, 'residual_clipped_rows': 399, 'state_bytes': 100800, 'calibration_peak_state_bytes_bound': 5208512, 'epoch_history': []}",5488,0.616680718,20,3193,3.0,1.0,dual_bound,6000,336000,200,0,4.0,10,399,1.5,in_subspace_leverage,523,weak,100800,completed,0.9037858115968879,9729.508033685594,retention_audit,6.210658444111822,0.5846564442617025
0,512,0.004243258117776555,10.962105009560492,1.1008748485725777,0,109800,"{'effective_n': 6000, 'trim_mode': 'iqr'}",6000,1.237629537,20,0,3.0,0.9603460837887068,sketch_iqr,6000,336000,200,0,4.0,10,0,1.5,mixed,523,weak,184024,completed,0.9362863447775502,4847.9773798417355,retention_audit,8.260583680044059,0.7716530121033148
0,512,0.0038002201430930105,10.962245687928933,1.1008600853691004,0,109800,"{'effective_n': 6000, 'trim_mode': 'mad'}",6000,1.112126309,20,0,3.0,0.9603734061930783,sketch_mad,6000,336000,200,0,4.0,10,0,1.5,mixed,523,weak,184024,completed,0.9362641421489492,5395.070642106354,retention_audit,8.262468919175205,0.7718089420604205
5208512,512,0.0032324357157319295,9.834159822161745,1.0836981198765412,0,109800,"{'phase': 'estimating', 'ready': True, 'total_seen': 6000, 'epoch_index': 0, 'epoch_seen': 6000, 'calibration_count': 512, 'effective_n': 5488, 'serving_epoch': 0, 'serving_n': 5488, 'basis_rank': 20, 'parallel_radius': 8.38916763075278, 'residual_radius': 14.356078160933217, 'marginal_clipped_coordinates': 7564, 'parallel_clipped_rows': 0, 'residual_clipped_rows': 669, 'state_bytes': 100800, 'calibration_peak_state_bytes_bound': 5208512, 'epoch_history': []}",5488,0.685065658,20,7564,3.0,0.9601912568306011,dual_bound,6000,336000,200,0,4.0,10,669,1.5,mixed,523,weak,100800,completed,0.9335388457539621,8758.284596423311,retention_audit,7.264052661540209,0.7854812842628207
0,512,0.0032725,3.1810987539954834,0.853568333024874,0,0,"{'effective_n': 6000, 'trim_mode': 'iqr'}",6000,1.215327741,20,0,3.0,,sketch_iqr,6000,336000,200,0,4.0,10,0,1.5,clean,524,strong,184024,completed,0.45362974970663633,4936.939886736281,retention_audit,3.1825802624615123,0.8528255978988797
0,512,0.0028275,3.18168445848919,0.8534770896566998,0,0,"{'effective_n': 6000, 'trim_mode': 'mad'}",6000,1.160995307,20,0,3.0,,sketch_mad,6000,336000,200,0,4.0,10,0,1.5,clean,524,strong,184024,completed,0.45366040881405406,5167.979546363489,retention_audit,3.1828111016105676,0.8528188273510118
5208512,512,0.0028826530612244897,3.061025951440423,0.8768013123766206,0,0,"{'phase': 'estimating', 'ready': True, 'total_seen': 6000, 'epoch_index': 0, 'epoch_seen': 6000, 'calibration_count': 512, 'effective_n': 5488, 'serving_epoch': 0, 'serving_n': 5488, 'basis_rank': 20, 'parallel_radius': 15.407707485171285, 'residual_radius': 12.557478821048306, 'marginal_clipped_coordinates': 3164, 'parallel_clipped_rows': 0, 'residual_clipped_rows': 667, 'state_bytes': 100800, 'calibration_peak_state_bytes_bound': 5208512, 'epoch_history': []}",5488,0.644751474,20,3164,3.0,,dual_bound,6000,336000,200,0,4.0,10,667,1.5,clean,524,strong,100800,completed,0.5041993869121758,9305.911257211023,retention_audit,3.0466566900180614,0.8823092148216355
0,512,0.0017446340121078702,2.4375363591048003,0.9921898534494539,0,109800,"{'effective_n': 6000, 'trim_mode': 'iqr'}",6000,1.207784336,20,0,3.0,0.23712204007285975,sketch_iqr,6000,336000,200,0,4.0,10,0,1.5,casewise_cauchy,524,strong,184024,completed,0.9404453384931297,4967.7743129796645,retention_audit,3.08319020830456,0.9924545693611518
0,512,0.00136947349110255,2.439356073875179,0.9922212866898557,0,109800,"{'effective_n': 6000, 'trim_mode': 'mad'}",6000,1.203894238,20,0,3.0,0.23570127504553734,sketch_mad,6000,336000,200,0,4.0,10,0,1.5,casewise_cauchy,524,strong,184024,completed,0.9395581899058706,4983.826494566211,retention_audit,3.0828142846912368,0.992491485892522
5208512,512,0.00288115003037052,3.0222946226867884,0.904675717321129,0,109800,"{'phase': 'estimating', 'ready': True, 'total_seen': 6000, 'epoch_index': 0, 'epoch_seen': 6000, 'calibration_count': 512, 'effective_n': 5488, 'serving_epoch': 0, 'serving_n': 5488, 'basis_rank': 20, 'parallel_radius': 15.407707485171285, 'residual_radius': 12.557478821048306, 'marginal_clipped_coordinates': 88887, 'parallel_clipped_rows': 32, 'residual_clipped_rows': 1150, 'state_bytes': 100800, 'calibration_peak_state_bytes_bound': 5208512, 'epoch_history': []}",5488,0.597530619,20,88887,3.0,0.21638433515482697,dual_bound,6000,336000,200,32,4.0,10,1150,1.5,casewise_cauchy,524,strong,100800,completed,0.5677718148829707,10041.326434520337,retention_audit,3.147490867439927,0.9132675946654893
0,512,0.001754093036654306,2.2425266768069814,0.9954204366718269,0,109978,"{'effective_n': 6000, 'trim_mode': 'iqr'}",6000,1.180346968,20,0,3.0,0.23914782956591318,sketch_iqr,6000,336000,200,0,4.0,10,0,1.5,cellwise_cauchy,524,strong,184024,completed,0.7988929260031342,5083.251080117994,retention_audit,3.1736946482887487,0.9967610770878189
0,512,0.0013715319507312696,2.2432506398203174,0.9954071233367698,0,109978,"{'effective_n': 6000, 'trim_mode': 'mad'}",6000,1.15022102,20,0,3.0,0.23738384040444452,sketch_mad,6000,336000,200,0,4.0,10,0,1.5,cellwise_cauchy,524,strong,184024,completed,0.7978234317547175,5216.388759788097,retention_audit,3.170250528024734,0.9967373664469108
5208512,512,0.002877619170087341,2.648283672060785,0.9714790823081675,0,109978,"{'phase': 'estimating', 'ready': True, 'total_seen': 6000, 'epoch_index': 0, 'epoch_seen': 6000, 'calibration_count': 512, 'effective_n': 5488, 'serving_epoch': 0, 'serving_n': 5488, 'basis_rank': 20, 'parallel_radius': 15.407707485171285, 'residual_radius': 12.557478821048306, 'marginal_clipped_coordinates': 88839, 'parallel_clipped_rows': 0, 'residual_clipped_rows': 5488, 'state_bytes': 100800, 'calibration_peak_state_bytes_bound': 5208512, 'epoch_history': []}",5488,0.65254764,20,88839,3.0,0.2180527014493808,dual_bound,6000,336000,200,0,4.0,10,5488,1.5,cellwise_cauchy,524,strong,100800,completed,0.6098842658413678,9194.730977802632,retention_audit,3.167833488803807,0.9738497450264102
0,512,0.004597321592368373,4.2218023376678895,0.9802448952973665,0,109800,"{'effective_n': 6000, 'trim_mode': 'iqr'}",6000,1.21354683,20,0,3.0,1.0,sketch_iqr,6000,336000,200,0,4.0,10,0,1.5,bounded_out_of_subspace,524,strong,184024,completed,0.5515203782634098,4944.184972243716,retention_audit,3.315770026088813,0.7352839448029668
0,512,0.004029535864978903,4.220805979274782,0.9801044333081605,0,109800,"{'effective_n': 6000, 'trim_mode': 'mad'}",6000,1.165070898,20,0,3.0,1.0,sketch_mad,6000,336000,200,0,4.0,10,0,1.5,bounded_out_of_subspace,524,strong,184024,completed,0.5515491114666738,5149.901186528478,retention_audit,3.315491284710265,0.7354577601500392
5208512,512,0.00288115003037052,4.45079248876985,1.0170968825856002,0,109800,"{'phase': 'estimating', 'ready': True, 'total_seen': 6000, 'epoch_index': 0, 'epoch_seen': 6000, 'calibration_count': 512, 'effective_n': 5488, 'serving_epoch': 0, 'serving_n': 5488, 'basis_rank': 20, 'parallel_radius': 15.407707485171285, 'residual_radius': 12.557478821048306, 'marginal_clipped_coordinates': 2846, 'parallel_clipped_rows': 0, 'residual_clipped_rows': 601, 'state_bytes': 100800, 'calibration_peak_state_bytes_bound': 5208512, 'epoch_history': []}",5488,0.577101391,20,2846,3.0,1.0,dual_bound,6000,336000,200,0,4.0,10,601,1.5,bounded_out_of_subspace,524,strong,100800,completed,0.584800369284489,10396.78658476843,retention_audit,3.3762998968903037,0.7327584996956271
0,512,0.004502843514951385,5.015482106359815,0.9951117129101398,0,109800,"{'effective_n': 6000, 'trim_mode': 'iqr'}",6000,1.219837612,20,0,3.0,1.0,sketch_iqr,6000,336000,200,0,4.0,10,0,1.5,in_subspace_leverage,524,strong,184024,completed,0.5471390282995721,4918.687488380216,retention_audit,3.349793021284039,0.5443786393939888
0,512,0.0039350577875619155,5.014676194568771,0.9950529849658726,0,109800,"{'effective_n': 6000, 'trim_mode': 'mad'}",6000,1.125387273,20,0,3.0,1.0,sketch_mad,6000,336000,200,0,4.0,10,0,1.5,in_subspace_leverage,524,strong,184024,completed,0.5471112503243979,5331.498004243024,retention_audit,3.350042983760522,0.5446057072632359
5208512,512,0.00288115003037052,5.208860180718436,1.0406989619365532,0,109800,"{'phase': 'estimating', 'ready': True, 'total_seen': 6000, 'epoch_index': 0, 'epoch_seen': 6000, 'calibration_count': 512, 'effective_n': 5488, 'serving_epoch': 0, 'serving_n': 5488, 'basis_rank': 20, 'parallel_radius': 15.407707485171285, 'residual_radius': 12.557478821048306, 'marginal_clipped_coordinates': 2846, 'parallel_clipped_rows': 0, 'residual_clipped_rows': 601, 'state_bytes': 100800, 'calibration_peak_state_bytes_bound': 5208512, 'epoch_history': []}",5488,0.729977315,20,2846,3.0,1.0,dual_bound,6000,336000,200,0,4.0,10,601,1.5,in_subspace_leverage,524,strong,100800,completed,0.5890269704027463,8219.43350390279,retention_audit,3.3490790640819634,0.5452223398196839
0,512,0.004177215189873418,4.16189412577964,0.9618074269614161,0,109800,"{'effective_n': 6000, 'trim_mode': 'iqr'}",6000,1.218404173,20,0,3.0,0.9599544626593807,sketch_iqr,6000,336000,200,0,4.0,10,0,1.5,mixed,524,strong,184024,completed,0.5594510520739538,4924.474269672417,retention_audit,3.4967308198385636,0.7755912904206084
0,512,0.0037662814162538983,4.161075575681847,0.9617110609398383,0,109800,"{'effective_n': 6000, 'trim_mode': 'mad'}",6000,1.195088177,20,0,3.0,0.9599180327868853,sketch_mad,6000,336000,200,0,4.0,10,0,1.5,mixed,524,strong,184024,completed,0.5596765169134781,5020.550044316939,retention_audit,3.4962279295666248,0.7756649191166158
5208512,512,0.00288115003037052,3.9784709320449085,0.9551159393848856,0,109800,"{'phase': 'estimating', 'ready': True, 'total_seen': 6000, 'epoch_index': 0, 'epoch_seen': 6000, 'calibration_count': 512, 'effective_n': 5488, 'serving_epoch': 0, 'serving_n': 5488, 'basis_rank': 20, 'parallel_radius': 15.407707485171285, 'residual_radius': 12.557478821048306, 'marginal_clipped_coordinates': 7239, 'parallel_clipped_rows': 0, 'residual_clipped_rows': 876, 'state_bytes': 100800, 'calibration_peak_state_bytes_bound': 5208512, 'epoch_history': []}",5488,0.7594509,20,7239,3.0,0.9599908925318761,dual_bound,6000,336000,200,0,4.0,10,876,1.5,mixed,524,strong,100800,completed,0.5762365316973559,7900.444913555307,retention_audit,3.337131967279161,0.811110339396627
0,512,0.0033566666666666667,3.325081553097093,0.998122057348656,0,0,"{'effective_n': 6000, 'trim_mode': 'iqr'}",6000,1.207407111,20,0,3.0,,sketch_iqr,6000,336000,200,0,4.0,10,0,1.5,clean,524,weak,184024,completed,0.8892897761189753,4969.326373298128,retention_audit,3.331948868867609,0.9981152173457334
0,512,0.0029275,3.325331027861811,0.9981224791340816,0,0,"{'effective_n': 6000, 'trim_mode': 'mad'}",6000,1.198104395,20,0,3.0,,sketch_mad,6000,336000,200,0,4.0,10,0,1.5,clean,524,weak,184024,completed,0.8893252690257579,5007.910850706795,retention_audit,3.332352257482594,0.9981170267588019
5208512,512,0.00298469387755102,2.7640400480438014,0.9965426429267064,0,0,"{'phase': 'estimating', 'ready': True, 'total_seen': 6000, 'epoch_index': 0, 'epoch_seen': 6000, 'calibration_count': 512, 'effective_n': 5488, 'serving_epoch': 0, 'serving_n': 5488, 'basis_rank': 20, 'parallel_radius': 8.437866651519053, 'residual_radius': 14.291431766054862, 'marginal_clipped_coordinates': 3276, 'parallel_clipped_rows': 0, 'residual_clipped_rows': 505, 'state_bytes': 100800, 'calibration_peak_state_bytes_bound': 5208512, 'epoch_history': []}",5488,0.641560031,20,3276,3.0,,dual_bound,6000,336000,200,0,4.0,10,505,1.5,clean,524,weak,100800,completed,0.8963693125134454,9352.20355084745,retention_audit,2.7612757013567517,0.9965148342049118
0,512,0.0018079251513483765,3.6396365769894823,0.9886747057877251,0,109800,"{'effective_n': 6000, 'trim_mode': 'iqr'}",6000,1.215832036,20,0,3.0,0.210856102003643,sketch_iqr,6000,336000,200,0,4.0,10,0,1.5,casewise_cauchy,524,weak,184024,completed,0.9626148131023343,4934.892174530595,retention_audit,3.6179729122750404,0.9919574460420046
0,512,0.0014079985323793799,3.6472388754970506,0.9888203062216903,0,109800,"{'effective_n': 6000, 'trim_mode': 'mad'}",6000,1.207675413,20,0,3.0,0.2094808743169399,sketch_mad,6000,336000,200,0,4.0,10,0,1.5,casewise_cauchy,524,weak,184024,completed,0.9625152831148985,4968.222367875597,retention_audit,3.626903404375202,0.9920228993548071
5208512,512,0.002971249240736991,2.7195071934829347,0.9963882703980075,0,109800,"{'phase': 'estimating', 'ready': True, 'total_seen': 6000, 'epoch_index': 0, 'epoch_seen': 6000, 'calibration_count': 512, 'effective_n': 5488, 'serving_epoch': 0, 'serving_n': 5488, 'basis_rank': 20, 'parallel_radius': 8.437866651519053, 'residual_radius': 14.291431766054862, 'marginal_clipped_coordinates': 91634, 'parallel_clipped_rows': 538, 'residual_clipped_rows': 993, 'state_bytes': 100800, 'calibration_peak_state_bytes_bound': 5208512, 'epoch_history': []}",5488,0.674351894,20,91634,3.0,0.19217668488160292,dual_bound,6000,336000,200,538,4.0,10,993,1.5,casewise_cauchy,524,weak,100800,completed,0.9035212275151057,8897.431820663056,retention_audit,2.735582317336955,0.9964711985903068
0,512,0.0018139333558317315,3.3316781623121643,0.9971531812800789,0,109552,"{'effective_n': 6000, 'trim_mode': 'iqr'}",6000,1.194747815,20,0,3.0,0.2117624507083394,sketch_iqr,6000,336000,200,0,4.0,10,0,1.5,cellwise_cauchy,524,weak,184024,completed,0.9362822549637925,5021.980308036806,retention_audit,3.452294031413143,0.9982812478811269
0,512,0.001432438777456605,3.329235105062896,0.997160628409749,0,109552,"{'effective_n': 6000, 'trim_mode': 'mad'}",6000,1.176848419,20,0,3.0,0.2104936468526362,sketch_mad,6000,336000,200,0,4.0,10,0,1.5,cellwise_cauchy,524,weak,184024,completed,0.9361185443677993,5098.362629486611,retention_audit,3.4493725606971615,0.9982754133064311
5208512,512,0.002975563940213431,2.834340234430024,0.9964077370538252,0,109552,"{'phase': 'estimating', 'ready': True, 'total_seen': 6000, 'epoch_index': 0, 'epoch_seen': 6000, 'calibration_count': 512, 'effective_n': 5488, 'serving_epoch': 0, 'serving_n': 5488, 'basis_rank': 20, 'parallel_radius': 8.437866651519053, 'residual_radius': 14.291431766054862, 'marginal_clipped_coordinates': 91282, 'parallel_clipped_rows': 19, 'residual_clipped_rows': 5483, 'state_bytes': 100800, 'calibration_peak_state_bytes_bound': 5208512, 'epoch_history': []}",5488,0.702392711,20,91282,3.0,0.1936066890609026,dual_bound,6000,336000,200,19,4.0,10,5483,1.5,cellwise_cauchy,524,weak,100800,completed,0.9331024978419024,8542.229875161674,retention_audit,2.884286778410455,0.9968103885894044
0,512,0.00497156485048615,10.571634939115182,1.080342866274858,0,109800,"{'effective_n': 6000, 'trim_mode': 'iqr'}",6000,1.283543521,20,0,3.0,1.0,sketch_iqr,6000,336000,200,0,4.0,10,0,1.5,bounded_out_of_subspace,524,weak,184024,completed,0.9293507807750733,4674.559063899478,retention_audit,8.05297914753211,0.7838101230958311
0,512,0.004441386901485966,10.570525323275891,1.0803052751148727,0,109800,"{'effective_n': 6000, 'trim_mode': 'mad'}",6000,1.200700797,20,0,3.0,1.0,sketch_mad,6000,336000,200,0,4.0,10,0,1.5,bounded_out_of_subspace,524,weak,184024,completed,0.9293287996017161,4997.08171677011,retention_audit,8.053750694360074,0.7840246203384432
5208512,512,0.002971249240736991,9.651162892859375,1.092058815843218,0,109800,"{'phase': 'estimating', 'ready': True, 'total_seen': 6000, 'epoch_index': 0, 'epoch_seen': 6000, 'calibration_count': 512, 'effective_n': 5488, 'serving_epoch': 0, 'serving_n': 5488, 'basis_rank': 20, 'parallel_radius': 8.437866651519053, 'residual_radius': 14.291431766054862, 'marginal_clipped_coordinates': 2935, 'parallel_clipped_rows': 0, 'residual_clipped_rows': 444, 'state_bytes': 100800, 'calibration_peak_state_bytes_bound': 5208512, 'epoch_history': []}",5488,0.678881877,20,2935,3.0,1.0,dual_bound,6000,336000,200,0,4.0,10,444,1.5,bounded_out_of_subspace,524,weak,100800,completed,0.9290980669587309,8838.06182382447,retention_audit,7.004409176060895,0.7703432851728724
0,512,0.004318473674555128,10.838184802649646,1.2397269720817867,0,109800,"{'effective_n': 6000, 'trim_mode': 'iqr'}",6000,1.285246314,20,0,3.0,1.0,sketch_iqr,6000,336000,200,0,4.0,10,0,1.5,in_subspace_leverage,524,weak,184024,completed,0.9110847011329339,4668.365849131702,retention_audit,6.661564944111988,0.6046477557474772
0,512,0.003818565400843882,10.83772945278284,1.2397105034277895,0,109800,"{'effective_n': 6000, 'trim_mode': 'mad'}",6000,1.17434495,20,0,3.0,1.0,sketch_mad,6000,336000,200,0,4.0,10,0,1.5,in_subspace_leverage,524,weak,184024,completed,0.9110708926193278,5109.231320831243,retention_audit,6.663292040724045,0.6048670679598726
5208512,512,0.002971249240736991,10.127274856140017,1.294875004340311,0,109800,"{'phase': 'estimating', 'ready': True, 'total_seen': 6000, 'epoch_index': 0, 'epoch_seen': 6000, 'calibration_count': 512, 'effective_n': 5488, 'serving_epoch': 0, 'serving_n': 5488, 'basis_rank': 20, 'parallel_radius': 8.437866651519053, 'residual_radius': 14.291431766054862, 'marginal_clipped_coordinates': 2935, 'parallel_clipped_rows': 0, 'residual_clipped_rows': 444, 'state_bytes': 100800, 'calibration_peak_state_bytes_bound': 5208512, 'epoch_history': []}",5488,0.731753901,20,2935,3.0,1.0,dual_bound,6000,336000,200,0,4.0,10,444,1.5,in_subspace_leverage,524,weak,100800,completed,0.9045933218877701,8199.477982694074,retention_audit,5.845833947888761,0.5731886753268198
0,512,0.004577141808842414,10.353240089660535,1.051829440689274,0,109800,"{'effective_n': 6000, 'trim_mode': 'iqr'}",6000,1.194257984,20,0,3.0,0.9600455373406193,sketch_iqr,6000,336000,200,0,4.0,10,0,1.5,mixed,524,weak,184024,completed,0.9276868570174372,5024.040098860248,retention_audit,8.305704057762858,0.8273932982467561
0,512,0.004171711612548156,10.35244299275529,1.0518462904795147,0,109800,"{'effective_n': 6000, 'trim_mode': 'mad'}",6000,1.203899475,20,0,3.0,0.9600091074681238,sketch_mad,6000,336000,200,0,4.0,10,0,1.5,mixed,524,weak,184024,completed,0.9276540189084521,4983.804814766615,retention_audit,8.305499393733417,0.8274531413914173
5208512,512,0.002971249240736991,9.084647189979709,1.0408349539063046,0,109800,"{'phase': 'estimating', 'ready': True, 'total_seen': 6000, 'epoch_index': 0, 'epoch_seen': 6000, 'calibration_count': 512, 'effective_n': 5488, 'serving_epoch': 0, 'serving_n': 5488, 'basis_rank': 20, 'parallel_radius': 8.437866651519053, 'residual_radius': 14.291431766054862, 'marginal_clipped_coordinates': 7328, 'parallel_clipped_rows': 0, 'residual_clipped_rows': 703, 'state_bytes': 100800, 'calibration_peak_state_bytes_bound': 5208512, 'epoch_history': []}",5488,0.671749046,20,7328,3.0,0.9599908925318761,dual_bound,6000,336000,200,0,4.0,10,703,1.5,mixed,524,weak,100800,completed,0.9249375662260528,8931.906990754402,retention_audit,7.118663298833199,0.8393876019375712
0,512,0.0033075,3.1673841123891395,0.8541778372951998,0,0,"{'effective_n': 6000, 'trim_mode': 'iqr'}",6000,1.202903456,20,0,3.0,,sketch_iqr,6000,336000,200,0,4.0,10,0,1.5,clean,525,strong,184024,completed,0.47714329318540033,4987.931467045349,retention_audit,3.1749704330809765,0.8531670881032564
0,512,0.0028425,3.167346566795936,0.8539986590287978,0,0,"{'effective_n': 6000, 'trim_mode': 'mad'}",6000,1.205731825,20,0,3.0,,sketch_mad,6000,336000,200,0,4.0,10,0,1.5,clean,525,strong,184024,completed,0.47718595590403656,4976.230929294746,retention_audit,3.174619540845435,0.8530649690482458
5208512,512,0.0030949344023323616,3.0836245136823517,0.8696060262656018,0,0,"{'phase': 'estimating', 'ready': True, 'total_seen': 6000, 'epoch_index': 0, 'epoch_seen': 6000, 'calibration_count': 512, 'effective_n': 5488, 'serving_epoch': 0, 'serving_n': 5488, 'basis_rank': 20, 'parallel_radius': 14.8777192260302, 'residual_radius': 12.600313368806745, 'marginal_clipped_coordinates': 3397, 'parallel_clipped_rows': 2, 'residual_clipped_rows': 662, 'state_bytes': 100800, 'calibration_peak_state_bytes_bound': 5208512, 'epoch_history': []}",5488,0.583858698,20,3397,3.0,,dual_bound,6000,336000,200,2,4.0,10,662,1.5,clean,525,strong,100800,completed,0.5158825287178107,10276.45904831583,retention_audit,3.0771898386407672,0.8722896181080624
0,512,0.0018528710328380115,2.4558904564968893,0.9928363093827077,0,109800,"{'effective_n': 6000, 'trim_mode': 'iqr'}",6000,1.222847237,20,0,3.0,0.23564663023679416,sketch_iqr,6000,336000,200,0,4.0,10,0,1.5,casewise_cauchy,525,strong,184024,completed,0.9343427100516852,4906.581802253359,retention_audit,3.1309442004776527,0.9932291961583849
0,512,0.0014474408365437535,2.4555158511897033,0.9928579815304361,0,109800,"{'effective_n': 6000, 'trim_mode': 'mad'}",6000,1.17061204,20,0,3.0,0.23442622950819672,sketch_mad,6000,336000,200,0,4.0,10,0,1.5,casewise_cauchy,525,strong,184024,completed,0.9332475831499495,5125.5239096977,retention_audit,3.1277562495645688,0.9932555590355324
5208512,512,0.0030866572180603363,3.127780575557766,0.8997725274389294,0,109800,"{'phase': 'estimating', 'ready': True, 'total_seen': 6000, 'epoch_index': 0, 'epoch_seen': 6000, 'calibration_count': 512, 'effective_n': 5488, 'serving_epoch': 0, 'serving_n': 5488, 'basis_rank': 20, 'parallel_radius': 14.8777192260302, 'residual_radius': 12.600313368806745, 'marginal_clipped_coordinates': 89214, 'parallel_clipped_rows': 54, 'residual_clipped_rows': 1153, 'state_bytes': 100800, 'calibration_peak_state_bytes_bound': 5208512, 'epoch_history': []}",5488,0.640830189,20,89214,3.0,0.21525500910746811,dual_bound,6000,336000,200,54,4.0,10,1153,1.5,casewise_cauchy,525,strong,100800,completed,0.5499720067976785,9362.854782735587,retention_audit,3.272188315497039,0.9060953404404442
0,512,0.0018316429387734137,2.1466155404320166,0.9954786541834545,0,109722,"{'effective_n': 6000, 'trim_mode': 'iqr'}",6000,1.182544014,20,0,3.0,0.23838428027196004,sketch_iqr,6000,336000,200,0,4.0,10,0,1.5,cellwise_cauchy,525,strong,184024,completed,0.7835674479533914,5073.806918784166,retention_audit,3.0497803884030046,0.9967302476008287
0,512,0.0014225729584564672,2.147231977851775,0.9954587260316755,0,109722,"{'effective_n': 6000, 'trim_mode': 'mad'}",6000,1.171036177,20,0,3.0,0.23666174513771168,sketch_mad,6000,336000,200,0,4.0,10,0,1.5,cellwise_cauchy,525,strong,184024,completed,0.7822338139258874,5123.667498788127,retention_audit,3.047044439619627,0.9967046423411251
5208512,512,0.00310159756569131,2.9320787279387037,0.9650156433669892,0,109722,"{'phase': 'estimating', 'ready': True, 'total_seen': 6000, 'epoch_index': 0, 'epoch_seen': 6000, 'calibration_count': 512, 'effective_n': 5488, 'serving_epoch': 0, 'serving_n': 5488, 'basis_rank': 20, 'parallel_radius': 14.8777192260302, 'residual_radius': 12.600313368806745, 'marginal_clipped_coordinates': 88990, 'parallel_clipped_rows': 1, 'residual_clipped_rows': 5486, 'state_bytes': 100800, 'calibration_peak_state_bytes_bound': 5208512, 'epoch_history': []}",5488,0.629985113,20,88990,3.0,0.2168753759501285,dual_bound,6000,336000,200,1,4.0,10,5486,1.5,cellwise_cauchy,525,strong,100800,completed,0.6362375390378876,9524.034578258359,retention_audit,3.504025710389875,0.9669182080998104
0,512,0.005345808108603926,3.1009274507860414,0.8945524705335879,0,109800,"{'effective_n': 6000, 'trim_mode': 'iqr'}",6000,1.1862632,20,0,3.0,1.0,sketch_iqr,6000,336000,200,0,4.0,10,0,1.5,bounded_out_of_subspace,525,strong,184024,completed,0.5290804550733719,5057.899461097672,retention_audit,2.9387685393823966,0.8693523847780943
0,512,0.00476884975233902,3.1002946892294108,0.8943521612175414,0,109800,"{'effective_n': 6000, 'trim_mode': 'mad'}",6000,1.151480374,20,0,3.0,1.0,sketch_mad,6000,336000,200,0,4.0,10,0,1.5,bounded_out_of_subspace,525,strong,184024,completed,0.5289831695747219,5210.683686389952,retention_audit,2.938216473187935,0.8692719748600827
5208512,512,0.0030866572180603363,3.05876559532644,0.9106575406557146,0,109800,"{'phase': 'estimating', 'ready': True, 'total_seen': 6000, 'epoch_index': 0, 'epoch_seen': 6000, 'calibration_count': 512, 'effective_n': 5488, 'serving_epoch': 0, 'serving_n': 5488, 'basis_rank': 20, 'parallel_radius': 14.8777192260302, 'residual_radius': 12.600313368806745, 'marginal_clipped_coordinates': 3049, 'parallel_clipped_rows': 2, 'residual_clipped_rows': 604, 'state_bytes': 100800, 'calibration_peak_state_bytes_bound': 5208512, 'epoch_history': []}",5488,0.712992447,20,3049,3.0,1.0,dual_bound,6000,336000,200,2,4.0,10,604,1.5,bounded_out_of_subspace,525,strong,100800,completed,0.5873542513497665,8415.236409930721,retention_audit,2.8323843005329303,0.8827472161292733
0,512,0.003982755457714181,5.0557419138619455,0.997100595491805,0,109800,"{'effective_n': 6000, 'trim_mode': 'iqr'}",6000,1.177111327,20,0,3.0,1.0,sketch_iqr,6000,336000,200,0,4.0,10,0,1.5,in_subspace_leverage,525,strong,184024,completed,0.549172659818319,5097.223909391537,retention_audit,3.3494657560820094,0.5428122955491459
0,512,0.003421390570537516,5.053604121610414,0.9969839527534728,0,109800,"{'effective_n': 6000, 'trim_mode': 'mad'}",6000,1.188081348,20,0,3.0,1.0,sketch_mad,6000,336000,200,0,4.0,10,0,1.5,in_subspace_leverage,525,strong,184024,completed,0.549105916883799,5050.1592421262385,retention_audit,3.348638821004412,0.542985017728167
5208512,512,0.0030866572180603363,5.2133916288436435,1.0417342492513377,0,109800,"{'phase': 'estimating', 'ready': True, 'total_seen': 6000, 'epoch_index': 0, 'epoch_seen': 6000, 'calibration_count': 512, 'effective_n': 5488, 'serving_epoch': 0, 'serving_n': 5488, 'basis_rank': 20, 'parallel_radius': 14.8777192260302, 'residual_radius': 12.600313368806745, 'marginal_clipped_coordinates': 3049, 'parallel_clipped_rows': 2, 'residual_clipped_rows': 604, 'state_bytes': 100800, 'calibration_peak_state_bytes_bound': 5208512, 'epoch_history': []}",5488,0.647582489,20,3049,3.0,1.0,dual_bound,6000,336000,200,2,4.0,10,604,1.5,in_subspace_leverage,525,strong,100800,completed,0.590443970619121,9265.22891201896,retention_audit,3.3159393310876024,0.5379535060452375
0,512,0.004931205283434232,3.1125775973075047,0.9014130899356371,0,109800,"{'effective_n': 6000, 'trim_mode': 'iqr'}",6000,1.179035761,20,0,3.0,0.9595173041894354,sketch_iqr,6000,336000,200,0,4.0,10,0,1.5,mixed,525,strong,184024,completed,0.5435682992243858,5088.904169379134,retention_audit,3.0965396386198942,0.8882422560898597
0,512,0.004463401210787012,3.1122402603171397,0.9012183342613292,0,109800,"{'effective_n': 6000, 'trim_mode': 'mad'}",6000,1.143267159,20,0,3.0,0.9594899817850637,sketch_mad,6000,336000,200,0,4.0,10,0,1.5,mixed,525,strong,184024,completed,0.5434035717342819,5248.117163837818,retention_audit,3.0960154882091375,0.888106599538536
5208512,512,0.0030866572180603363,2.9800442563804754,0.9132020512887671,0,109800,"{'phase': 'estimating', 'ready': True, 'total_seen': 6000, 'epoch_index': 0, 'epoch_seen': 6000, 'calibration_count': 512, 'effective_n': 5488, 'serving_epoch': 0, 'serving_n': 5488, 'basis_rank': 20, 'parallel_radius': 14.8777192260302, 'residual_radius': 12.600313368806745, 'marginal_clipped_coordinates': 7458, 'parallel_clipped_rows': 2, 'residual_clipped_rows': 856, 'state_bytes': 100800, 'calibration_peak_state_bytes_bound': 5208512, 'epoch_history': []}",5488,0.706802491,20,7458,3.0,0.9598451730418943,dual_bound,6000,336000,200,2,4.0,10,856,1.5,mixed,525,strong,100800,completed,0.589114820056883,8488.934428500761,retention_audit,2.953643192266262,0.9061053230325878
0,512,0.0035025,3.351695549076955,0.9981018002261676,0,0,"{'effective_n': 6000, 'trim_mode': 'iqr'}",6000,1.142822094,20,0,3.0,,sketch_iqr,6000,336000,200,0,4.0,10,0,1.5,clean,525,weak,184024,completed,0.895920179394383,5250.161010625334,retention_audit,3.358593713135708,0.99809873884494
0,512,0.0029916666666666668,3.3524788185425174,0.998103256927631,0,0,"{'effective_n': 6000, 'trim_mode': 'mad'}",6000,1.16426594,20,0,3.0,,sketch_mad,6000,336000,200,0,4.0,10,0,1.5,clean,525,weak,184024,completed,0.8959508954168323,5153.461759776294,retention_audit,3.3593563053372284,0.9981012119719085
5208512,512,0.00316417638483965,2.728330233155145,0.9963806571251614,0,0,"{'phase': 'estimating', 'ready': True, 'total_seen': 6000, 'epoch_index': 0, 'epoch_seen': 6000, 'calibration_count': 512, 'effective_n': 5488, 'serving_epoch': 0, 'serving_n': 5488, 'basis_rank': 20, 'parallel_radius': 8.311592421800775, 'residual_radius': 14.50357235184469, 'marginal_clipped_coordinates': 3473, 'parallel_clipped_rows': 2, 'residual_clipped_rows': 337, 'state_bytes': 100800, 'calibration_peak_state_bytes_bound': 5208512, 'epoch_history': []}",5488,0.681289929,20,3473,3.0,,dual_bound,6000,336000,200,2,4.0,10,337,1.5,clean,525,weak,100800,completed,0.9033224226569778,8806.823269509978,retention_audit,2.7264907745526243,0.9963726080900194
0,512,0.0018565400843881857,3.594013223374559,0.9880251731750771,0,109800,"{'effective_n': 6000, 'trim_mode': 'iqr'}",6000,1.183323613,20,0,3.0,0.2099544626593807,sketch_iqr,6000,336000,200,0,4.0,10,0,1.5,casewise_cauchy,525,weak,184024,completed,0.9785121384059985,5070.46418586088,retention_audit,3.561640349728186,0.9910812897835667
0,512,0.0014116675839295541,3.600832464672721,0.9881730612304489,0,109800,"{'effective_n': 6000, 'trim_mode': 'mad'}",6000,1.153262625,20,0,3.0,0.20875227686703096,sketch_mad,6000,336000,200,0,4.0,10,0,1.5,casewise_cauchy,525,weak,184024,completed,0.9785215127987507,5202.631100613357,retention_audit,3.5698109264204683,0.9911556551325392
5208512,512,0.003156509414861308,2.801372559448659,0.9964560727299052,0,109800,"{'phase': 'estimating', 'ready': True, 'total_seen': 6000, 'epoch_index': 0, 'epoch_seen': 6000, 'calibration_count': 512, 'effective_n': 5488, 'serving_epoch': 0, 'serving_n': 5488, 'basis_rank': 20, 'parallel_radius': 8.311592421800775, 'residual_radius': 14.50357235184469, 'marginal_clipped_coordinates': 91898, 'parallel_clipped_rows': 550, 'residual_clipped_rows': 841, 'state_bytes': 100800, 'calibration_peak_state_bytes_bound': 5208512, 'epoch_history': []}",5488,0.609494679,20,91898,3.0,0.19143897996357012,dual_bound,6000,336000,200,550,4.0,10,841,1.5,casewise_cauchy,525,weak,100800,completed,0.9243520433447565,9844.220477599936,retention_audit,2.8154093078972284,0.9965192571361008
0,512,0.0018842135197365403,3.243230195439968,0.996899011817488,0,109890,"{'effective_n': 6000, 'trim_mode': 'iqr'}",6000,1.183359938,20,0,3.0,0.21106561106561106,sketch_iqr,6000,336000,200,0,4.0,10,0,1.5,cellwise_cauchy,525,weak,184024,completed,0.9518296475587997,5070.308540392721,retention_audit,3.3570129631471954,0.9980871244793451
0,512,0.0014402216290099164,3.241658733681051,0.9969086162932899,0,109890,"{'effective_n': 6000, 'trim_mode': 'mad'}",6000,1.225917059,20,0,3.0,0.2098007098007098,sketch_mad,6000,336000,200,0,4.0,10,0,1.5,cellwise_cauchy,525,weak,184024,completed,0.9517257811085306,4894.295218384754,retention_audit,3.3550720547193666,0.9980841763772986
5208512,512,0.00310212511769649,2.7866795948999665,0.996375545793164,0,109890,"{'phase': 'estimating', 'ready': True, 'total_seen': 6000, 'epoch_index': 0, 'epoch_seen': 6000, 'calibration_count': 512, 'effective_n': 5488, 'serving_epoch': 0, 'serving_n': 5488, 'basis_rank': 20, 'parallel_radius': 8.311592421800775, 'residual_radius': 14.50357235184469, 'marginal_clipped_coordinates': 91921, 'parallel_clipped_rows': 48, 'residual_clipped_rows': 5471, 'state_bytes': 100800, 'calibration_peak_state_bytes_bound': 5208512, 'epoch_history': []}",5488,0.693654216,20,91921,3.0,0.1914004914004914,dual_bound,6000,336000,200,48,4.0,10,5471,1.5,cellwise_cauchy,525,weak,100800,completed,0.9412921231644781,8649.842906743033,retention_audit,2.8382656336655763,0.9968083288248478
0,512,0.004908273711245643,10.698742657768749,1.1046323156195132,0,109800,"{'effective_n': 6000, 'trim_mode': 'iqr'}",6000,1.168622757,20,0,3.0,1.0,sketch_iqr,6000,336000,200,0,4.0,10,0,1.5,bounded_out_of_subspace,525,weak,184024,completed,0.9185852949413917,5134.248810456803,retention_audit,7.943685673869217,0.7583585697546742
0,512,0.004248761695101817,10.697732448811216,1.1045884138019213,0,109800,"{'effective_n': 6000, 'trim_mode': 'mad'}",6000,1.248829242,20,0,3.0,1.0,sketch_mad,6000,336000,200,0,4.0,10,0,1.5,bounded_out_of_subspace,525,weak,184024,completed,0.9185427872686217,4804.499925378909,retention_audit,7.945115086130223,0.758631074210317
5208512,512,0.003156509414861308,9.88749054264447,1.1272640389339246,0,109800,"{'phase': 'estimating', 'ready': True, 'total_seen': 6000, 'epoch_index': 0, 'epoch_seen': 6000, 'calibration_count': 512, 'effective_n': 5488, 'serving_epoch': 0, 'serving_n': 5488, 'basis_rank': 20, 'parallel_radius': 8.311592421800775, 'residual_radius': 14.50357235184469, 'marginal_clipped_coordinates': 3118, 'parallel_clipped_rows': 2, 'residual_clipped_rows': 292, 'state_bytes': 100800, 'calibration_peak_state_bytes_bound': 5208512, 'epoch_history': []}",5488,0.727491282,20,3118,3.0,1.0,dual_bound,6000,336000,200,2,4.0,10,292,1.5,bounded_out_of_subspace,525,weak,100800,completed,0.9261182507974742,8247.521514628954,retention_audit,6.989453221658776,0.7298802126622167
0,512,0.00516694184553293,10.520302120289282,1.0444018162093895,0,109800,"{'effective_n': 6000, 'trim_mode': 'iqr'}",6000,1.282978733,20,0,3.0,1.0,sketch_iqr,6000,336000,200,0,4.0,10,0,1.5,in_subspace_leverage,525,weak,184024,completed,0.8914013333729366,4676.616880445204,retention_audit,7.754323087721368,0.746326355809777
0,512,0.004551458447991194,10.519724799377816,1.0443725235681534,0,109800,"{'effective_n': 6000, 'trim_mode': 'mad'}",6000,1.245401427,20,0,3.0,1.0,sketch_mad,6000,336000,200,0,4.0,10,0,1.5,in_subspace_leverage,525,weak,184024,completed,0.8913974932841312,4817.723723388668,retention_audit,7.756241288157364,0.7465785368097198
5208512,512,0.003156509414861308,9.63076637748521,1.0574483351815467,0,109800,"{'phase': 'estimating', 'ready': True, 'total_seen': 6000, 'epoch_index': 0, 'epoch_seen': 6000, 'calibration_count': 512, 'effective_n': 5488, 'serving_epoch': 0, 'serving_n': 5488, 'basis_rank': 20, 'parallel_radius': 8.311592421800775, 'residual_radius': 14.50357235184469, 'marginal_clipped_coordinates': 3118, 'parallel_clipped_rows': 2, 'residual_clipped_rows': 292, 'state_bytes': 100800, 'calibration_peak_state_bytes_bound': 5208512, 'epoch_history': []}",5488,0.660402572,20,3118,3.0,1.0,dual_bound,6000,336000,200,2,4.0,10,292,1.5,in_subspace_leverage,525,weak,100800,completed,0.8925526676444309,9085.367402233558,retention_audit,6.764290541112365,0.7334783840628332
0,512,0.004481746468537883,10.474439460703826,1.067770564400955,0,109800,"{'effective_n': 6000, 'trim_mode': 'iqr'}",6000,1.283152464,20,0,3.0,0.9599726775956284,sketch_iqr,6000,336000,200,0,4.0,10,0,1.5,mixed,525,weak,184024,completed,0.9233662517814901,4675.98369510671,retention_audit,8.225271574617976,0.806691334770096
0,512,0.003957072096862961,10.47364217490735,1.0677841330819853,0,109800,"{'effective_n': 6000, 'trim_mode': 'mad'}",6000,1.185575728,20,0,3.0,0.9599726775956284,sketch_mad,6000,336000,200,0,4.0,10,0,1.5,mixed,525,weak,184024,completed,0.9232938290041122,5060.8323519929545,retention_audit,8.225747691063594,0.8068163869071023
5208512,512,0.003156509414861308,9.35936321407504,1.0610836016788119,0,109800,"{'phase': 'estimating', 'ready': True, 'total_seen': 6000, 'epoch_index': 0, 'epoch_seen': 6000, 'calibration_count': 512, 'effective_n': 5488, 'serving_epoch': 0, 'serving_n': 5488, 'basis_rank': 20, 'parallel_radius': 8.311592421800775, 'residual_radius': 14.50357235184469, 'marginal_clipped_coordinates': 7520, 'parallel_clipped_rows': 2, 'residual_clipped_rows': 556, 'state_bytes': 100800, 'calibration_peak_state_bytes_bound': 5208512, 'epoch_history': []}",5488,0.666512553,20,7520,3.0,0.9599089253187614,dual_bound,6000,336000,200,2,4.0,10,556,1.5,mixed,525,weak,100800,completed,0.926855510735671,9002.081015569409,retention_audit,7.186403732799109,0.8054744815332295
0,512,0.0033391666666666665,3.17845153117484,0.856840090842388,0,0,"{'effective_n': 6000, 'trim_mode': 'iqr'}",6000,1.221060245,20,0,3.0,,sketch_iqr,6000,336000,200,0,4.0,10,0,1.5,clean,526,strong,184024,completed,0.47174762668229125,4913.762465503903,retention_audit,3.182724363351257,0.8561674308617002
0,512,0.00295,3.178603795534851,0.8567850661456949,0,0,"{'effective_n': 6000, 'trim_mode': 'mad'}",6000,1.217266567,20,0,3.0,,sketch_mad,6000,336000,200,0,4.0,10,0,1.5,clean,526,strong,184024,completed,0.47178753616622715,4929.076475654161,retention_audit,3.182841056116833,0.8561663367286002
5208512,512,0.0030083819241982506,3.0841309993095005,0.8781757254403442,0,0,"{'phase': 'estimating', 'ready': True, 'total_seen': 6000, 'epoch_index': 0, 'epoch_seen': 6000, 'calibration_count': 512, 'effective_n': 5488, 'serving_epoch': 0, 'serving_n': 5488, 'basis_rank': 20, 'parallel_radius': 14.84130869116861, 'residual_radius': 12.639561156083655, 'marginal_clipped_coordinates': 3302, 'parallel_clipped_rows': 1, 'residual_clipped_rows': 503, 'state_bytes': 100800, 'calibration_peak_state_bytes_bound': 5208512, 'epoch_history': []}",5488,0.600172767,20,3302,3.0,,dual_bound,6000,336000,200,1,4.0,10,503,1.5,clean,526,strong,100800,completed,0.5023154745650182,9997.121378884558,retention_audit,3.0795114259513086,0.8817849165544958
0,512,0.0018060906255732893,2.442758009008949,0.9919667920081437,0,109800,"{'effective_n': 6000, 'trim_mode': 'iqr'}",6000,1.23903056,20,0,3.0,0.2390983606557377,sketch_iqr,6000,336000,200,0,4.0,10,0,1.5,casewise_cauchy,526,strong,184024,completed,0.9379986803276471,4842.495571699216,retention_audit,3.111224933262254,0.9926045615697547
0,512,0.0014813795633828654,2.441634484322827,0.9919649112520468,0,109800,"{'effective_n': 6000, 'trim_mode': 'mad'}",6000,1.197166297,20,0,3.0,0.23768670309653916,sketch_mad,6000,336000,200,0,4.0,10,0,1.5,casewise_cauchy,526,strong,184024,completed,0.9368142012051442,5011.8350433314945,retention_audit,3.1072545488217607,0.9926091510798117
5208512,512,0.0030117432678679894,3.155108998228259,0.9066588795985138,0,109800,"{'phase': 'estimating', 'ready': True, 'total_seen': 6000, 'epoch_index': 0, 'epoch_seen': 6000, 'calibration_count': 512, 'effective_n': 5488, 'serving_epoch': 0, 'serving_n': 5488, 'basis_rank': 20, 'parallel_radius': 14.84130869116861, 'residual_radius': 12.639561156083655, 'marginal_clipped_coordinates': 88683, 'parallel_clipped_rows': 51, 'residual_clipped_rows': 1000, 'state_bytes': 100800, 'calibration_peak_state_bytes_bound': 5208512, 'epoch_history': []}",5488,0.595982939,20,88683,3.0,0.21941712204007285,dual_bound,6000,336000,200,51,4.0,10,1000,1.5,casewise_cauchy,526,strong,100800,completed,0.5404714223508919,10067.402281795856,retention_audit,3.2969810620080127,0.9137421119320517
0,512,0.0018361440790999502,2.2213703096776807,0.9964208518862653,0,109127,"{'effective_n': 6000, 'trim_mode': 'iqr'}",6000,1.190645686,20,0,3.0,0.23616520201233426,sketch_iqr,6000,336000,200,0,4.0,10,0,1.5,cellwise_cauchy,526,strong,184024,completed,0.8508867036445174,5039.282525901664,retention_audit,3.0919603869952645,0.9973740691827879
0,512,0.001506133161238751,2.2229064734346364,0.9964026936372656,0,109127,"{'effective_n': 6000, 'trim_mode': 'mad'}",6000,1.171100338,20,0,3.0,0.2344882568017081,sketch_mad,6000,336000,200,0,4.0,10,0,1.5,cellwise_cauchy,526,strong,184024,completed,0.8498401797342048,5123.386788741581,retention_audit,3.0908255068487045,0.9973514138239356
5208512,512,0.0030066577438129316,3.0794092666118575,0.9695428952507024,0,109127,"{'phase': 'estimating', 'ready': True, 'total_seen': 6000, 'epoch_index': 0, 'epoch_seen': 6000, 'calibration_count': 512, 'effective_n': 5488, 'serving_epoch': 0, 'serving_n': 5488, 'basis_rank': 20, 'parallel_radius': 14.84130869116861, 'residual_radius': 12.639561156083655, 'marginal_clipped_coordinates': 88506, 'parallel_clipped_rows': 1, 'residual_clipped_rows': 5488, 'state_bytes': 100800, 'calibration_peak_state_bytes_bound': 5208512, 'epoch_history': []}",5488,0.678496741,20,88506,3.0,0.21619764128034308,dual_bound,6000,336000,200,1,4.0,10,5488,1.5,cellwise_cauchy,526,strong,100800,completed,0.6905296982696897,8843.078584514527,retention_audit,3.671335790090029,0.9719794987715938
0,512,0.004924784443221427,4.0456816916806035,0.966749404945039,0,109800,"{'effective_n': 6000, 'trim_mode': 'iqr'}",6000,1.182967804,20,0,3.0,1.0,sketch_iqr,6000,336000,200,0,4.0,10,0,1.5,bounded_out_of_subspace,526,strong,184024,completed,0.5659227226710882,5071.989262693408,retention_audit,3.2714001950525557,0.755448344075426
0,512,0.004465235736562098,4.044783709877859,0.9666444116136566,0,109800,"{'effective_n': 6000, 'trim_mode': 'mad'}",6000,1.133363739,20,0,3.0,1.0,sketch_mad,6000,336000,200,0,4.0,10,0,1.5,bounded_out_of_subspace,526,strong,184024,completed,0.5659136024913703,5293.975617478265,retention_audit,3.271053256997863,0.7555340024426896
5208512,512,0.0030117432678679894,4.226531031504969,0.99307896758814,0,109800,"{'phase': 'estimating', 'ready': True, 'total_seen': 6000, 'epoch_index': 0, 'epoch_seen': 6000, 'calibration_count': 512, 'effective_n': 5488, 'serving_epoch': 0, 'serving_n': 5488, 'basis_rank': 20, 'parallel_radius': 14.84130869116861, 'residual_radius': 12.639561156083655, 'marginal_clipped_coordinates': 2975, 'parallel_clipped_rows': 1, 'residual_clipped_rows': 451, 'state_bytes': 100800, 'calibration_peak_state_bytes_bound': 5208512, 'epoch_history': []}",5488,0.572947972,20,2975,3.0,1.0,dual_bound,6000,336000,200,1,4.0,10,451,1.5,bounded_out_of_subspace,526,strong,100800,completed,0.6188857326998889,10472.155052850068,retention_audit,3.3099117438349004,0.7584751222844374
0,512,0.0047284901852871035,4.779720956678806,0.9035002096332889,0,109800,"{'effective_n': 6000, 'trim_mode': 'iqr'}",6000,1.168640744,20,0,3.0,1.0,sketch_iqr,6000,336000,200,0,4.0,10,0,1.5,in_subspace_leverage,526,strong,184024,completed,0.5514624314986843,5134.169787254996,retention_audit,3.5235252673017667,0.611188666654064
0,512,0.004218492019812879,4.778821841164787,0.9034883198469025,0,109800,"{'effective_n': 6000, 'trim_mode': 'mad'}",6000,1.160344954,20,0,3.0,1.0,sketch_mad,6000,336000,200,0,4.0,10,0,1.5,in_subspace_leverage,526,strong,184024,completed,0.551400889864299,5170.876108278401,retention_audit,3.5232796658879786,0.6113170115889743
5208512,512,0.0030117432678679894,4.955556490589548,0.9316415841272596,0,109800,"{'phase': 'estimating', 'ready': True, 'total_seen': 6000, 'epoch_index': 0, 'epoch_seen': 6000, 'calibration_count': 512, 'effective_n': 5488, 'serving_epoch': 0, 'serving_n': 5488, 'basis_rank': 20, 'parallel_radius': 14.84130869116861, 'residual_radius': 12.639561156083655, 'marginal_clipped_coordinates': 2975, 'parallel_clipped_rows': 1, 'residual_clipped_rows': 451, 'state_bytes': 100800, 'calibration_peak_state_bytes_bound': 5208512, 'epoch_history': []}",5488,0.560025437,20,2975,3.0,1.0,dual_bound,6000,336000,200,1,4.0,10,451,1.5,in_subspace_leverage,526,strong,100800,completed,0.5943314461735981,10713.79905909524,retention_audit,3.5361683097387555,0.6185737212616976
0,512,0.004555127499541368,4.021684340669334,0.9531852168485718,0,109800,"{'effective_n': 6000, 'trim_mode': 'iqr'}",6000,1.208341243,20,0,3.0,0.9616666666666667,sketch_iqr,6000,336000,200,0,4.0,10,0,1.5,mixed,526,strong,184024,completed,0.5744256932514198,4965.484737658665,retention_audit,3.453745430045789,0.7905956841091885
0,512,0.004214822968262704,4.020362251768569,0.9530713564837693,0,109800,"{'effective_n': 6000, 'trim_mode': 'mad'}",6000,1.143350044,20,0,3.0,0.9616302367941713,sketch_mad,6000,336000,200,0,4.0,10,0,1.5,mixed,526,strong,184024,completed,0.5743593920075281,5247.7367115053,retention_audit,3.452524915890284,0.7905384953408331
5208512,512,0.0030117432678679894,3.8122385699844896,0.9434675556027842,0,109800,"{'phase': 'estimating', 'ready': True, 'total_seen': 6000, 'epoch_index': 0, 'epoch_seen': 6000, 'calibration_count': 512, 'effective_n': 5488, 'serving_epoch': 0, 'serving_n': 5488, 'basis_rank': 20, 'parallel_radius': 14.84130869116861, 'residual_radius': 12.639561156083655, 'marginal_clipped_coordinates': 7198, 'parallel_clipped_rows': 1, 'residual_clipped_rows': 726, 'state_bytes': 100800, 'calibration_peak_state_bytes_bound': 5208512, 'epoch_history': []}",5488,0.612181357,20,7198,3.0,0.9615391621129326,dual_bound,6000,336000,200,1,4.0,10,726,1.5,mixed,526,strong,100800,completed,0.6068916100973726,9801.017184520371,retention_audit,3.2762709801820584,0.8289680595479657
0,512,0.0033475,3.305302898470719,0.9979684224608065,0,0,"{'effective_n': 6000, 'trim_mode': 'iqr'}",6000,1.157428753,20,0,3.0,,sketch_iqr,6000,336000,200,0,4.0,10,0,1.5,clean,526,weak,184024,completed,0.90879653875787,5183.9043953662695,retention_audit,3.312468338733233,0.9979587484517178
0,512,0.0028608333333333333,3.3054093987038162,0.997968597427832,0,0,"{'effective_n': 6000, 'trim_mode': 'mad'}",6000,1.124331607,20,0,3.0,,sketch_mad,6000,336000,200,0,4.0,10,0,1.5,clean,526,weak,184024,completed,0.908840237313016,5336.503894975888,retention_audit,3.3124838739770794,0.9979597620420985
5208512,512,0.003141399416909621,2.8424900699558178,0.9965242104620083,0,0,"{'phase': 'estimating', 'ready': True, 'total_seen': 6000, 'epoch_index': 0, 'epoch_seen': 6000, 'calibration_count': 512, 'effective_n': 5488, 'serving_epoch': 0, 'serving_n': 5488, 'basis_rank': 20, 'parallel_radius': 8.515908384751853, 'residual_radius': 14.384579999979183, 'marginal_clipped_coordinates': 3448, 'parallel_clipped_rows': 0, 'residual_clipped_rows': 442, 'state_bytes': 100800, 'calibration_peak_state_bytes_bound': 5208512, 'epoch_history': []}",5488,0.643851124,20,3448,3.0,,dual_bound,6000,336000,200,0,4.0,10,442,1.5,clean,526,weak,100800,completed,0.9112692737182445,9318.924478572471,retention_audit,2.8405884058610518,0.9964944239312798
0,512,0.0018647954503760778,3.706088469651718,0.9891908741987703,0,109800,"{'effective_n': 6000, 'trim_mode': 'iqr'}",6000,1.167444778,20,0,3.0,0.21237704918032788,sketch_iqr,6000,336000,200,0,4.0,10,0,1.5,casewise_cauchy,526,weak,184024,completed,0.9680959819670105,5139.429387211667,retention_audit,3.6930484539768957,0.9922113458137424
0,512,0.0014171711612548155,3.715220798499687,0.9893312497614862,0,109800,"{'effective_n': 6000, 'trim_mode': 'mad'}",6000,1.189767806,20,0,3.0,0.21114754098360655,sketch_mad,6000,336000,200,0,4.0,10,0,1.5,casewise_cauchy,526,weak,184024,completed,0.9680792534947678,5043.0008021245785,retention_audit,3.703568796889092,0.9922779193184804
5208512,512,0.0031544847135047582,2.815886212570431,0.9963699305007436,0,109800,"{'phase': 'estimating', 'ready': True, 'total_seen': 6000, 'epoch_index': 0, 'epoch_seen': 6000, 'calibration_count': 512, 'effective_n': 5488, 'serving_epoch': 0, 'serving_n': 5488, 'basis_rank': 20, 'parallel_radius': 8.515908384751853, 'residual_radius': 14.384579999979183, 'marginal_clipped_coordinates': 91746, 'parallel_clipped_rows': 542, 'residual_clipped_rows': 941, 'state_bytes': 100800, 'calibration_peak_state_bytes_bound': 5208512, 'epoch_history': []}",5488,0.654512223,20,91746,3.0,0.19280510018214936,dual_bound,6000,336000,200,542,4.0,10,941,1.5,casewise_cauchy,526,weak,100800,completed,0.9092041512490018,9167.1320857823,retention_audit,2.831413353202309,0.9964351502120353
0,512,0.0018517583904934505,3.338691162744217,0.9970805224103193,0,110225,"{'effective_n': 6000, 'trim_mode': 'iqr'}",6000,1.185967832,20,0,3.0,0.21138580176910865,sketch_iqr,6000,336000,200,0,4.0,10,0,1.5,cellwise_cauchy,526,weak,184024,completed,0.9492137656410341,5059.159142522172,retention_audit,3.4578558502378876,0.9982166963659828
0,512,0.0014048771535408685,3.340279631349651,0.9970941401997417,0,110225,"{'effective_n': 6000, 'trim_mode': 'mad'}",6000,1.159843592,20,0,3.0,0.20997051485597643,sketch_mad,6000,336000,200,0,4.0,10,0,1.5,cellwise_cauchy,526,weak,184024,completed,0.949079134526226,5173.111306890765,retention_audit,3.459133954506575,0.9982150957074156
5208512,512,0.0031598936574249903,2.7597951312275746,0.9961990639092264,0,110225,"{'phase': 'estimating', 'ready': True, 'total_seen': 6000, 'epoch_index': 0, 'epoch_seen': 6000, 'calibration_count': 512, 'effective_n': 5488, 'serving_epoch': 0, 'serving_n': 5488, 'basis_rank': 20, 'parallel_radius': 8.515908384751853, 'residual_radius': 14.384579999979183, 'marginal_clipped_coordinates': 92255, 'parallel_clipped_rows': 25, 'residual_clipped_rows': 5480, 'state_bytes': 100800, 'calibration_peak_state_bytes_bound': 5208512, 'epoch_history': []}",5488,0.669885805,20,92255,3.0,0.19133590383306873,dual_bound,6000,336000,200,25,4.0,10,5480,1.5,cellwise_cauchy,526,weak,100800,completed,0.9393500135552755,8956.75047182109,retention_audit,2.8067508421367684,0.9966369183886375
0,512,0.00456063107686663,10.586913433630576,1.1187758645124397,0,109800,"{'effective_n': 6000, 'trim_mode': 'iqr'}",6000,1.239441172,20,0,3.0,1.0,sketch_iqr,6000,336000,200,0,4.0,10,0,1.5,bounded_out_of_subspace,526,weak,184024,completed,0.9364440645319624,4840.891310975427,retention_audit,7.722726128983168,0.7445633951267254
0,512,0.003907539900935608,10.587107862606073,1.118739345841546,0,109800,"{'effective_n': 6000, 'trim_mode': 'mad'}",6000,1.191715412,20,0,3.0,1.0,sketch_mad,6000,336000,200,0,4.0,10,0,1.5,bounded_out_of_subspace,526,weak,184024,completed,0.9364224902079064,5034.759087264368,retention_audit,7.72519712300136,0.7448409018627667
5208512,512,0.0031544847135047582,10.039675110795606,1.1388667675925246,0,109800,"{'phase': 'estimating', 'ready': True, 'total_seen': 6000, 'epoch_index': 0, 'epoch_seen': 6000, 'calibration_count': 512, 'effective_n': 5488, 'serving_epoch': 0, 'serving_n': 5488, 'basis_rank': 20, 'parallel_radius': 8.515908384751853, 'residual_radius': 14.384579999979183, 'marginal_clipped_coordinates': 3116, 'parallel_clipped_rows': 0, 'residual_clipped_rows': 392, 'state_bytes': 100800, 'calibration_peak_state_bytes_bound': 5208512, 'epoch_history': []}",5488,0.700045,20,3116,3.0,1.0,dual_bound,6000,336000,200,0,4.0,10,392,1.5,bounded_out_of_subspace,526,weak,100800,completed,0.932024768943036,8570.87758644087,retention_audit,6.968770692576738,0.7257709448119897
0,512,0.004696385984223078,10.85102703080648,1.091832781370978,0,109800,"{'effective_n': 6000, 'trim_mode': 'iqr'}",6000,1.176057786,20,0,3.0,1.0,sketch_iqr,6000,336000,200,0,4.0,10,0,1.5,in_subspace_leverage,526,weak,184024,completed,0.9027136205458486,5101.790125812746,retention_audit,7.517955903917048,0.6977032663483254
0,512,0.004016694184553293,10.84984016886965,1.0917771005134655,0,109800,"{'effective_n': 6000, 'trim_mode': 'mad'}",6000,1.135328068,20,0,3.0,1.0,sketch_mad,6000,336000,200,0,4.0,10,0,1.5,in_subspace_leverage,526,weak,184024,completed,0.9027491530554979,5284.816053715322,retention_audit,7.51953425370614,0.6980298487848019
5208512,512,0.0031544847135047582,10.209355732714187,1.1157260037520829,0,109800,"{'phase': 'estimating', 'ready': True, 'total_seen': 6000, 'epoch_index': 0, 'epoch_seen': 6000, 'calibration_count': 512, 'effective_n': 5488, 'serving_epoch': 0, 'serving_n': 5488, 'basis_rank': 20, 'parallel_radius': 8.515908384751853, 'residual_radius': 14.384579999979183, 'marginal_clipped_coordinates': 3116, 'parallel_clipped_rows': 0, 'residual_clipped_rows': 392, 'state_bytes': 100800, 'calibration_peak_state_bytes_bound': 5208512, 'epoch_history': []}",5488,0.731342095,20,3116,3.0,1.0,dual_bound,6000,336000,200,0,4.0,10,392,1.5,in_subspace_leverage,526,weak,100800,completed,0.8972331712048848,8204.094965981685,retention_audit,6.714091937573627,0.6776836382161003
0,512,0.004192808658961659,10.40693174304809,1.0803556281817894,0,109800,"{'effective_n': 6000, 'trim_mode': 'iqr'}",6000,1.242504215,20,0,3.0,0.9591165755919854,sketch_iqr,6000,336000,200,0,4.0,10,0,1.5,mixed,526,weak,184024,completed,0.9331882030105119,4828.9574615245865,retention_audit,8.041734673651085,0.7921361166256773
0,512,0.003662630709961475,10.406929870200294,1.080358751577395,0,109800,"{'effective_n': 6000, 'trim_mode': 'mad'}",6000,1.137803847,20,0,3.0,0.9591165755919854,sketch_mad,6000,336000,200,0,4.0,10,0,1.5,mixed,526,weak,184024,completed,0.9331942410483263,5273.316675646642,retention_audit,8.043006190707152,0.7922765478887462
5208512,512,0.0031544847135047582,9.50718604387256,1.0663485194511229,0,109800,"{'phase': 'estimating', 'ready': True, 'total_seen': 6000, 'epoch_index': 0, 'epoch_seen': 6000, 'calibration_count': 512, 'effective_n': 5488, 'serving_epoch': 0, 'serving_n': 5488, 'basis_rank': 20, 'parallel_radius': 8.515908384751853, 'residual_radius': 14.384579999979183, 'marginal_clipped_coordinates': 7620, 'parallel_clipped_rows': 0, 'residual_clipped_rows': 655, 'state_bytes': 100800, 'calibration_peak_state_bytes_bound': 5208512, 'epoch_history': []}",5488,0.625417447,20,7620,3.0,0.9589799635701275,dual_bound,6000,336000,200,0,4.0,10,655,1.5,mixed,526,weak,100800,completed,0.9276653298739667,9593.592293884312,retention_audit,7.207376666940035,0.8037035872708195
0,512,0.0034316666666666666,3.1114223835409995,0.8517320598916912,0,0,"{'effective_n': 6000, 'trim_mode': 'iqr'}",6000,1.207130619,20,0,3.0,,sketch_iqr,6000,336000,200,0,4.0,10,0,1.5,clean,527,strong,184024,completed,0.4814447770409551,4970.464592282868,retention_audit,3.114120033709839,0.8511029036134085
0,512,0.0029641666666666666,3.111534902580267,0.8515466649125218,0,0,"{'effective_n': 6000, 'trim_mode': 'mad'}",6000,1.146663667,20,0,3.0,,sketch_mad,6000,336000,200,0,4.0,10,0,1.5,clean,527,strong,184024,completed,0.48145562387838464,5232.571827881941,retention_audit,3.1138698740637456,0.8509854544562128
5208512,512,0.0030466472303206996,3.0352242957813536,0.8719339050491897,0,0,"{'phase': 'estimating', 'ready': True, 'total_seen': 6000, 'epoch_index': 0, 'epoch_seen': 6000, 'calibration_count': 512, 'effective_n': 5488, 'serving_epoch': 0, 'serving_n': 5488, 'basis_rank': 20, 'parallel_radius': 15.016068302114075, 'residual_radius': 12.69620394988935, 'marginal_clipped_coordinates': 3344, 'parallel_clipped_rows': 0, 'residual_clipped_rows': 548, 'state_bytes': 100800, 'calibration_peak_state_bytes_bound': 5208512, 'epoch_history': []}",5488,0.601631182,20,3344,3.0,,dual_bound,6000,336000,200,0,4.0,10,548,1.5,clean,527,strong,100800,completed,0.5077922097461103,9972.887342797336,retention_audit,3.0300560299693724,0.875632090398359
0,512,0.0018868097596771234,2.3280610450653407,0.9910402408213881,0,109800,"{'effective_n': 6000, 'trim_mode': 'iqr'}",6000,1.210708282,20,0,3.0,0.23633879781420766,sketch_iqr,6000,336000,200,0,4.0,10,0,1.5,casewise_cauchy,527,strong,184024,completed,0.9307860493557597,4955.776787194721,retention_audit,2.9619657386586433,0.9917402352998831
0,512,0.0014878004035956706,2.326538875579879,0.9910312792808532,0,109800,"{'effective_n': 6000, 'trim_mode': 'mad'}",6000,1.11041513,20,0,3.0,0.2352094717668488,sketch_mad,6000,336000,200,0,4.0,10,0,1.5,casewise_cauchy,527,strong,184024,completed,0.9295850245739727,5403.384588248541,retention_audit,2.958393614915952,0.9917522620314215
5208512,512,0.003038064385503138,2.982375654284484,0.903794298830168,0,109800,"{'phase': 'estimating', 'ready': True, 'total_seen': 6000, 'epoch_index': 0, 'epoch_seen': 6000, 'calibration_count': 512, 'effective_n': 5488, 'serving_epoch': 0, 'serving_n': 5488, 'basis_rank': 20, 'parallel_radius': 15.016068302114075, 'residual_radius': 12.69620394988935, 'marginal_clipped_coordinates': 88920, 'parallel_clipped_rows': 39, 'residual_clipped_rows': 1049, 'state_bytes': 100800, 'calibration_peak_state_bytes_bound': 5208512, 'epoch_history': []}",5488,0.632698999,20,88920,3.0,0.21749544626593806,dual_bound,6000,336000,200,39,4.0,10,1049,1.5,casewise_cauchy,527,strong,100800,completed,0.5272829034048689,9483.182381326953,retention_audit,3.133174502123966,0.9107925003027137
0,512,0.0018575152774898502,2.19601994317809,0.9948791250975699,0,109834,"{'effective_n': 6000, 'trim_mode': 'iqr'}",6000,1.216672891,20,0,3.0,0.23664803248538704,sketch_iqr,6000,336000,200,0,4.0,10,0,1.5,cellwise_cauchy,527,strong,184024,completed,0.7816855956432535,4931.481620395535,retention_audit,3.1376913871060523,0.9963883861636816
0,512,0.0014548243111599517,2.1969180082111075,0.9948486109645197,0,109834,"{'effective_n': 6000, 'trim_mode': 'mad'}",6000,1.148694549,20,0,3.0,0.23543711419050567,sketch_mad,6000,336000,200,0,4.0,10,0,1.5,cellwise_cauchy,527,strong,184024,completed,0.7801925790491409,5223.320686272361,retention_audit,3.1361749959338807,0.9963565216405321
5208512,512,0.003037156573520449,2.7737143415999665,0.9691263813122464,0,109834,"{'phase': 'estimating', 'ready': True, 'total_seen': 6000, 'epoch_index': 0, 'epoch_seen': 6000, 'calibration_count': 512, 'effective_n': 5488, 'serving_epoch': 0, 'serving_n': 5488, 'basis_rank': 20, 'parallel_radius': 15.016068302114075, 'residual_radius': 12.69620394988935, 'marginal_clipped_coordinates': 88989, 'parallel_clipped_rows': 0, 'residual_clipped_rows': 5485, 'state_bytes': 100800, 'calibration_peak_state_bytes_bound': 5208512, 'epoch_history': []}",5488,0.677488768,20,88989,3.0,0.21710035143944498,dual_bound,6000,336000,200,0,4.0,10,5485,1.5,cellwise_cauchy,527,strong,100800,completed,0.6221130087504099,8856.235384849952,retention_audit,3.356468978455027,0.9712521118934152
0,512,0.005188956154833975,3.59538995818604,0.9253045232097127,0,109800,"{'effective_n': 6000, 'trim_mode': 'iqr'}",6000,1.145458146,20,0,3.0,1.0,sketch_iqr,6000,336000,200,0,4.0,10,0,1.5,bounded_out_of_subspace,527,strong,184024,completed,0.5460431529758962,5238.078773067628,retention_audit,3.0712666120082504,0.8028309256366306
0,512,0.004596404329480829,3.59316761997943,0.9250610390697332,0,109800,"{'effective_n': 6000, 'trim_mode': 'mad'}",6000,1.182346566,20,0,3.0,1.0,sketch_mad,6000,336000,200,0,4.0,10,0,1.5,bounded_out_of_subspace,527,strong,184024,completed,0.5459788190661053,5074.654227904274,retention_audit,3.069508331357999,0.8028357567748519
5208512,512,0.003038064385503138,3.7275347340293026,0.9488609349314111,0,109800,"{'phase': 'estimating', 'ready': True, 'total_seen': 6000, 'epoch_index': 0, 'epoch_seen': 6000, 'calibration_count': 512, 'effective_n': 5488, 'serving_epoch': 0, 'serving_n': 5488, 'basis_rank': 20, 'parallel_radius': 15.016068302114075, 'residual_radius': 12.69620394988935, 'marginal_clipped_coordinates': 3001, 'parallel_clipped_rows': 0, 'residual_clipped_rows': 500, 'state_bytes': 100800, 'calibration_peak_state_bytes_bound': 5208512, 'epoch_history': []}",5488,0.656139133,20,3001,3.0,1.0,dual_bound,6000,336000,200,0,4.0,10,500,1.5,bounded_out_of_subspace,527,strong,100800,completed,0.5780706771336911,9144.40199987279,retention_audit,3.0941922441452436,0.8046181441010354
0,512,0.004452394056136489,4.805468464344968,0.9434039034582606,0,109800,"{'effective_n': 6000, 'trim_mode': 'iqr'}",6000,1.200966834,20,0,3.0,1.0,sketch_iqr,6000,336000,200,0,4.0,10,0,1.5,in_subspace_leverage,527,strong,184024,completed,0.5498157462612752,4995.9747681092085,retention_audit,3.356329325458952,0.5752230128444189
0,512,0.003914878004035957,4.8034719960905745,0.9432923128565408,0,109800,"{'effective_n': 6000, 'trim_mode': 'mad'}",6000,1.185680362,20,0,3.0,1.0,sketch_mad,6000,336000,200,0,4.0,10,0,1.5,in_subspace_leverage,527,strong,184024,completed,0.549742290969409,5060.385743320593,retention_audit,3.3551587680526485,0.5753359923550004
5208512,512,0.003038064385503138,4.946132265162942,0.978973890157841,0,109800,"{'phase': 'estimating', 'ready': True, 'total_seen': 6000, 'epoch_index': 0, 'epoch_seen': 6000, 'calibration_count': 512, 'effective_n': 5488, 'serving_epoch': 0, 'serving_n': 5488, 'basis_rank': 20, 'parallel_radius': 15.016068302114075, 'residual_radius': 12.69620394988935, 'marginal_clipped_coordinates': 3001, 'parallel_clipped_rows': 0, 'residual_clipped_rows': 500, 'state_bytes': 100800, 'calibration_peak_state_bytes_bound': 5208512, 'epoch_history': []}",5488,0.653971061,20,3001,3.0,1.0,dual_bound,6000,336000,200,0,4.0,10,500,1.5,in_subspace_leverage,527,strong,100800,completed,0.5980509736916182,9174.717900858306,retention_audit,3.332687779934783,0.5752177882509212
0,512,0.004771601541001651,3.538029893121707,0.9221052135622112,0,109800,"{'effective_n': 6000, 'trim_mode': 'iqr'}",6000,1.204278512,20,0,3.0,0.9605828779599271,sketch_iqr,6000,336000,200,0,4.0,10,0,1.5,mixed,527,strong,184024,completed,0.5576758744512355,4982.236202185098,retention_audit,3.1888614863133555,0.8323172378844824
0,512,0.004322142726105302,3.5361290023773178,0.9219068800858267,0,109800,"{'effective_n': 6000, 'trim_mode': 'mad'}",6000,1.19273027,20,0,3.0,0.9605646630236794,sketch_mad,6000,336000,200,0,4.0,10,0,1.5,mixed,527,strong,184024,completed,0.5576698622615613,5030.475163508679,retention_audit,3.1872712011990156,0.8322673845847802
5208512,512,0.003038064385503138,3.3610214506935217,0.9271148393225955,0,109800,"{'phase': 'estimating', 'ready': True, 'total_seen': 6000, 'epoch_index': 0, 'epoch_seen': 6000, 'calibration_count': 512, 'effective_n': 5488, 'serving_epoch': 0, 'serving_n': 5488, 'basis_rank': 20, 'parallel_radius': 15.016068302114075, 'residual_radius': 12.69620394988935, 'marginal_clipped_coordinates': 7310, 'parallel_clipped_rows': 0, 'residual_clipped_rows': 774, 'state_bytes': 100800, 'calibration_peak_state_bytes_bound': 5208512, 'epoch_history': []}",5488,0.65694466,20,7310,3.0,0.9607559198542805,dual_bound,6000,336000,200,0,4.0,10,774,1.5,mixed,527,strong,100800,completed,0.5680887416361844,9133.189392238915,retention_audit,3.007508143657709,0.8559050348460722
0,512,0.0033366666666666666,3.24485586198954,0.9981650649853652,0,0,"{'effective_n': 6000, 'trim_mode': 'iqr'}",6000,1.202826567,20,0,3.0,,sketch_iqr,6000,336000,200,0,4.0,10,0,1.5,clean,527,weak,184024,completed,0.8855576298345106,4988.250313563285,retention_audit,3.250341226881038,0.9981551017881851
0,512,0.0029241666666666665,3.244778572788646,0.99816525569582,0,0,"{'effective_n': 6000, 'trim_mode': 'mad'}",6000,1.175358136,20,0,3.0,,sketch_mad,6000,336000,200,0,4.0,10,0,1.5,clean,527,weak,184024,completed,0.88552270160336,5104.827044818278,retention_audit,3.2501438890641285,0.998156233954714
5208512,512,0.0030284256559766766,2.804344283438608,0.9968429033941172,0,0,"{'phase': 'estimating', 'ready': True, 'total_seen': 6000, 'epoch_index': 0, 'epoch_seen': 6000, 'calibration_count': 512, 'effective_n': 5488, 'serving_epoch': 0, 'serving_n': 5488, 'basis_rank': 20, 'parallel_radius': 8.332070917835125, 'residual_radius': 14.339469788882232, 'marginal_clipped_coordinates': 3324, 'parallel_clipped_rows': 0, 'residual_clipped_rows': 424, 'state_bytes': 100800, 'calibration_peak_state_bytes_bound': 5208512, 'epoch_history': []}",5488,0.571612354,20,3324,3.0,,dual_bound,6000,336000,200,0,4.0,10,424,1.5,clean,527,weak,100800,completed,0.9062803399717516,10496.624081011378,retention_audit,2.802455296076354,0.9968168298739917
0,512,0.0017125298110438451,3.854120392706967,0.989711569875346,0,109800,"{'effective_n': 6000, 'trim_mode': 'iqr'}",6000,1.273176508,20,0,3.0,0.21204918032786885,sketch_iqr,6000,336000,200,0,4.0,10,0,1.5,casewise_cauchy,527,weak,184024,completed,0.9649652602881855,4712.62229730051,retention_audit,3.840671689482992,0.9925737356146821
0,512,0.0013914878004035957,3.860564673807317,0.9898454853783956,0,109800,"{'effective_n': 6000, 'trim_mode': 'mad'}",6000,1.143198888,20,0,3.0,0.21029143897996358,sketch_mad,6000,336000,200,0,4.0,10,0,1.5,casewise_cauchy,527,weak,184024,completed,0.9648885554601815,5248.430577549688,retention_audit,3.8486936983521387,0.9926304376885305
5208512,512,0.003037052034824863,2.748477307653618,0.9966429994443043,0,109800,"{'phase': 'estimating', 'ready': True, 'total_seen': 6000, 'epoch_index': 0, 'epoch_seen': 6000, 'calibration_count': 512, 'effective_n': 5488, 'serving_epoch': 0, 'serving_n': 5488, 'basis_rank': 20, 'parallel_radius': 8.332070917835125, 'residual_radius': 14.339469788882232, 'marginal_clipped_coordinates': 91705, 'parallel_clipped_rows': 544, 'residual_clipped_rows': 928, 'state_bytes': 100800, 'calibration_peak_state_bytes_bound': 5208512, 'epoch_history': []}",5488,0.619485904,20,91705,3.0,0.19212204007285974,dual_bound,6000,336000,200,544,4.0,10,928,1.5,casewise_cauchy,527,weak,100800,completed,0.9101061453256651,9685.450405341264,retention_audit,2.764635836917034,0.996697380960864
0,512,0.001753251221358288,3.295145408188384,0.9974791440882091,0,110025,"{'effective_n': 6000, 'trim_mode': 'iqr'}",6000,1.176682178,20,0,3.0,0.21368779822767553,sketch_iqr,6000,336000,200,0,4.0,10,0,1.5,cellwise_cauchy,527,weak,184024,completed,0.9430299160331016,5099.082923307435,retention_audit,3.4183558766294406,0.9984661726380273
0,512,0.001396362301887658,3.2938604692619897,0.9974883725596364,0,110025,"{'effective_n': 6000, 'trim_mode': 'mad'}",6000,1.219415948,20,0,3.0,0.21223358327652805,sketch_mad,6000,336000,200,0,4.0,10,0,1.5,cellwise_cauchy,527,weak,184024,completed,0.9428093596503292,4920.388330036832,retention_audit,3.4165787536162653,0.9984629048820209
5208512,512,0.0030174923423537453,2.7439087787916834,0.9963992374972754,0,110025,"{'phase': 'estimating', 'ready': True, 'total_seen': 6000, 'epoch_index': 0, 'epoch_seen': 6000, 'calibration_count': 512, 'effective_n': 5488, 'serving_epoch': 0, 'serving_n': 5488, 'basis_rank': 20, 'parallel_radius': 8.332070917835125, 'residual_radius': 14.339469788882232, 'marginal_clipped_coordinates': 91596, 'parallel_clipped_rows': 47, 'residual_clipped_rows': 5483, 'state_bytes': 100800, 'calibration_peak_state_bytes_bound': 5208512, 'epoch_history': []}",5488,0.697252742,20,91596,3.0,0.19458304930697568,dual_bound,6000,336000,200,47,4.0,10,5483,1.5,cellwise_cauchy,527,weak,100800,completed,0.9404598547627037,8605.201010453682,retention_audit,2.7950541752393256,0.9967771485331236
0,512,0.004891762979269859,10.58742766733428,1.0665520329331493,0,109800,"{'effective_n': 6000, 'trim_mode': 'iqr'}",6000,1.183536879,20,0,3.0,1.0,sketch_iqr,6000,336000,200,0,4.0,10,0,1.5,bounded_out_of_subspace,527,weak,184024,completed,0.9193460897740903,5069.550519684313,retention_audit,8.177992430119799,0.7999334778919616
0,512,0.00438084755090809,10.585639483807798,1.066523602282792,0,109800,"{'effective_n': 6000, 'trim_mode': 'mad'}",6000,1.260030887,20,0,3.0,1.0,sketch_mad,6000,336000,200,0,4.0,10,0,1.5,bounded_out_of_subspace,527,weak,184024,completed,0.9193210890231108,4761.788033851586,retention_audit,8.178268784472012,0.8001351996331906
5208512,512,0.003037052034824863,9.678943489948166,1.081416523815754,0,109800,"{'phase': 'estimating', 'ready': True, 'total_seen': 6000, 'epoch_index': 0, 'epoch_seen': 6000, 'calibration_count': 512, 'effective_n': 5488, 'serving_epoch': 0, 'serving_n': 5488, 'basis_rank': 20, 'parallel_radius': 8.332070917835125, 'residual_radius': 14.339469788882232, 'marginal_clipped_coordinates': 3000, 'parallel_clipped_rows': 0, 'residual_clipped_rows': 379, 'state_bytes': 100800, 'calibration_peak_state_bytes_bound': 5208512, 'epoch_history': []}",5488,0.719590227,20,3000,3.0,1.0,dual_bound,6000,336000,200,0,4.0,10,379,1.5,bounded_out_of_subspace,527,weak,100800,completed,0.9243143330154223,8338.078777159379,retention_audit,7.139241666586753,0.7743948437408396
0,512,0.003908457163823152,11.360744668047852,1.3975295410450703,0,109800,"{'effective_n': 6000, 'trim_mode': 'iqr'}",6000,1.212308742,20,0,3.0,1.0,sketch_iqr,6000,336000,200,0,4.0,10,0,1.5,in_subspace_leverage,527,weak,184024,completed,0.8942776696259427,4949.234293321626,retention_audit,6.373652808217453,0.5354577774815397
0,512,0.0034039625756741884,11.360487273115153,1.3974806546224119,0,109800,"{'effective_n': 6000, 'trim_mode': 'mad'}",6000,1.248776536,20,0,3.0,1.0,sketch_mad,6000,336000,200,0,4.0,10,0,1.5,in_subspace_leverage,527,weak,184024,completed,0.8942578929511638,4804.702704631855,retention_audit,6.3751875713493655,0.5356889272395357
5208512,512,0.003037052034824863,10.675964421181932,1.3480929052725306,0,109800,"{'phase': 'estimating', 'ready': True, 'total_seen': 6000, 'epoch_index': 0, 'epoch_seen': 6000, 'calibration_count': 512, 'effective_n': 5488, 'serving_epoch': 0, 'serving_n': 5488, 'basis_rank': 20, 'parallel_radius': 8.332070917835125, 'residual_radius': 14.339469788882232, 'marginal_clipped_coordinates': 3000, 'parallel_clipped_rows': 549, 'residual_clipped_rows': 379, 'state_bytes': 100800, 'calibration_peak_state_bytes_bound': 5208512, 'epoch_history': []}",5488,0.731637107,20,3000,3.0,1.0,dual_bound,6000,336000,200,549,4.0,10,379,1.5,in_subspace_leverage,527,weak,100800,completed,0.8952141550297318,8200.78689639234,retention_audit,5.970673417840705,0.5577199033911021
0,512,0.004523023298477344,10.366586987730285,1.0388237091264247,0,109800,"{'effective_n': 6000, 'trim_mode': 'iqr'}",6000,1.193725071,20,0,3.0,0.9594171220400729,sketch_iqr,6000,336000,200,0,4.0,10,0,1.5,mixed,527,weak,184024,completed,0.9163527423052514,5026.282973996447,retention_audit,8.441151931397417,0.845863500685095
0,512,0.0041148413135204545,10.36710435667357,1.0388374192232435,0,109800,"{'effective_n': 6000, 'trim_mode': 'mad'}",6000,1.200373808,20,0,3.0,0.9594171220400729,sketch_mad,6000,336000,200,0,4.0,10,0,1.5,mixed,527,weak,184024,completed,0.9163268647334956,4998.442951697593,retention_audit,8.442104921357002,0.8459216901289415
5208512,512,0.003037052034824863,9.200114742570022,1.034173755976628,0,109800,"{'phase': 'estimating', 'ready': True, 'total_seen': 6000, 'epoch_index': 0, 'epoch_seen': 6000, 'calibration_count': 512, 'effective_n': 5488, 'serving_epoch': 0, 'serving_n': 5488, 'basis_rank': 20, 'parallel_radius': 8.332070917835125, 'residual_radius': 14.339469788882232, 'marginal_clipped_coordinates': 7429, 'parallel_clipped_rows': 0, 'residual_clipped_rows': 635, 'state_bytes': 100800, 'calibration_peak_state_bytes_bound': 5208512, 'epoch_history': []}",5488,0.726576431,20,7429,3.0,0.9596630236794171,dual_bound,6000,336000,200,0,4.0,10,635,1.5,mixed,527,weak,100800,completed,0.922631685922153,8257.906180279057,retention_audit,7.317910283709815,0.8446104728791095
0,512,0.0032591666666666667,3.236303916545972,0.8531895375508903,0,0,"{'effective_n': 6000, 'trim_mode': 'iqr'}",6000,1.361720957,20,0,3.0,,sketch_iqr,6000,336000,200,0,4.0,10,0,1.5,clean,528,strong,184024,completed,0.4758326976932121,4406.189072112518,retention_audit,3.2327355788785046,0.8527773309839378
0,512,0.0028041666666666666,3.2361294769385007,0.8531235206166287,0,0,"{'effective_n': 6000, 'trim_mode': 'mad'}",6000,1.211319092,20,0,3.0,,sketch_mad,6000,336000,200,0,4.0,10,0,1.5,clean,528,strong,184024,completed,0.4757919500394228,4953.277827144162,retention_audit,3.232678219583745,0.8527891964543494
5208512,512,0.0026895043731778425,3.1785275673545197,0.8759062438273045,0,0,"{'phase': 'estimating', 'ready': True, 'total_seen': 6000, 'epoch_index': 0, 'epoch_seen': 6000, 'calibration_count': 512, 'effective_n': 5488, 'serving_epoch': 0, 'serving_n': 5488, 'basis_rank': 20, 'parallel_radius': 14.843535533624163, 'residual_radius': 12.40580745082798, 'marginal_clipped_coordinates': 2952, 'parallel_clipped_rows': 0, 'residual_clipped_rows': 651, 'state_bytes': 100800, 'calibration_peak_state_bytes_bound': 5208512, 'epoch_history': []}",5488,0.687269411,20,2952,3.0,,dual_bound,6000,336000,200,0,4.0,10,651,1.5,clean,528,strong,100800,completed,0.5024831402692794,8730.200855687435,retention_audit,3.1696512543489197,0.8797193841561167
0,512,0.0017143643368189322,2.3961356789143666,0.9914262254109044,0,109800,"{'effective_n': 6000, 'trim_mode': 'iqr'}",6000,1.245712761,20,0,3.0,0.23781420765027322,sketch_iqr,6000,336000,200,0,4.0,10,0,1.5,casewise_cauchy,528,strong,184024,completed,0.9303730956618446,4816.5196567332905,retention_audit,3.0476995321421767,0.9921492565232692
0,512,0.001335534764263438,2.3960322133327105,0.9914360087299079,0,109800,"{'effective_n': 6000, 'trim_mode': 'mad'}",6000,1.237947962,20,0,3.0,0.23632058287795993,sketch_mad,6000,336000,200,0,4.0,10,0,1.5,casewise_cauchy,528,strong,184024,completed,0.9293245250564873,4846.73038300135,retention_audit,3.0452794513533807,0.9921629157437688
5208512,512,0.002680704596072079,3.1315026120801415,0.9007592291296644,0,109800,"{'phase': 'estimating', 'ready': True, 'total_seen': 6000, 'epoch_index': 0, 'epoch_seen': 6000, 'calibration_count': 512, 'effective_n': 5488, 'serving_epoch': 0, 'serving_n': 5488, 'basis_rank': 20, 'parallel_radius': 14.843535533624163, 'residual_radius': 12.40580745082798, 'marginal_clipped_coordinates': 88454, 'parallel_clipped_rows': 41, 'residual_clipped_rows': 1130, 'state_bytes': 100800, 'calibration_peak_state_bytes_bound': 5208512, 'epoch_history': []}",5488,0.675627557,20,88454,3.0,0.2185245901639344,dual_bound,6000,336000,200,41,4.0,10,1130,1.5,casewise_cauchy,528,strong,100800,completed,0.5183966835687739,8880.632439922814,retention_audit,3.2613505618013545,0.9083411392493237
0,512,0.0017601596709721327,2.2940946673422675,0.9947995614152386,0,109758,"{'effective_n': 6000, 'trim_mode': 'iqr'}",6000,1.229844071,20,0,3.0,0.23758632628145557,sketch_iqr,6000,336000,200,0,4.0,10,0,1.5,cellwise_cauchy,528,strong,184024,completed,0.7902769014677136,4878.667256672085,retention_audit,3.27499057073728,0.9964199623348626
0,512,0.0013721724167661859,2.295201888570172,0.9947823888208968,0,109758,"{'effective_n': 6000, 'trim_mode': 'mad'}",6000,1.215631653,20,0,3.0,0.2364656790393411,sketch_mad,6000,336000,200,0,4.0,10,0,1.5,cellwise_cauchy,528,strong,184024,completed,0.7894788674446244,4935.705635167432,retention_audit,3.2725469828985547,0.9963937779419794
5208512,512,0.0026967875429471516,2.921329234274566,0.96465755351542,0,109758,"{'phase': 'estimating', 'ready': True, 'total_seen': 6000, 'epoch_index': 0, 'epoch_seen': 6000, 'calibration_count': 512, 'effective_n': 5488, 'serving_epoch': 0, 'serving_n': 5488, 'basis_rank': 20, 'parallel_radius': 14.843535533624163, 'residual_radius': 12.40580745082798, 'marginal_clipped_coordinates': 88464, 'parallel_clipped_rows': 0, 'residual_clipped_rows': 5488, 'state_bytes': 100800, 'calibration_peak_state_bytes_bound': 5208512, 'epoch_history': []}",5488,0.679184109,20,88464,3.0,0.21828021647624773,dual_bound,6000,336000,200,0,4.0,10,5488,1.5,cellwise_cauchy,528,strong,100800,completed,0.6239822784979758,8834.128950446337,retention_audit,3.472525232558315,0.9672146991512249
0,512,0.004854155200880572,3.9276083905147923,0.9462439760128459,0,109800,"{'effective_n': 6000, 'trim_mode': 'iqr'}",6000,1.189502285,20,0,3.0,1.0,sketch_iqr,6000,336000,200,0,4.0,10,0,1.5,bounded_out_of_subspace,528,strong,184024,completed,0.5620319828289179,5044.12650203526,retention_audit,3.217370634569706,0.7699374309730569
0,512,0.004247844432214273,3.9267126175787364,0.9461390965413427,0,109800,"{'effective_n': 6000, 'trim_mode': 'mad'}",6000,1.177083395,20,0,3.0,1.0,sketch_mad,6000,336000,200,0,4.0,10,0,1.5,bounded_out_of_subspace,528,strong,184024,completed,0.5619683142412994,5097.344865696623,retention_audit,3.2172130921552378,0.7700930004376794
5208512,512,0.002680704596072079,4.089006524221935,0.9728064820989949,0,109800,"{'phase': 'estimating', 'ready': True, 'total_seen': 6000, 'epoch_index': 0, 'epoch_seen': 6000, 'calibration_count': 512, 'effective_n': 5488, 'serving_epoch': 0, 'serving_n': 5488, 'basis_rank': 20, 'parallel_radius': 14.843535533624163, 'residual_radius': 12.40580745082798, 'marginal_clipped_coordinates': 2648, 'parallel_clipped_rows': 0, 'residual_clipped_rows': 581, 'state_bytes': 100800, 'calibration_peak_state_bytes_bound': 5208512, 'epoch_history': []}",5488,0.636579257,20,2648,3.0,1.0,dual_bound,6000,336000,200,0,4.0,10,581,1.5,bounded_out_of_subspace,528,strong,100800,completed,0.5916933011153299,9425.377804919584,retention_audit,3.2429839841527768,0.7734953961741218
0,512,0.004382682076683178,4.926975121304839,0.9557323473190501,0,109800,"{'effective_n': 6000, 'trim_mode': 'iqr'}",6000,1.178941039,20,0,3.0,1.0,sketch_iqr,6000,336000,200,0,4.0,10,0,1.5,in_subspace_leverage,528,strong,184024,completed,0.5570528250984903,5089.313037307882,retention_audit,3.4188964682234033,0.5666589136225454
0,512,0.0038240689781691433,4.925872104680805,0.9556110951931144,0,109800,"{'effective_n': 6000, 'trim_mode': 'mad'}",6000,1.174374446,20,0,3.0,1.0,sketch_mad,6000,336000,200,0,4.0,10,0,1.5,in_subspace_leverage,528,strong,184024,completed,0.5569228881755643,5109.10299558749,retention_audit,3.4189379561633135,0.5668880410030621
5208512,512,0.002680704596072079,5.128649909035015,0.994730986895682,0,109800,"{'phase': 'estimating', 'ready': True, 'total_seen': 6000, 'epoch_index': 0, 'epoch_seen': 6000, 'calibration_count': 512, 'effective_n': 5488, 'serving_epoch': 0, 'serving_n': 5488, 'basis_rank': 20, 'parallel_radius': 14.843535533624163, 'residual_radius': 12.40580745082798, 'marginal_clipped_coordinates': 2648, 'parallel_clipped_rows': 0, 'residual_clipped_rows': 581, 'state_bytes': 100800, 'calibration_peak_state_bytes_bound': 5208512, 'epoch_history': []}",5488,0.662994188,20,2648,3.0,1.0,dual_bound,6000,336000,200,0,4.0,10,581,1.5,in_subspace_leverage,528,strong,100800,completed,0.5958447677310429,9049.853088606564,retention_audit,3.432122413705474,0.567933425511962
0,512,0.004440469638598422,3.8601392937805645,0.936389100948958,0,109800,"{'effective_n': 6000, 'trim_mode': 'iqr'}",6000,1.193103288,20,0,3.0,0.9607012750455374,sketch_iqr,6000,336000,200,0,4.0,10,0,1.5,mixed,528,strong,184024,completed,0.5713256971528752,5028.902409662959,retention_audit,3.3575089084522487,0.8034042151615519
0,512,0.0039800036690515505,3.859147865032191,0.9363154037901442,0,109800,"{'effective_n': 6000, 'trim_mode': 'mad'}",6000,1.157298379,20,0,3.0,0.9606921675774135,sketch_mad,6000,336000,200,0,4.0,10,0,1.5,mixed,528,strong,184024,completed,0.5711523354412539,5184.488381625911,retention_audit,3.3570400386329267,0.8034602810990924
5208512,512,0.002680704596072079,3.6277582457011315,0.9326783139167374,0,109800,"{'phase': 'estimating', 'ready': True, 'total_seen': 6000, 'epoch_index': 0, 'epoch_seen': 6000, 'calibration_count': 512, 'effective_n': 5488, 'serving_epoch': 0, 'serving_n': 5488, 'basis_rank': 20, 'parallel_radius': 14.843535533624163, 'residual_radius': 12.40580745082798, 'marginal_clipped_coordinates': 6967, 'parallel_clipped_rows': 0, 'residual_clipped_rows': 856, 'state_bytes': 100800, 'calibration_peak_state_bytes_bound': 5208512, 'epoch_history': []}",5488,0.665366817,20,6967,3.0,0.9606648451730418,dual_bound,6000,336000,200,0,4.0,10,856,1.5,mixed,528,strong,100800,completed,0.5807878272987772,9017.582251926458,retention_audit,3.1542814807091597,0.8386489382372231
0,512,0.0034391666666666668,3.40185053812573,0.9980716775222807,0,0,"{'effective_n': 6000, 'trim_mode': 'iqr'}",6000,1.227459928,20,0,3.0,,sketch_iqr,6000,336000,200,0,4.0,10,0,1.5,clean,528,weak,184024,completed,0.8922686988138196,4888.143281203718,retention_audit,3.406148911017747,0.9980571496271163
0,512,0.003033333333333333,3.4025676261560265,0.9980726575453656,0,0,"{'effective_n': 6000, 'trim_mode': 'mad'}",6000,1.188506289,20,0,3.0,,sketch_mad,6000,336000,200,0,4.0,10,0,1.5,clean,528,weak,184024,completed,0.8922912804276252,5048.353597731782,retention_audit,3.4068418456675045,0.9980589376067464
5208512,512,0.0033245262390670556,2.8107503160496083,0.9964711283177614,0,0,"{'phase': 'estimating', 'ready': True, 'total_seen': 6000, 'epoch_index': 0, 'epoch_seen': 6000, 'calibration_count': 512, 'effective_n': 5488, 'serving_epoch': 0, 'serving_n': 5488, 'basis_rank': 20, 'parallel_radius': 8.21631719916994, 'residual_radius': 14.345671260292518, 'marginal_clipped_coordinates': 3649, 'parallel_clipped_rows': 0, 'residual_clipped_rows': 540, 'state_bytes': 100800, 'calibration_peak_state_bytes_bound': 5208512, 'epoch_history': []}",5488,0.630029874,20,3649,3.0,,dual_bound,6000,336000,200,0,4.0,10,540,1.5,clean,528,weak,100800,completed,0.8865254530348602,9523.3579352461,retention_audit,2.80848596974499,0.9964335369503491
0,512,0.0019014859658778205,3.5076792639790955,0.9874629049830734,0,109800,"{'effective_n': 6000, 'trim_mode': 'iqr'}",6000,1.206790119,20,0,3.0,0.211448087431694,sketch_iqr,6000,336000,200,0,4.0,10,0,1.5,casewise_cauchy,528,weak,184024,completed,0.967610066847092,4971.86702603421,retention_audit,3.48844565881527,0.9910008680560527
0,512,0.0015630159603742433,3.5129842945079424,0.9876051602232985,0,109800,"{'effective_n': 6000, 'trim_mode': 'mad'}",6000,1.170206865,20,0,3.0,0.21013661202185793,sketch_mad,6000,336000,200,0,4.0,10,0,1.5,casewise_cauchy,528,weak,184024,completed,0.9675475464032299,5127.298582375006,retention_audit,3.49511239167234,0.9910598831275643
5208512,512,0.0033427819396638996,2.881877000507248,0.9963230735659795,0,109800,"{'phase': 'estimating', 'ready': True, 'total_seen': 6000, 'epoch_index': 0, 'epoch_seen': 6000, 'calibration_count': 512, 'effective_n': 5488, 'serving_epoch': 0, 'serving_n': 5488, 'basis_rank': 20, 'parallel_radius': 8.21631719916994, 'residual_radius': 14.345671260292518, 'marginal_clipped_coordinates': 92007, 'parallel_clipped_rows': 539, 'residual_clipped_rows': 1030, 'state_bytes': 100800, 'calibration_peak_state_bytes_bound': 5208512, 'epoch_history': []}",5488,0.750080489,20,92007,3.0,0.19212204007285974,dual_bound,6000,336000,200,539,4.0,10,1030,1.5,casewise_cauchy,528,weak,100800,completed,0.8974067032088405,7999.141542795149,retention_audit,2.896175224721734,0.9963679104769758
0,512,0.0018552858680958696,3.396175684118359,0.9973311335252318,0,109602,"{'effective_n': 6000, 'trim_mode': 'iqr'}",6000,1.270605941,20,0,3.0,0.20847247313005238,sketch_iqr,6000,336000,200,0,4.0,10,0,1.5,cellwise_cauchy,528,weak,184024,completed,0.9390575677710664,4722.156418753909,retention_audit,3.525302478624333,0.9983922188163864
0,512,0.001524214094303181,3.3969131412952973,0.9973451357339443,0,109602,"{'effective_n': 6000, 'trim_mode': 'mad'}",6000,1.18828428,20,0,3.0,0.2070947610445065,sketch_mad,6000,336000,200,0,4.0,10,0,1.5,cellwise_cauchy,528,weak,184024,completed,0.9388974084502855,5049.2967894854255,retention_audit,3.5256133421877913,0.9983914335347803
5208512,512,0.003309723299035018,2.80537228635803,0.9963097657986023,0,109602,"{'phase': 'estimating', 'ready': True, 'total_seen': 6000, 'epoch_index': 0, 'epoch_seen': 6000, 'calibration_count': 512, 'effective_n': 5488, 'serving_epoch': 0, 'serving_n': 5488, 'basis_rank': 20, 'parallel_radius': 8.21631719916994, 'residual_radius': 14.345671260292518, 'marginal_clipped_coordinates': 92237, 'parallel_clipped_rows': 69, 'residual_clipped_rows': 5482, 'state_bytes': 100800, 'calibration_peak_state_bytes_bound': 5208512, 'epoch_history': []}",5488,0.629120021,20,92237,3.0,0.18827211182277695,dual_bound,6000,336000,200,69,4.0,10,5482,1.5,cellwise_cauchy,528,weak,100800,completed,0.934203808727721,9537.130912576697,retention_audit,2.8603872603071427,0.9967004549653068
0,512,0.005144927536231884,9.959682163330685,1.0387571117844732,0,109800,"{'effective_n': 6000, 'trim_mode': 'iqr'}",6000,1.233580457,20,0,3.0,1.0,sketch_iqr,6000,336000,200,0,4.0,10,0,1.5,bounded_out_of_subspace,528,weak,184024,completed,0.9279234135193052,4863.890284539422,retention_audit,7.959106673065624,0.8385574909249156
0,512,0.004615666850119244,9.958930765634761,1.038736086207678,0,109800,"{'effective_n': 6000, 'trim_mode': 'mad'}",6000,1.188786844,20,0,3.0,1.0,sketch_mad,6000,336000,200,0,4.0,10,0,1.5,bounded_out_of_subspace,528,weak,184024,completed,0.9278954709094697,5047.16218074163,retention_audit,7.960061941370182,0.8387367899311701
5208512,512,0.0033427819396638996,9.234712259037126,1.0454302597454834,0,109800,"{'phase': 'estimating', 'ready': True, 'total_seen': 6000, 'epoch_index': 0, 'epoch_seen': 6000, 'calibration_count': 512, 'effective_n': 5488, 'serving_epoch': 0, 'serving_n': 5488, 'basis_rank': 20, 'parallel_radius': 8.21631719916994, 'residual_radius': 14.345671260292518, 'marginal_clipped_coordinates': 3302, 'parallel_clipped_rows': 0, 'residual_clipped_rows': 481, 'state_bytes': 100800, 'calibration_peak_state_bytes_bound': 5208512, 'epoch_history': []}",5488,0.683843921,20,3302,3.0,1.0,dual_bound,6000,336000,200,0,4.0,10,481,1.5,bounded_out_of_subspace,528,weak,100800,completed,0.9214714191415987,8773.93191011491,retention_audit,7.0861219282563,0.8239667561196066
0,512,0.005023848835076132,10.52101847922509,1.1019349493345203,0,109800,"{'effective_n': 6000, 'trim_mode': 'iqr'}",6000,1.213333031,20,0,3.0,1.0,sketch_iqr,6000,336000,200,0,4.0,10,0,1.5,in_subspace_leverage,528,weak,184024,completed,0.8951097405122903,4945.056177243394,retention_audit,7.361775787882409,0.6894826195552092
0,512,0.004501008989176298,10.520672234414572,1.1018941699088116,0,109800,"{'effective_n': 6000, 'trim_mode': 'mad'}",6000,1.18603331,20,0,3.0,1.0,sketch_mad,6000,336000,200,0,4.0,10,0,1.5,in_subspace_leverage,528,weak,184024,completed,0.8950730549579634,5058.879838712119,retention_audit,7.363062866658534,0.6897211182770328
5208512,512,0.0033427819396638996,9.891999489749457,1.12414840261218,0,109800,"{'phase': 'estimating', 'ready': True, 'total_seen': 6000, 'epoch_index': 0, 'epoch_seen': 6000, 'calibration_count': 512, 'effective_n': 5488, 'serving_epoch': 0, 'serving_n': 5488, 'basis_rank': 20, 'parallel_radius': 8.21631719916994, 'residual_radius': 14.345671260292518, 'marginal_clipped_coordinates': 3302, 'parallel_clipped_rows': 0, 'residual_clipped_rows': 481, 'state_bytes': 100800, 'calibration_peak_state_bytes_bound': 5208512, 'epoch_history': []}",5488,0.735931699,20,3302,3.0,1.0,dual_bound,6000,336000,200,0,4.0,10,481,1.5,in_subspace_leverage,528,weak,100800,completed,0.8906914026617725,8152.930507210018,retention_audit,6.586580972058948,0.677822536125933
0,512,0.004741331865712713,9.631594036135969,1.021897369243395,0,109800,"{'effective_n': 6000, 'trim_mode': 'iqr'}",6000,1.184958289,20,0,3.0,0.9602185792349727,sketch_iqr,6000,336000,200,0,4.0,10,0,1.5,mixed,528,weak,184024,completed,0.9290464410023999,5063.469369089328,retention_audit,8.022719281435673,0.8749914604767184
0,512,0.004335901669418455,9.632128106138492,1.021921886607906,0,109800,"{'effective_n': 6000, 'trim_mode': 'mad'}",6000,1.322123576,20,0,3.0,0.9601730418943534,sketch_mad,6000,336000,200,0,4.0,10,0,1.5,mixed,528,weak,184024,completed,0.9290973001045079,4538.153701299703,retention_audit,8.023646285691463,0.8750057678844028
5208512,512,0.0033427819396638996,8.51055232390957,1.0179433670304046,0,109800,"{'phase': 'estimating', 'ready': True, 'total_seen': 6000, 'epoch_index': 0, 'epoch_seen': 6000, 'calibration_count': 512, 'effective_n': 5488, 'serving_epoch': 0, 'serving_n': 5488, 'basis_rank': 20, 'parallel_radius': 8.21631719916994, 'residual_radius': 14.345671260292518, 'marginal_clipped_coordinates': 7666, 'parallel_clipped_rows': 0, 'residual_clipped_rows': 703, 'state_bytes': 100800, 'calibration_peak_state_bytes_bound': 5208512, 'epoch_history': []}",5488,0.720938383,20,7666,3.0,0.9602550091074681,dual_bound,6000,336000,200,0,4.0,10,703,1.5,mixed,528,weak,100800,completed,0.9242941303137698,8322.486555692236,retention_audit,6.905666386615102,0.876948787547502
0,512,0.0033,3.1636804945661345,0.8536717969123702,0,0,"{'effective_n': 6000, 'trim_mode': 'iqr'}",6000,1.390243592,20,0,3.0,,sketch_iqr,6000,336000,200,0,4.0,10,0,1.5,clean,529,strong,184024,completed,0.4565913999714165,4315.790437392644,retention_audit,3.172108055855218,0.8528406102019204
0,512,0.0028158333333333334,3.163645541677501,0.8535960500831954,0,0,"{'effective_n': 6000, 'trim_mode': 'mad'}",6000,1.270815967,20,0,3.0,,sketch_mad,6000,336000,200,0,4.0,10,0,1.5,clean,529,strong,184024,completed,0.4566244567067418,4721.375994483393,retention_audit,3.171963747076397,0.8528497573437556
5208512,512,0.0030393586005830905,3.07537863501654,0.8738391359259823,0,0,"{'phase': 'estimating', 'ready': True, 'total_seen': 6000, 'epoch_index': 0, 'epoch_seen': 6000, 'calibration_count': 512, 'effective_n': 5488, 'serving_epoch': 0, 'serving_n': 5488, 'basis_rank': 20, 'parallel_radius': 14.902397600756068, 'residual_radius': 12.566573445903657, 'marginal_clipped_coordinates': 3336, 'parallel_clipped_rows': 0, 'residual_clipped_rows': 582, 'state_bytes': 100800, 'calibration_peak_state_bytes_bound': 5208512, 'epoch_history': []}",5488,0.674105472,20,3336,3.0,,dual_bound,6000,336000,200,0,4.0,10,582,1.5,clean,529,strong,100800,completed,0.47516770967949956,8900.68431309218,retention_audit,3.0708745082524302,0.8775726367029161
0,512,0.0018913960741148413,2.2750391288408705,0.991899094240499,0,109800,"{'effective_n': 6000, 'trim_mode': 'iqr'}",6000,1.38764953,20,0,3.0,0.23785974499089252,sketch_iqr,6000,336000,200,0,4.0,10,0,1.5,casewise_cauchy,529,strong,184024,completed,0.9443168910335298,4323.858344837258,retention_audit,2.863604206339495,0.9918551254343951
0,512,0.0014474408365437535,2.274396039911096,0.9919070998089838,0,109800,"{'effective_n': 6000, 'trim_mode': 'mad'}",6000,1.21563338,20,0,3.0,0.23615664845173043,sketch_mad,6000,336000,200,0,4.0,10,0,1.5,casewise_cauchy,529,strong,184024,completed,0.9434882598008527,4935.698623214837,retention_audit,2.860424149315306,0.9918777880753603
5208512,512,0.0030117432678679894,3.0530075491882065,0.8996267546182266,0,109800,"{'phase': 'estimating', 'ready': True, 'total_seen': 6000, 'epoch_index': 0, 'epoch_seen': 6000, 'calibration_count': 512, 'effective_n': 5488, 'serving_epoch': 0, 'serving_n': 5488, 'basis_rank': 20, 'parallel_radius': 14.902397600756068, 'residual_radius': 12.566573445903657, 'marginal_clipped_coordinates': 88970, 'parallel_clipped_rows': 49, 'residual_clipped_rows': 1068, 'state_bytes': 100800, 'calibration_peak_state_bytes_bound': 5208512, 'epoch_history': []}",5488,0.711131791,20,88970,3.0,0.2168032786885246,dual_bound,6000,336000,200,49,4.0,10,1068,1.5,casewise_cauchy,529,strong,100800,completed,0.5171493181046543,8437.254635406955,retention_audit,3.1822533278735534,0.9070201209080013
0,512,0.001876127877462991,2.251898985792621,0.9957507370173823,0,109456,"{'effective_n': 6000, 'trim_mode': 'iqr'}",6000,1.245340072,20,0,3.0,0.23763886858646396,sketch_iqr,6000,336000,200,0,4.0,10,0,1.5,cellwise_cauchy,529,strong,184024,completed,0.8036817946792489,4817.961081396889,retention_audit,3.197475998419123,0.9969557820047953
0,512,0.0014332296541909359,2.2502921399111506,0.9957323013847554,0,109456,"{'effective_n': 6000, 'trim_mode': 'mad'}",6000,1.157062709,20,0,3.0,0.2362227744481801,sketch_mad,6000,336000,200,0,4.0,10,0,1.5,cellwise_cauchy,529,strong,184024,completed,0.8025711252507352,5185.54435583318,retention_audit,3.1913177677235733,0.9969309731249315
5208512,512,0.003063318706585275,2.8488805196126905,0.9698299371908614,0,109456,"{'phase': 'estimating', 'ready': True, 'total_seen': 6000, 'epoch_index': 0, 'epoch_seen': 6000, 'calibration_count': 512, 'effective_n': 5488, 'serving_epoch': 0, 'serving_n': 5488, 'basis_rank': 20, 'parallel_radius': 14.902397600756068, 'residual_radius': 12.566573445903657, 'marginal_clipped_coordinates': 88725, 'parallel_clipped_rows': 0, 'residual_clipped_rows': 5488, 'state_bytes': 100800, 'calibration_peak_state_bytes_bound': 5208512, 'epoch_history': []}",5488,0.662201741,20,88725,3.0,0.21705525507966672,dual_bound,6000,336000,200,0,4.0,10,5488,1.5,cellwise_cauchy,529,strong,100800,completed,0.6112935106718503,9060.68291354734,retention_audit,3.424926187485021,0.9717252070613812
0,512,0.004608328747018896,4.010841632839559,0.9724974092946285,0,109800,"{'effective_n': 6000, 'trim_mode': 'iqr'}",6000,1.222908719,20,0,3.0,1.0,sketch_iqr,6000,336000,200,0,4.0,10,0,1.5,bounded_out_of_subspace,529,strong,184024,completed,0.5583119042004259,4906.335122793413,retention_audit,3.184856608407198,0.7422922192565516
0,512,0.003970831040176114,4.0096652495833025,0.9723860505175741,0,109800,"{'effective_n': 6000, 'trim_mode': 'mad'}",6000,1.156222099,20,0,3.0,1.0,sketch_mad,6000,336000,200,0,4.0,10,0,1.5,bounded_out_of_subspace,529,strong,184024,completed,0.5582145759626957,5189.314410431451,retention_audit,3.1844468624286653,0.7424557935643981
5208512,512,0.0030117432678679894,4.232276946280148,1.0039753564070062,0,109800,"{'phase': 'estimating', 'ready': True, 'total_seen': 6000, 'epoch_index': 0, 'epoch_seen': 6000, 'calibration_count': 512, 'effective_n': 5488, 'serving_epoch': 0, 'serving_n': 5488, 'basis_rank': 20, 'parallel_radius': 14.902397600756068, 'residual_radius': 12.566573445903657, 'marginal_clipped_coordinates': 2975, 'parallel_clipped_rows': 0, 'residual_clipped_rows': 519, 'state_bytes': 100800, 'calibration_peak_state_bytes_bound': 5208512, 'epoch_history': []}",5488,0.597527445,20,2975,3.0,1.0,dual_bound,6000,336000,200,0,4.0,10,519,1.5,bounded_out_of_subspace,529,strong,100800,completed,0.5736285289231173,10041.379772940807,retention_audit,3.251754487486799,0.7390075240478743
0,512,0.004300128416804256,4.861951619113072,0.9274416080024402,0,109800,"{'effective_n': 6000, 'trim_mode': 'iqr'}",6000,1.155360592,20,0,3.0,1.0,sketch_iqr,6000,336000,200,0,4.0,10,0,1.5,in_subspace_leverage,529,strong,184024,completed,0.5613054933177272,5193.183878302126,retention_audit,3.41296569067468,0.5859336206418092
0,512,0.003677306916162172,4.860999234002598,0.9273459784118141,0,109800,"{'effective_n': 6000, 'trim_mode': 'mad'}",6000,1.121114324,20,0,3.0,1.0,sketch_mad,6000,336000,200,0,4.0,10,0,1.5,in_subspace_leverage,529,strong,184024,completed,0.5612942126975462,5351.818161231521,retention_audit,3.412993026349744,0.5861797639678502
5208512,512,0.0030117432678679894,5.078769977267058,0.9654038122743896,0,109800,"{'phase': 'estimating', 'ready': True, 'total_seen': 6000, 'epoch_index': 0, 'epoch_seen': 6000, 'calibration_count': 512, 'effective_n': 5488, 'serving_epoch': 0, 'serving_n': 5488, 'basis_rank': 20, 'parallel_radius': 14.902397600756068, 'residual_radius': 12.566573445903657, 'marginal_clipped_coordinates': 2975, 'parallel_clipped_rows': 0, 'residual_clipped_rows': 519, 'state_bytes': 100800, 'calibration_peak_state_bytes_bound': 5208512, 'epoch_history': []}",5488,0.676608711,20,2975,3.0,1.0,dual_bound,6000,336000,200,0,4.0,10,519,1.5,in_subspace_leverage,529,strong,100800,completed,0.5670961324342064,8867.75458615105,retention_audit,3.438511634670313,0.5828147143040355
0,512,0.0042350027517886624,3.9442720897042967,0.9561154419669303,0,109800,"{'effective_n': 6000, 'trim_mode': 'iqr'}",6000,1.235980012,20,0,3.0,0.9602550091074681,sketch_iqr,6000,336000,200,0,4.0,10,0,1.5,mixed,529,strong,184024,completed,0.5727864281233312,4854.44743583766,retention_audit,3.337531986979258,0.7796981239294858
0,512,0.00372041827187672,3.9430148171195527,0.9560307655973105,0,109800,"{'effective_n': 6000, 'trim_mode': 'mad'}",6000,1.138026232,20,0,3.0,0.9602276867030966,sketch_mad,6000,336000,200,0,4.0,10,0,1.5,mixed,529,strong,184024,completed,0.5724584830978133,5272.286201571494,retention_audit,3.3364534615422468,0.7797453222605948
5208512,512,0.0030117432678679894,3.7741657216231017,0.9455838385982974,0,109800,"{'phase': 'estimating', 'ready': True, 'total_seen': 6000, 'epoch_index': 0, 'epoch_seen': 6000, 'calibration_count': 512, 'effective_n': 5488, 'serving_epoch': 0, 'serving_n': 5488, 'basis_rank': 20, 'parallel_radius': 14.902397600756068, 'residual_radius': 12.566573445903657, 'marginal_clipped_coordinates': 7344, 'parallel_clipped_rows': 0, 'residual_clipped_rows': 794, 'state_bytes': 100800, 'calibration_peak_state_bytes_bound': 5208512, 'epoch_history': []}",5488,0.67317444,20,7344,3.0,0.9602094717668488,dual_bound,6000,336000,200,0,4.0,10,794,1.5,mixed,529,strong,100800,completed,0.5617513730139534,8912.994379287484,retention_audit,3.2040391875850656,0.8160396409791034
0,512,0.0034325,3.287301241126881,0.9983102071079394,0,0,"{'effective_n': 6000, 'trim_mode': 'iqr'}",6000,1.181542885,20,0,3.0,,sketch_iqr,6000,336000,200,0,4.0,10,0,1.5,clean,529,weak,184024,completed,0.906155877800637,5078.105988510099,retention_audit,3.2928348333914066,0.998300389362684
0,512,0.002970833333333333,3.2874309105094945,0.998310480192117,0,0,"{'effective_n': 6000, 'trim_mode': 'mad'}",6000,1.132468257,20,0,3.0,,sketch_mad,6000,336000,200,0,4.0,10,0,1.5,clean,529,weak,184024,completed,0.9061599062451251,5298.161747945576,retention_audit,3.292897976164641,0.9983016790598185
5208512,512,0.0030849125364431486,2.7110054145036693,0.9965645106212457,0,0,"{'phase': 'estimating', 'ready': True, 'total_seen': 6000, 'epoch_index': 0, 'epoch_seen': 6000, 'calibration_count': 512, 'effective_n': 5488, 'serving_epoch': 0, 'serving_n': 5488, 'basis_rank': 20, 'parallel_radius': 8.429596977650158, 'residual_radius': 14.375569744415312, 'marginal_clipped_coordinates': 3386, 'parallel_clipped_rows': 0, 'residual_clipped_rows': 445, 'state_bytes': 100800, 'calibration_peak_state_bytes_bound': 5208512, 'epoch_history': []}",5488,0.701319738,20,3386,3.0,,dual_bound,6000,336000,200,0,4.0,10,445,1.5,clean,529,weak,100800,completed,0.9188735465645195,8555.298924154906,retention_audit,2.708821164457025,0.9965391824975534
0,512,0.0019060722803155383,3.342094782926447,0.9865485090238875,0,109800,"{'effective_n': 6000, 'trim_mode': 'iqr'}",6000,1.217438794,20,0,3.0,0.21157559198542805,sketch_iqr,6000,336000,200,0,4.0,10,0,1.5,casewise_cauchy,529,weak,184024,completed,0.9687187026538713,4928.379175668029,retention_audit,3.317025232187187,0.9901402992424047
0,512,0.0014978902953586498,3.3441167722007012,0.9866927517173896,0,109800,"{'effective_n': 6000, 'trim_mode': 'mad'}",6000,1.167533698,20,0,3.0,0.21040983606557376,sketch_mad,6000,336000,200,0,4.0,10,0,1.5,casewise_cauchy,529,weak,184024,completed,0.9686747247077945,5139.037965480634,retention_audit,3.3202131137372715,0.9902032209242638
5208512,512,0.0031099412836606602,2.7254807412463324,0.9965777339551307,0,109800,"{'phase': 'estimating', 'ready': True, 'total_seen': 6000, 'epoch_index': 0, 'epoch_seen': 6000, 'calibration_count': 512, 'effective_n': 5488, 'serving_epoch': 0, 'serving_n': 5488, 'basis_rank': 20, 'parallel_radius': 8.429596977650158, 'residual_radius': 14.375569744415312, 'marginal_clipped_coordinates': 91669, 'parallel_clipped_rows': 538, 'residual_clipped_rows': 954, 'state_bytes': 100800, 'calibration_peak_state_bytes_bound': 5208512, 'epoch_history': []}",5488,0.70079239,20,91669,3.0,0.1931056466302368,dual_bound,6000,336000,200,538,4.0,10,954,1.5,casewise_cauchy,529,weak,100800,completed,0.928520052922767,8561.73680767281,retention_audit,2.740698300103099,0.9966344176029436
0,512,0.0018464620484629785,3.4189389924020976,0.9975416241082468,0,109807,"{'effective_n': 6000, 'trim_mode': 'iqr'}",6000,1.25438666,20,0,3.0,0.21039642281457466,sketch_iqr,6000,336000,200,0,4.0,10,0,1.5,cellwise_cauchy,529,weak,184024,completed,0.9504169329789993,4783.214132714071,retention_audit,3.54526251130192,0.9985111322330334
0,512,0.0014428637865038577,3.4173809050500097,0.9975496158871711,0,109807,"{'effective_n': 6000, 'trim_mode': 'mad'}",6000,1.261159866,20,0,3.0,0.2089939621335616,sketch_mad,6000,336000,200,0,4.0,10,0,1.5,cellwise_cauchy,529,weak,184024,completed,0.9502888760086478,4757.525323914803,retention_audit,3.543245236392024,0.9985080789788576
5208512,512,0.0030968026701950714,2.780541957645889,0.9963574379671317,0,109807,"{'phase': 'estimating', 'ready': True, 'total_seen': 6000, 'epoch_index': 0, 'epoch_seen': 6000, 'calibration_count': 512, 'effective_n': 5488, 'serving_epoch': 0, 'serving_n': 5488, 'basis_rank': 20, 'parallel_radius': 8.429596977650158, 'residual_radius': 14.375569744415312, 'marginal_clipped_coordinates': 91901, 'parallel_clipped_rows': 27, 'residual_clipped_rows': 5479, 'state_bytes': 100800, 'calibration_peak_state_bytes_bound': 5208512, 'epoch_history': []}",5488,0.704261951,20,91901,3.0,0.1909258972560948,dual_bound,6000,336000,200,27,4.0,10,5479,1.5,cellwise_cauchy,529,weak,100800,completed,0.9421685868273995,8519.557235032282,retention_audit,2.836578722179461,0.9968033929117954
0,512,0.004866996881306183,10.144345087601314,1.0841017299446734,0,109800,"{'effective_n': 6000, 'trim_mode': 'iqr'}",6000,1.366843646,20,0,3.0,1.0,sketch_iqr,6000,336000,200,0,4.0,10,0,1.5,bounded_out_of_subspace,529,weak,184024,completed,0.9318171660881249,4389.675452315781,retention_audit,7.734333790716932,0.7808608355301774
0,512,0.004275362318840579,10.143809083146504,1.0840754465099463,0,109800,"{'effective_n': 6000, 'trim_mode': 'mad'}",6000,1.30783107,20,0,3.0,1.0,sketch_mad,6000,336000,200,0,4.0,10,0,1.5,bounded_out_of_subspace,529,weak,184024,completed,0.9318233125359237,4587.748477332015,retention_audit,7.735936120398554,0.7810944806304786
5208512,512,0.0031099412836606602,9.194867105813502,1.1002265446729167,0,109800,"{'phase': 'estimating', 'ready': True, 'total_seen': 6000, 'epoch_index': 0, 'epoch_seen': 6000, 'calibration_count': 512, 'effective_n': 5488, 'serving_epoch': 0, 'serving_n': 5488, 'basis_rank': 20, 'parallel_radius': 8.429596977650158, 'residual_radius': 14.375569744415312, 'marginal_clipped_coordinates': 3072, 'parallel_clipped_rows': 0, 'residual_clipped_rows': 405, 'state_bytes': 100800, 'calibration_peak_state_bytes_bound': 5208512, 'epoch_history': []}",5488,0.664134715,20,3072,3.0,1.0,dual_bound,6000,336000,200,0,4.0,10,405,1.5,bounded_out_of_subspace,529,weak,100800,completed,0.9378854658960304,9034.311660699743,retention_audit,6.674523245533816,0.758930745229713
0,512,0.005110988809392772,10.578392850044528,1.05316282113022,0,109800,"{'effective_n': 6000, 'trim_mode': 'iqr'}",6000,1.31943805,20,0,3.0,1.0,sketch_iqr,6000,336000,200,0,4.0,10,0,1.5,in_subspace_leverage,529,weak,184024,completed,0.9023907644202609,4547.3904591428145,retention_audit,7.854056452799977,0.738682005744589
0,512,0.004505595303614016,10.57815142715866,1.0531315904844571,0,109800,"{'effective_n': 6000, 'trim_mode': 'mad'}",6000,1.185928128,20,0,3.0,1.0,sketch_mad,6000,336000,200,0,4.0,10,0,1.5,in_subspace_leverage,529,weak,184024,completed,0.9023690036028501,5059.328519442959,retention_audit,7.85547955486992,0.7389249106023095
5208512,512,0.0031099412836606602,9.624331912746593,1.0667097119218862,0,109800,"{'phase': 'estimating', 'ready': True, 'total_seen': 6000, 'epoch_index': 0, 'epoch_seen': 6000, 'calibration_count': 512, 'effective_n': 5488, 'serving_epoch': 0, 'serving_n': 5488, 'basis_rank': 20, 'parallel_radius': 8.429596977650158, 'residual_radius': 14.375569744415312, 'marginal_clipped_coordinates': 3072, 'parallel_clipped_rows': 0, 'residual_clipped_rows': 405, 'state_bytes': 100800, 'calibration_peak_state_bytes_bound': 5208512, 'epoch_history': []}",5488,0.727868699,20,3072,3.0,1.0,dual_bound,6000,336000,200,0,4.0,10,405,1.5,in_subspace_leverage,529,weak,100800,completed,0.9057886079245616,8243.24498119406,retention_audit,6.8305609353673615,0.726585268108505
0,512,0.004460649422124381,9.909194102724546,1.0545159562265214,0,109800,"{'effective_n': 6000, 'trim_mode': 'iqr'}",6000,1.266453804,20,0,3.0,0.9588706739526411,sketch_iqr,6000,336000,200,0,4.0,10,0,1.5,mixed,529,weak,184024,completed,0.9301178304405094,4737.638262879741,retention_audit,7.947656196630835,0.8249700492268152
0,512,0.004013025133003119,9.90632186337457,1.054517006658685,0,109800,"{'effective_n': 6000, 'trim_mode': 'mad'}",6000,1.167531882,20,0,3.0,0.9588251366120218,sketch_mad,6000,336000,200,0,4.0,10,0,1.5,mixed,529,weak,184024,completed,0.9300870294577307,5139.045958832326,retention_audit,7.946193947309441,0.825071043359074
5208512,512,0.0031099412836606602,8.663898992555998,1.0479221558848926,0,109800,"{'phase': 'estimating', 'ready': True, 'total_seen': 6000, 'epoch_index': 0, 'epoch_seen': 6000, 'calibration_count': 512, 'effective_n': 5488, 'serving_epoch': 0, 'serving_n': 5488, 'basis_rank': 20, 'parallel_radius': 8.429596977650158, 'residual_radius': 14.375569744415312, 'marginal_clipped_coordinates': 7580, 'parallel_clipped_rows': 0, 'residual_clipped_rows': 665, 'state_bytes': 100800, 'calibration_peak_state_bytes_bound': 5208512, 'epoch_history': []}",5488,0.669058955,20,7580,3.0,0.9589435336976321,dual_bound,6000,336000,200,0,4.0,10,665,1.5,mixed,529,weak,100800,completed,0.936054628081455,8967.819584747955,retention_audit,6.765105198907918,0.8268870882183076
